raceth,age_group_5yr,sex,statefip,n,weighted
White Non-Hispanic,0-4,NA,1,6197,628808
White Non-Hispanic,0-4,NA,2,540,77196
White Non-Hispanic,0-4,NA,4,4953,574520
White Non-Hispanic,0-4,NA,5,3990,422914
White Non-Hispanic,0-4,NA,6,17511,2020115
White Non-Hispanic,0-4,NA,8,6506,597237
White Non-Hispanic,0-4,NA,9,3828,337643
White Non-Hispanic,0-4,NA,10,778,93428
White Non-Hispanic,0-4,NA,11,599,45444
White Non-Hispanic,0-4,NA,12,14154,1749113
White Non-Hispanic,0-4,NA,13,10399,1001804
White Non-Hispanic,0-4,NA,15,361,41149
White Non-Hispanic,0-4,NA,16,3139,311842
White Non-Hispanic,0-4,NA,17,15095,1333324
White Non-Hispanic,0-4,NA,18,10450,1067870
White Non-Hispanic,0-4,NA,19,5541,539998
White Non-Hispanic,0-4,NA,20,4488,443121
White Non-Hispanic,0-4,NA,21,7276,780193
White Non-Hispanic,0-4,NA,22,4903,526794
White Non-Hispanic,0-4,NA,23,1791,207318
White Non-Hispanic,0-4,NA,24,5632,518338
White Non-Hispanic,0-4,NA,25,7589,712437
White Non-Hispanic,0-4,NA,26,13286,1361159
White Non-Hispanic,0-4,NA,27,9179,838041
White Non-Hispanic,0-4,NA,28,3067,327528
White Non-Hispanic,0-4,NA,29,9734,972233
White Non-Hispanic,0-4,NA,30,1514,170214
White Non-Hispanic,0-4,NA,31,3286,310297
White Non-Hispanic,0-4,NA,32,1855,188207
White Non-Hispanic,0-4,NA,33,1781,199718
White Non-Hispanic,0-4,NA,34,9023,848178
White Non-Hispanic,0-4,NA,35,802,94520
White Non-Hispanic,0-4,NA,36,20814,1873697
White Non-Hispanic,0-4,NA,37,11001,1136160
White Non-Hispanic,0-4,NA,38,1468,136982
White Non-Hispanic,0-4,NA,39,17581,1770071
White Non-Hispanic,0-4,NA,40,3631,453368
White Non-Hispanic,0-4,NA,41,4545,460626
White Non-Hispanic,0-4,NA,42,17821,1656974
White Non-Hispanic,0-4,NA,44,937,104253
White Non-Hispanic,0-4,NA,45,6093,597463
White Non-Hispanic,0-4,NA,46,1556,154265
White Non-Hispanic,0-4,NA,47,9718,994757
White Non-Hispanic,0-4,NA,48,21211,2190626
White Non-Hispanic,0-4,NA,49,6753,609099
White Non-Hispanic,0-4,NA,50,883,95155
White Non-Hispanic,0-4,NA,51,9401,944806
White Non-Hispanic,0-4,NA,53,8230,816446
White Non-Hispanic,0-4,NA,54,2531,301517
White Non-Hispanic,0-4,NA,55,9170,832193
White Non-Hispanic,0-4,NA,56,882,89509
White Non-Hispanic,5-9,NA,1,6758,674405
White Non-Hispanic,5-9,NA,2,634,93858
White Non-Hispanic,5-9,NA,4,6173,639309
White Non-Hispanic,5-9,NA,5,4588,473871
White Non-Hispanic,5-9,NA,6,19768,2160364
White Non-Hispanic,5-9,NA,8,7472,708661
White Non-Hispanic,5-9,NA,9,4022,397442
White Non-Hispanic,5-9,NA,10,892,100089
White Non-Hispanic,5-9,NA,11,399,34514
White Non-Hispanic,5-9,NA,12,16474,1887733
White Non-Hispanic,5-9,NA,13,11538,1113748
White Non-Hispanic,5-9,NA,15,453,52851
White Non-Hispanic,5-9,NA,16,3784,371117
White Non-Hispanic,5-9,NA,17,16787,1503989
White Non-Hispanic,5-9,NA,18,11836,1173985
White Non-Hispanic,5-9,NA,19,6200,600342
White Non-Hispanic,5-9,NA,20,4932,484056
White Non-Hispanic,5-9,NA,21,8282,844832
White Non-Hispanic,5-9,NA,22,5361,573228
White Non-Hispanic,5-9,NA,23,2058,238715
White Non-Hispanic,5-9,NA,24,6311,563883
White Non-Hispanic,5-9,NA,25,8143,812872
White Non-Hispanic,5-9,NA,26,15088,1490168
White Non-Hispanic,5-9,NA,27,10560,925459
White Non-Hispanic,5-9,NA,28,3303,348340
White Non-Hispanic,5-9,NA,29,11147,1070593
White Non-Hispanic,5-9,NA,30,1889,203834
White Non-Hispanic,5-9,NA,31,3681,343429
White Non-Hispanic,5-9,NA,32,2179,237998
White Non-Hispanic,5-9,NA,33,2002,217105
White Non-Hispanic,5-9,NA,34,9574,935878
White Non-Hispanic,5-9,NA,35,1026,116563
White Non-Hispanic,5-9,NA,36,22300,2003531
White Non-Hispanic,5-9,NA,37,12408,1246764
White Non-Hispanic,5-9,NA,38,1555,152621
White Non-Hispanic,5-9,NA,39,19121,1907687
White Non-Hispanic,5-9,NA,40,4433,531979
White Non-Hispanic,5-9,NA,41,5427,554982
White Non-Hispanic,5-9,NA,42,19665,1814230
White Non-Hispanic,5-9,NA,44,1083,120049
White Non-Hispanic,5-9,NA,45,6643,664292
White Non-Hispanic,5-9,NA,46,1746,168791
White Non-Hispanic,5-9,NA,47,10605,1064193
White Non-Hispanic,5-9,NA,48,24552,2526410
White Non-Hispanic,5-9,NA,49,7965,732072
White Non-Hispanic,5-9,NA,50,1051,105332
White Non-Hispanic,5-9,NA,51,10527,1031727
White Non-Hispanic,5-9,NA,53,9480,963072
White Non-Hispanic,5-9,NA,54,2924,326116
White Non-Hispanic,5-9,NA,55,10388,914361
White Non-Hispanic,5-9,NA,56,964,105283
White Non-Hispanic,10-14,NA,1,7435,749097
White Non-Hispanic,10-14,NA,2,683,99191
White Non-Hispanic,10-14,NA,4,6968,700775
White Non-Hispanic,10-14,NA,5,4757,500901
White Non-Hispanic,10-14,NA,6,21968,2361490
White Non-Hispanic,10-14,NA,8,8189,782588
White Non-Hispanic,10-14,NA,9,4306,421635
White Non-Hispanic,10-14,NA,10,992,111206
White Non-Hispanic,10-14,NA,11,298,24724
White Non-Hispanic,10-14,NA,12,18401,2096206
White Non-Hispanic,10-14,NA,13,12765,1242168
White Non-Hispanic,10-14,NA,15,414,43562
White Non-Hispanic,10-14,NA,16,4150,409873
White Non-Hispanic,10-14,NA,17,17654,1559216
White Non-Hispanic,10-14,NA,18,12468,1241617
White Non-Hispanic,10-14,NA,19,6345,630349
White Non-Hispanic,10-14,NA,20,5193,537378
White Non-Hispanic,10-14,NA,21,8717,888833
White Non-Hispanic,10-14,NA,22,5659,612841
White Non-Hispanic,10-14,NA,23,2302,249235
White Non-Hispanic,10-14,NA,24,6860,614756
White Non-Hispanic,10-14,NA,25,9138,901423
White Non-Hispanic,10-14,NA,26,16200,1620410
White Non-Hispanic,10-14,NA,27,11398,998418
White Non-Hispanic,10-14,NA,28,3682,395980
White Non-Hispanic,10-14,NA,29,11603,1120226
White Non-Hispanic,10-14,NA,30,1938,209518
White Non-Hispanic,10-14,NA,31,3858,371825
White Non-Hispanic,10-14,NA,32,2483,264177
White Non-Hispanic,10-14,NA,33,2258,251269
White Non-Hispanic,10-14,NA,34,10403,997705
White Non-Hispanic,10-14,NA,35,1095,126526
White Non-Hispanic,10-14,NA,36,23899,2146079
White Non-Hispanic,10-14,NA,37,13506,1325153
White Non-Hispanic,10-14,NA,38,1598,159805
White Non-Hispanic,10-14,NA,39,20596,2060993
White Non-Hispanic,10-14,NA,40,4874,572161
White Non-Hispanic,10-14,NA,41,6027,619805
White Non-Hispanic,10-14,NA,42,21130,1952348
White Non-Hispanic,10-14,NA,44,1169,124498
White Non-Hispanic,10-14,NA,45,7103,698436
White Non-Hispanic,10-14,NA,46,1811,179448
White Non-Hispanic,10-14,NA,47,11274,1129414
White Non-Hispanic,10-14,NA,48,26287,2645821
White Non-Hispanic,10-14,NA,49,8640,788759
White Non-Hispanic,10-14,NA,50,1170,124587
White Non-Hispanic,10-14,NA,51,11358,1125107
White Non-Hispanic,10-14,NA,53,10140,1003295
White Non-Hispanic,10-14,NA,54,3347,374402
White Non-Hispanic,10-14,NA,55,11494,1003748
White Non-Hispanic,10-14,NA,56,1134,118312
White Non-Hispanic,15-19,NA,1,8502,782826
White Non-Hispanic,15-19,NA,2,739,87138
White Non-Hispanic,15-19,NA,4,8147,769684
White Non-Hispanic,15-19,NA,5,5447,519743
White Non-Hispanic,15-19,NA,6,25821,2551089
White Non-Hispanic,15-19,NA,8,9433,827566
White Non-Hispanic,15-19,NA,9,5561,526939
White Non-Hispanic,15-19,NA,10,1114,125820
White Non-Hispanic,15-19,NA,11,705,42998
White Non-Hispanic,15-19,NA,12,21948,2142740
White Non-Hispanic,15-19,NA,13,14006,1307727
White Non-Hispanic,15-19,NA,15,521,43067
White Non-Hispanic,15-19,NA,16,4378,427302
White Non-Hispanic,15-19,NA,17,18799,1653494
White Non-Hispanic,15-19,NA,18,13741,1297998
White Non-Hispanic,15-19,NA,19,7454,686383
White Non-Hispanic,15-19,NA,20,5963,547166
White Non-Hispanic,15-19,NA,21,9724,911898
White Non-Hispanic,15-19,NA,22,5953,613096
White Non-Hispanic,15-19,NA,23,2846,269322
White Non-Hispanic,15-19,NA,24,7161,643287
White Non-Hispanic,15-19,NA,25,12330,1108186
White Non-Hispanic,15-19,NA,26,18320,1715299
White Non-Hispanic,15-19,NA,27,11686,1019747
White Non-Hispanic,15-19,NA,28,4437,423589
White Non-Hispanic,15-19,NA,29,12665,1175225
White Non-Hispanic,15-19,NA,30,1984,212608
White Non-Hispanic,15-19,NA,31,4002,380472
White Non-Hispanic,15-19,NA,32,2426,253120
White Non-Hispanic,15-19,NA,33,2834,278655
White Non-Hispanic,15-19,NA,34,11510,1064723
White Non-Hispanic,15-19,NA,35,1187,125875
White Non-Hispanic,15-19,NA,36,28472,2361387
White Non-Hispanic,15-19,NA,37,16338,1482095
White Non-Hispanic,15-19,NA,38,1758,166514
White Non-Hispanic,15-19,NA,39,23204,2152786
White Non-Hispanic,15-19,NA,40,5740,600697
White Non-Hispanic,15-19,NA,41,6537,625845
White Non-Hispanic,15-19,NA,42,25066,2234728
White Non-Hispanic,15-19,NA,44,1933,176071
White Non-Hispanic,15-19,NA,45,9005,773982
White Non-Hispanic,15-19,NA,46,1988,188398
White Non-Hispanic,15-19,NA,47,12594,1176372
White Non-Hispanic,15-19,NA,48,28751,2670482
White Non-Hispanic,15-19,NA,49,9570,807062
White Non-Hispanic,15-19,NA,50,1460,148934
White Non-Hispanic,15-19,NA,51,13296,1194861
White Non-Hispanic,15-19,NA,53,10765,996479
White Non-Hispanic,15-19,NA,54,3728,383896
White Non-Hispanic,15-19,NA,55,12200,1088184
White Non-Hispanic,15-19,NA,56,1170,120254
White Non-Hispanic,20-24,NA,1,7645,806504
White Non-Hispanic,20-24,NA,2,786,100848
White Non-Hispanic,20-24,NA,4,7173,818741
White Non-Hispanic,20-24,NA,5,4877,525488
White Non-Hispanic,20-24,NA,6,23685,2702464
White Non-Hispanic,20-24,NA,8,8144,889947
White Non-Hispanic,20-24,NA,9,4932,543015
White Non-Hispanic,20-24,NA,10,1098,119340
White Non-Hispanic,20-24,NA,11,1208,80517
White Non-Hispanic,20-24,NA,12,19136,2228698
White Non-Hispanic,20-24,NA,13,12840,1342843
White Non-Hispanic,20-24,NA,15,914,82580
White Non-Hispanic,20-24,NA,16,3495,400704
White Non-Hispanic,20-24,NA,17,16287,1687416
White Non-Hispanic,20-24,NA,18,12625,1364455
White Non-Hispanic,20-24,NA,19,6003,707012
White Non-Hispanic,20-24,NA,20,4840,569461
White Non-Hispanic,20-24,NA,21,8348,937558
White Non-Hispanic,20-24,NA,22,5590,617084
White Non-Hispanic,20-24,NA,23,2273,274482
White Non-Hispanic,20-24,NA,24,6120,644661
White Non-Hispanic,20-24,NA,25,12542,1209256
White Non-Hispanic,20-24,NA,26,15227,1839490
White Non-Hispanic,20-24,NA,27,8142,1008905
White Non-Hispanic,20-24,NA,28,3608,402465
White Non-Hispanic,20-24,NA,29,11072,1189911
White Non-Hispanic,20-24,NA,30,1625,245807
White Non-Hispanic,20-24,NA,31,3142,396788
White Non-Hispanic,20-24,NA,32,2266,249886
White Non-Hispanic,20-24,NA,33,2473,288088
White Non-Hispanic,20-24,NA,34,9975,1059601
White Non-Hispanic,20-24,NA,35,1239,138492
White Non-Hispanic,20-24,NA,36,25639,2510624
White Non-Hispanic,20-24,NA,37,15271,1598458
White Non-Hispanic,20-24,NA,38,1367,195877
White Non-Hispanic,20-24,NA,39,20924,2180817
White Non-Hispanic,20-24,NA,40,5122,620084
White Non-Hispanic,20-24,NA,41,5617,653339
White Non-Hispanic,20-24,NA,42,21754,2173829
White Non-Hispanic,20-24,NA,44,1765,187420
White Non-Hispanic,20-24,NA,45,7618,772511
White Non-Hispanic,20-24,NA,46,1461,177056
White Non-Hispanic,20-24,NA,47,11827,1239876
White Non-Hispanic,20-24,NA,48,24573,2735269
White Non-Hispanic,20-24,NA,49,8161,857829
White Non-Hispanic,20-24,NA,50,1049,149060
White Non-Hispanic,20-24,NA,51,12095,1249553
White Non-Hispanic,20-24,NA,53,9574,1077878
White Non-Hispanic,20-24,NA,54,3475,395141
White Non-Hispanic,20-24,NA,55,9291,1188727
White Non-Hispanic,20-24,NA,56,961,116991
White Non-Hispanic,25-29,NA,1,7274,768403
White Non-Hispanic,25-29,NA,2,814,118304
White Non-Hispanic,25-29,NA,4,7789,876878
White Non-Hispanic,25-29,NA,5,4687,501144
White Non-Hispanic,25-29,NA,6,27447,3054645
White Non-Hispanic,25-29,NA,8,10273,1112702
White Non-Hispanic,25-29,NA,9,4717,495675
White Non-Hispanic,25-29,NA,10,1057,123603
White Non-Hispanic,25-29,NA,11,1649,137748
White Non-Hispanic,25-29,NA,12,20417,2405093
White Non-Hispanic,25-29,NA,13,13323,1326079
White Non-Hispanic,25-29,NA,15,736,76022
White Non-Hispanic,25-29,NA,16,3335,371935
White Non-Hispanic,25-29,NA,17,18083,1751703
White Non-Hispanic,25-29,NA,18,12321,1270073
White Non-Hispanic,25-29,NA,19,5765,623164
White Non-Hispanic,25-29,NA,20,4632,512574
White Non-Hispanic,25-29,NA,21,8440,924448
White Non-Hispanic,25-29,NA,22,5641,606397
White Non-Hispanic,25-29,NA,23,2127,286538
White Non-Hispanic,25-29,NA,24,6872,667818
White Non-Hispanic,25-29,NA,25,12085,1203900
White Non-Hispanic,25-29,NA,26,16319,1773328
White Non-Hispanic,25-29,NA,27,8883,1032940
White Non-Hispanic,25-29,NA,28,3423,362892
White Non-Hispanic,25-29,NA,29,11068,1163110
White Non-Hispanic,25-29,NA,30,1739,229473
White Non-Hispanic,25-29,NA,31,3418,362224
White Non-Hispanic,25-29,NA,32,2803,323259
White Non-Hispanic,25-29,NA,33,2318,291095
White Non-Hispanic,25-29,NA,34,10473,1084104
White Non-Hispanic,25-29,NA,35,1265,157903
White Non-Hispanic,25-29,NA,36,26844,2681965
White Non-Hispanic,25-29,NA,37,14928,1589048
White Non-Hispanic,25-29,NA,38,1349,175258
White Non-Hispanic,25-29,NA,39,20715,2194597
White Non-Hispanic,25-29,NA,40,4877,601991
White Non-Hispanic,25-29,NA,41,6644,735177
White Non-Hispanic,25-29,NA,42,21029,2169985
White Non-Hispanic,25-29,NA,44,1647,177162
White Non-Hispanic,25-29,NA,45,7440,766827
White Non-Hispanic,25-29,NA,46,1468,170314
White Non-Hispanic,25-29,NA,47,12193,1310639
White Non-Hispanic,25-29,NA,48,27113,2940296
White Non-Hispanic,25-29,NA,49,7373,759958
White Non-Hispanic,25-29,NA,50,999,133384
White Non-Hispanic,25-29,NA,51,12068,1249639
White Non-Hispanic,25-29,NA,53,11041,1259917
White Non-Hispanic,25-29,NA,54,3122,360017
White Non-Hispanic,25-29,NA,55,9343,1083318
White Non-Hispanic,25-29,NA,56,920,110666
White Non-Hispanic,30-34,NA,1,7864,806401
White Non-Hispanic,30-34,NA,2,981,132950
White Non-Hispanic,30-34,NA,4,8837,928566
White Non-Hispanic,30-34,NA,5,5275,542090
White Non-Hispanic,30-34,NA,6,34291,3634519
White Non-Hispanic,30-34,NA,8,12275,1222443
White Non-Hispanic,30-34,NA,9,5641,506804
White Non-Hispanic,30-34,NA,10,1362,149241
White Non-Hispanic,30-34,NA,11,1705,138161
White Non-Hispanic,30-34,NA,12,23269,2624395
White Non-Hispanic,30-34,NA,13,14742,1387266
White Non-Hispanic,30-34,NA,15,774,82513
White Non-Hispanic,30-34,NA,16,3650,388099
White Non-Hispanic,30-34,NA,17,20764,1881629
White Non-Hispanic,30-34,NA,18,13430,1323722
White Non-Hispanic,30-34,NA,19,6358,626604
White Non-Hispanic,30-34,NA,20,5294,521159
White Non-Hispanic,30-34,NA,21,9124,949091
White Non-Hispanic,30-34,NA,22,6348,676780
White Non-Hispanic,30-34,NA,23,2636,315356
White Non-Hispanic,30-34,NA,24,8270,745762
White Non-Hispanic,30-34,NA,25,13183,1231211
White Non-Hispanic,30-34,NA,26,18183,1850835
White Non-Hispanic,30-34,NA,27,10926,1084882
White Non-Hispanic,30-34,NA,28,3777,388558
White Non-Hispanic,30-34,NA,29,12177,1225862
White Non-Hispanic,30-34,NA,30,2126,241223
White Non-Hispanic,30-34,NA,31,3870,364287
White Non-Hispanic,30-34,NA,32,3530,379273
White Non-Hispanic,30-34,NA,33,2811,314037
White Non-Hispanic,30-34,NA,34,12311,1132733
White Non-Hispanic,30-34,NA,35,1559,175705
White Non-Hispanic,30-34,NA,36,30453,2779948
White Non-Hispanic,30-34,NA,37,16656,1693910
White Non-Hispanic,30-34,NA,38,1619,171636
White Non-Hispanic,30-34,NA,39,22854,2306571
White Non-Hispanic,30-34,NA,40,5452,654096
White Non-Hispanic,30-34,NA,41,8116,849059
White Non-Hispanic,30-34,NA,42,24009,2392643
White Non-Hispanic,30-34,NA,44,1823,199998
White Non-Hispanic,30-34,NA,45,8190,831780
White Non-Hispanic,30-34,NA,46,1618,173202
White Non-Hispanic,30-34,NA,47,13227,1361342
White Non-Hispanic,30-34,NA,48,31052,3179289
White Non-Hispanic,30-34,NA,49,7113,706141
White Non-Hispanic,30-34,NA,50,1297,141352
White Non-Hispanic,30-34,NA,51,13457,1328670
White Non-Hispanic,30-34,NA,53,13754,1460479
White Non-Hispanic,30-34,NA,54,3330,375141
White Non-Hispanic,30-34,NA,55,11116,1106376
White Non-Hispanic,30-34,NA,56,1066,120536
White Non-Hispanic,35-39,NA,1,7818,785511
White Non-Hispanic,35-39,NA,2,1005,142309
White Non-Hispanic,35-39,NA,4,8859,911643
White Non-Hispanic,35-39,NA,5,5027,532869
White Non-Hispanic,35-39,NA,6,35746,3645291
White Non-Hispanic,35-39,NA,8,12046,1170042
White Non-Hispanic,35-39,NA,9,5936,546170
White Non-Hispanic,35-39,NA,10,1295,145893
White Non-Hispanic,35-39,NA,11,1457,117729
White Non-Hispanic,35-39,NA,12,24049,2536282
White Non-Hispanic,35-39,NA,13,14586,1395581
White Non-Hispanic,35-39,NA,15,778,89526
White Non-Hispanic,35-39,NA,16,3730,389805
White Non-Hispanic,35-39,NA,17,21526,1984972
White Non-Hispanic,35-39,NA,18,13208,1301591
White Non-Hispanic,35-39,NA,19,6486,662551
White Non-Hispanic,35-39,NA,20,5513,563030
White Non-Hispanic,35-39,NA,21,8911,925231
White Non-Hispanic,35-39,NA,22,6809,698754
White Non-Hispanic,35-39,NA,23,2730,310616
White Non-Hispanic,35-39,NA,24,8846,794620
White Non-Hispanic,35-39,NA,25,12498,1219441
White Non-Hispanic,35-39,NA,26,18076,1791652
White Non-Hispanic,35-39,NA,27,11874,1171042
White Non-Hispanic,35-39,NA,28,3832,398019
White Non-Hispanic,35-39,NA,29,12414,1267628
White Non-Hispanic,35-39,NA,30,2204,252045
White Non-Hispanic,35-39,NA,31,3807,392329
White Non-Hispanic,35-39,NA,32,3636,386390
White Non-Hispanic,35-39,NA,33,2824,313501
White Non-Hispanic,35-39,NA,34,12623,1151145
White Non-Hispanic,35-39,NA,35,1601,181835
White Non-Hispanic,35-39,NA,36,29782,2672436
White Non-Hispanic,35-39,NA,37,16276,1629827
White Non-Hispanic,35-39,NA,38,1688,176353
White Non-Hispanic,35-39,NA,39,22550,2248167
White Non-Hispanic,35-39,NA,40,5833,680189
White Non-Hispanic,35-39,NA,41,8465,852740
White Non-Hispanic,35-39,NA,42,24336,2393549
White Non-Hispanic,35-39,NA,44,1734,184979
White Non-Hispanic,35-39,NA,45,8092,810244
White Non-Hispanic,35-39,NA,46,1765,184560
White Non-Hispanic,35-39,NA,47,12736,1301431
White Non-Hispanic,35-39,NA,48,33191,3291625
White Non-Hispanic,35-39,NA,49,7049,699729
White Non-Hispanic,35-39,NA,50,1414,153709
White Non-Hispanic,35-39,NA,51,14015,1374857
White Non-Hispanic,35-39,NA,53,14224,1438920
White Non-Hispanic,35-39,NA,54,3377,369461
White Non-Hispanic,35-39,NA,55,11928,1173631
White Non-Hispanic,35-39,NA,56,1212,136106
White Non-Hispanic,40-44,NA,1,7972,814886
White Non-Hispanic,40-44,NA,2,908,119245
White Non-Hispanic,40-44,NA,4,8886,898389
White Non-Hispanic,40-44,NA,5,5266,549040
White Non-Hispanic,40-44,NA,6,34080,3443494
White Non-Hispanic,40-44,NA,8,11408,1096400
White Non-Hispanic,40-44,NA,9,5443,513081
White Non-Hispanic,40-44,NA,10,1235,131316
White Non-Hispanic,40-44,NA,11,1034,82918
White Non-Hispanic,40-44,NA,12,24185,2546374
White Non-Hispanic,40-44,NA,13,14458,1378302
White Non-Hispanic,40-44,NA,15,789,87614
White Non-Hispanic,40-44,NA,16,3962,431316
White Non-Hispanic,40-44,NA,17,20967,1861181
White Non-Hispanic,40-44,NA,18,13132,1313107
White Non-Hispanic,40-44,NA,19,6576,671448
White Non-Hispanic,40-44,NA,20,5379,560286
White Non-Hispanic,40-44,NA,21,9225,953615
White Non-Hispanic,40-44,NA,22,6558,692294
White Non-Hispanic,40-44,NA,23,2737,310672
White Non-Hispanic,40-44,NA,24,8164,717306
White Non-Hispanic,40-44,NA,25,11620,1122351
White Non-Hispanic,40-44,NA,26,17812,1773702
White Non-Hispanic,40-44,NA,27,12095,1164416
White Non-Hispanic,40-44,NA,28,3936,413820
White Non-Hispanic,40-44,NA,29,12111,1228847
White Non-Hispanic,40-44,NA,30,2138,246198
White Non-Hispanic,40-44,NA,31,3826,401204
White Non-Hispanic,40-44,NA,32,3558,381109
White Non-Hispanic,40-44,NA,33,2574,282168
White Non-Hispanic,40-44,NA,34,12052,1115814
White Non-Hispanic,40-44,NA,35,1629,182392
White Non-Hispanic,40-44,NA,36,28044,2486801
White Non-Hispanic,40-44,NA,37,16049,1610899
White Non-Hispanic,40-44,NA,38,1556,164417
White Non-Hispanic,40-44,NA,39,22552,2239079
White Non-Hispanic,40-44,NA,40,5925,667302
White Non-Hispanic,40-44,NA,41,8623,865475
White Non-Hispanic,40-44,NA,42,23831,2290845
White Non-Hispanic,40-44,NA,44,1648,181138
White Non-Hispanic,40-44,NA,45,8108,819654
White Non-Hispanic,40-44,NA,46,1741,188247
White Non-Hispanic,40-44,NA,47,12786,1291179
White Non-Hispanic,40-44,NA,48,32562,3179430
White Non-Hispanic,40-44,NA,49,7498,721081
White Non-Hispanic,40-44,NA,50,1333,135892
White Non-Hispanic,40-44,NA,51,13618,1321597
White Non-Hispanic,40-44,NA,53,13978,1379247
White Non-Hispanic,40-44,NA,54,3671,407867
White Non-Hispanic,40-44,NA,55,12099,1167931
White Non-Hispanic,40-44,NA,56,1187,127714
White Non-Hispanic,45-49,NA,1,8087,768314
White Non-Hispanic,45-49,NA,2,815,103624
White Non-Hispanic,45-49,NA,4,8686,850471
White Non-Hispanic,45-49,NA,5,5039,502826
White Non-Hispanic,45-49,NA,6,31312,3087181
White Non-Hispanic,45-49,NA,8,10209,947894
White Non-Hispanic,45-49,NA,9,5378,501541
White Non-Hispanic,45-49,NA,10,1121,122517
White Non-Hispanic,45-49,NA,11,660,55854
White Non-Hispanic,45-49,NA,12,23467,2380084
White Non-Hispanic,45-49,NA,13,14364,1314009
White Non-Hispanic,45-49,NA,15,695,67329
White Non-Hispanic,45-49,NA,16,3542,362493
White Non-Hispanic,45-49,NA,17,19667,1752093
White Non-Hispanic,45-49,NA,18,12108,1219165
White Non-Hispanic,45-49,NA,19,5956,599282
White Non-Hispanic,45-49,NA,20,4858,480462
White Non-Hispanic,45-49,NA,21,8920,903709
White Non-Hispanic,45-49,NA,22,6047,599920
White Non-Hispanic,45-49,NA,23,2659,286686
White Non-Hispanic,45-49,NA,24,7457,657056
White Non-Hispanic,45-49,NA,25,11260,1070646
White Non-Hispanic,45-49,NA,26,16827,1659183
White Non-Hispanic,45-49,NA,27,10948,1012159
White Non-Hispanic,45-49,NA,28,3841,381921
White Non-Hispanic,45-49,NA,29,11055,1102635
White Non-Hispanic,45-49,NA,30,1915,213366
White Non-Hispanic,45-49,NA,31,3534,341037
White Non-Hispanic,45-49,NA,32,3429,346093
White Non-Hispanic,45-49,NA,33,2506,273713
White Non-Hispanic,45-49,NA,34,11905,1093008
White Non-Hispanic,45-49,NA,35,1473,160245
White Non-Hispanic,45-49,NA,36,26287,2321438
White Non-Hispanic,45-49,NA,37,15870,1558836
White Non-Hispanic,45-49,NA,38,1437,132923
White Non-Hispanic,45-49,NA,39,21487,2092852
White Non-Hispanic,45-49,NA,40,5492,598582
White Non-Hispanic,45-49,NA,41,7558,763037
White Non-Hispanic,45-49,NA,42,23104,2142458
White Non-Hispanic,45-49,NA,44,1598,164089
White Non-Hispanic,45-49,NA,45,8046,766192
White Non-Hispanic,45-49,NA,46,1672,160232
White Non-Hispanic,45-49,NA,47,12645,1228956
White Non-Hispanic,45-49,NA,48,30366,2857413
White Non-Hispanic,45-49,NA,49,6767,631396
White Non-Hispanic,45-49,NA,50,1297,131439
White Non-Hispanic,45-49,NA,51,12747,1192550
White Non-Hispanic,45-49,NA,53,12192,1196586
White Non-Hispanic,45-49,NA,54,3664,386951
White Non-Hispanic,45-49,NA,55,11408,1071219
White Non-Hispanic,45-49,NA,56,1025,110055
White Non-Hispanic,50-54,NA,1,9080,862280
White Non-Hispanic,50-54,NA,2,858,104961
White Non-Hispanic,50-54,NA,4,10204,974598
White Non-Hispanic,50-54,NA,5,5850,543111
White Non-Hispanic,50-54,NA,6,36430,3500777
White Non-Hispanic,50-54,NA,8,10853,979732
White Non-Hispanic,50-54,NA,9,6837,625196
White Non-Hispanic,50-54,NA,10,1471,147243
White Non-Hispanic,50-54,NA,11,623,48058
White Non-Hispanic,50-54,NA,12,29934,2870381
White Non-Hispanic,50-54,NA,13,17027,1499593
White Non-Hispanic,50-54,NA,15,740,69742
White Non-Hispanic,50-54,NA,16,3583,359920
White Non-Hispanic,50-54,NA,17,22236,1925799
White Non-Hispanic,50-54,NA,18,13933,1326498
White Non-Hispanic,50-54,NA,19,6645,631258
White Non-Hispanic,50-54,NA,20,5319,500306
White Non-Hispanic,50-54,NA,21,10160,965889
White Non-Hispanic,50-54,NA,22,6796,648459
White Non-Hispanic,50-54,NA,23,3301,334218
White Non-Hispanic,50-54,NA,24,8892,763165
White Non-Hispanic,50-54,NA,25,13704,1285794
White Non-Hispanic,50-54,NA,26,20319,1906082
White Non-Hispanic,50-54,NA,27,11955,1086244
White Non-Hispanic,50-54,NA,28,4440,416194
White Non-Hispanic,50-54,NA,29,12550,1174257
White Non-Hispanic,50-54,NA,30,1999,215196
White Non-Hispanic,50-54,NA,31,3732,341417
White Non-Hispanic,50-54,NA,32,4023,397467
White Non-Hispanic,50-54,NA,33,3271,334067
White Non-Hispanic,50-54,NA,34,14543,1303855
White Non-Hispanic,50-54,NA,35,1717,176028
White Non-Hispanic,50-54,NA,36,31561,2698122
White Non-Hispanic,50-54,NA,37,19124,1796012
White Non-Hispanic,50-54,NA,38,1434,131393
White Non-Hispanic,50-54,NA,39,24901,2336538
White Non-Hispanic,50-54,NA,40,6049,625409
White Non-Hispanic,50-54,NA,41,8151,789389
White Non-Hispanic,50-54,NA,42,27629,2483580
White Non-Hispanic,50-54,NA,44,1945,201095
White Non-Hispanic,50-54,NA,45,9575,874228
White Non-Hispanic,50-54,NA,46,1612,162673
White Non-Hispanic,50-54,NA,47,14325,1360933
White Non-Hispanic,50-54,NA,48,34695,3083218
White Non-Hispanic,50-54,NA,49,5884,540768
White Non-Hispanic,50-54,NA,50,1513,149598
White Non-Hispanic,50-54,NA,51,14753,1339100
White Non-Hispanic,50-54,NA,53,13610,1293298
White Non-Hispanic,50-54,NA,54,4211,424645
White Non-Hispanic,50-54,NA,55,13383,1190291
White Non-Hispanic,50-54,NA,56,1074,106077
White Non-Hispanic,55-59,NA,1,10211,875419
White Non-Hispanic,55-59,NA,2,883,107715
White Non-Hispanic,55-59,NA,4,11615,1016838
White Non-Hispanic,55-59,NA,5,6279,542451
White Non-Hispanic,55-59,NA,6,42179,3791324
White Non-Hispanic,55-59,NA,8,11076,941176
White Non-Hispanic,55-59,NA,9,8162,711397
White Non-Hispanic,55-59,NA,10,1891,168894
White Non-Hispanic,55-59,NA,11,558,41634
White Non-Hispanic,55-59,NA,12,36385,3213259
White Non-Hispanic,55-59,NA,13,18219,1491648
White Non-Hispanic,55-59,NA,15,878,77554
White Non-Hispanic,55-59,NA,16,3880,365068
White Non-Hispanic,55-59,NA,17,25564,2069871
White Non-Hispanic,55-59,NA,18,15688,1357976
White Non-Hispanic,55-59,NA,19,7682,661474
White Non-Hispanic,55-59,NA,20,6146,526290
White Non-Hispanic,55-59,NA,21,11181,1000482
White Non-Hispanic,55-59,NA,22,7740,660896
White Non-Hispanic,55-59,NA,23,4029,371748
White Non-Hispanic,55-59,NA,24,10482,855712
White Non-Hispanic,55-59,NA,25,15986,1417868
White Non-Hispanic,55-59,NA,26,23985,2054386
White Non-Hispanic,55-59,NA,27,14437,1180499
White Non-Hispanic,55-59,NA,28,4875,409047
White Non-Hispanic,55-59,NA,29,14107,1232053
White Non-Hispanic,55-59,NA,30,2436,232599
White Non-Hispanic,55-59,NA,31,4192,355327
White Non-Hispanic,55-59,NA,32,4564,413096
White Non-Hispanic,55-59,NA,33,4012,368379
White Non-Hispanic,55-59,NA,34,17297,1460513
White Non-Hispanic,55-59,NA,35,2167,192595
White Non-Hispanic,55-59,NA,36,37114,2927725
White Non-Hispanic,55-59,NA,37,20890,1804896
White Non-Hispanic,55-59,NA,38,1858,143552
White Non-Hispanic,55-59,NA,39,27330,2401716
White Non-Hispanic,55-59,NA,40,6594,622662
White Non-Hispanic,55-59,NA,41,8600,776952
White Non-Hispanic,55-59,NA,42,32104,2707349
White Non-Hispanic,55-59,NA,44,2460,230322
White Non-Hispanic,55-59,NA,45,10531,902763
White Non-Hispanic,55-59,NA,46,2005,181142
White Non-Hispanic,55-59,NA,47,15813,1394338
White Non-Hispanic,55-59,NA,48,38124,3059455
White Non-Hispanic,55-59,NA,49,5795,488228
White Non-Hispanic,55-59,NA,50,1765,157147
White Non-Hispanic,55-59,NA,51,16891,1415451
White Non-Hispanic,55-59,NA,53,14835,1313114
White Non-Hispanic,55-59,NA,54,4442,420010
White Non-Hispanic,55-59,NA,55,16550,1331175
White Non-Hispanic,55-59,NA,56,1253,118960
White Non-Hispanic,60-64,NA,1,11660,962374
White Non-Hispanic,60-64,NA,2,1059,128362
White Non-Hispanic,60-64,NA,4,14746,1249293
White Non-Hispanic,60-64,NA,5,7409,625180
White Non-Hispanic,60-64,NA,6,49868,4251403
White Non-Hispanic,60-64,NA,8,13397,1111300
White Non-Hispanic,60-64,NA,9,9340,790862
White Non-Hispanic,60-64,NA,10,2709,220458
White Non-Hispanic,60-64,NA,11,532,38017
White Non-Hispanic,60-64,NA,12,45723,3860734
White Non-Hispanic,60-64,NA,13,19885,1578094
White Non-Hispanic,60-64,NA,15,1016,87529
White Non-Hispanic,60-64,NA,16,4624,416726
White Non-Hispanic,60-64,NA,17,29396,2266554
White Non-Hispanic,60-64,NA,18,18132,1507552
White Non-Hispanic,60-64,NA,19,9708,791712
White Non-Hispanic,60-64,NA,20,7805,630902
White Non-Hispanic,60-64,NA,21,12370,1052011
White Non-Hispanic,60-64,NA,22,9229,783461
White Non-Hispanic,60-64,NA,23,4895,420812
White Non-Hispanic,60-64,NA,24,11682,921172
White Non-Hispanic,60-64,NA,25,17914,1539041
White Non-Hispanic,60-64,NA,26,28736,2310385
White Non-Hispanic,60-64,NA,27,17708,1373510
White Non-Hispanic,60-64,NA,28,5974,487669
White Non-Hispanic,60-64,NA,29,16823,1427260
White Non-Hispanic,60-64,NA,30,3211,282572
White Non-Hispanic,60-64,NA,31,5514,439494
White Non-Hispanic,60-64,NA,32,5564,479785
White Non-Hispanic,60-64,NA,33,4859,429600
White Non-Hispanic,60-64,NA,34,19643,1592887
White Non-Hispanic,60-64,NA,35,3131,270930
White Non-Hispanic,60-64,NA,36,42747,3270551
White Non-Hispanic,60-64,NA,37,24040,1982660
White Non-Hispanic,60-64,NA,38,2336,175530
White Non-Hispanic,60-64,NA,39,32012,2715421
White Non-Hispanic,60-64,NA,40,8034,761240
White Non-Hispanic,60-64,NA,41,10267,884662
White Non-Hispanic,60-64,NA,42,37666,3029923
White Non-Hispanic,60-64,NA,44,2839,252706
White Non-Hispanic,60-64,NA,45,12516,1027118
White Non-Hispanic,60-64,NA,46,2496,226389
White Non-Hispanic,60-64,NA,47,17535,1462940
White Non-Hispanic,60-64,NA,48,45792,3501720
White Non-Hispanic,60-64,NA,49,6360,520283
White Non-Hispanic,60-64,NA,50,2292,194371
White Non-Hispanic,60-64,NA,51,18306,1492993
White Non-Hispanic,60-64,NA,53,17477,1492521
White Non-Hispanic,60-64,NA,54,5270,472802
White Non-Hispanic,60-64,NA,55,19737,1521758
White Non-Hispanic,60-64,NA,56,1603,135184
White Non-Hispanic,65-69,NA,1,11767,856705
White Non-Hispanic,65-69,NA,2,1103,113060
White Non-Hispanic,65-69,NA,4,16300,1226261
White Non-Hispanic,65-69,NA,5,7384,554427
White Non-Hispanic,65-69,NA,6,50692,3886559
White Non-Hispanic,65-69,NA,8,13461,1004111
White Non-Hispanic,65-69,NA,9,8996,677196
White Non-Hispanic,65-69,NA,10,2970,210369
White Non-Hispanic,65-69,NA,11,513,35034
White Non-Hispanic,65-69,NA,12,48322,3730658
White Non-Hispanic,65-69,NA,13,19448,1375793
White Non-Hispanic,65-69,NA,15,1192,95955
White Non-Hispanic,65-69,NA,16,4777,390367
White Non-Hispanic,65-69,NA,17,28199,2031343
White Non-Hispanic,65-69,NA,18,17361,1317694
White Non-Hispanic,65-69,NA,19,9397,696042
White Non-Hispanic,65-69,NA,20,7948,572487
White Non-Hispanic,65-69,NA,21,12351,948332
White Non-Hispanic,65-69,NA,22,9284,683511
White Non-Hispanic,65-69,NA,23,5249,388532
White Non-Hispanic,65-69,NA,24,11308,799270
White Non-Hispanic,65-69,NA,25,17295,1357680
White Non-Hispanic,65-69,NA,26,28206,2067841
White Non-Hispanic,65-69,NA,27,17025,1171892
White Non-Hispanic,65-69,NA,28,5808,422196
White Non-Hispanic,65-69,NA,29,16337,1246061
White Non-Hispanic,65-69,NA,30,3484,272733
White Non-Hispanic,65-69,NA,31,5247,389067
White Non-Hispanic,65-69,NA,32,5701,444689
White Non-Hispanic,65-69,NA,33,4725,359575
White Non-Hispanic,65-69,NA,34,18976,1402635
White Non-Hispanic,65-69,NA,35,3437,275731
White Non-Hispanic,65-69,NA,36,41325,2843617
White Non-Hispanic,65-69,NA,37,24434,1774795
White Non-Hispanic,65-69,NA,38,2348,160080
White Non-Hispanic,65-69,NA,39,31718,2432885
White Non-Hispanic,65-69,NA,40,7564,666661
White Non-Hispanic,65-69,NA,41,11193,874283
White Non-Hispanic,65-69,NA,42,37735,2782266
White Non-Hispanic,65-69,NA,44,2942,230769
White Non-Hispanic,65-69,NA,45,12599,946122
White Non-Hispanic,65-69,NA,46,2611,202789
White Non-Hispanic,65-69,NA,47,17250,1298585
White Non-Hispanic,65-69,NA,48,45509,3094120
White Non-Hispanic,65-69,NA,49,6314,476475
White Non-Hispanic,65-69,NA,50,2367,180050
White Non-Hispanic,65-69,NA,51,17363,1317607
White Non-Hispanic,65-69,NA,53,17951,1383753
White Non-Hispanic,65-69,NA,54,5464,444740
White Non-Hispanic,65-69,NA,55,18767,1346355
White Non-Hispanic,65-69,NA,56,1712,136530
White Non-Hispanic,70-74,NA,1,10239,741440
White Non-Hispanic,70-74,NA,2,889,87261
White Non-Hispanic,70-74,NA,4,15686,1164319
White Non-Hispanic,70-74,NA,5,6517,483601
White Non-Hispanic,70-74,NA,6,46607,3499822
White Non-Hispanic,70-74,NA,8,11548,850026
White Non-Hispanic,70-74,NA,9,7733,571634
White Non-Hispanic,70-74,NA,10,2731,183827
White Non-Hispanic,70-74,NA,11,478,31938
White Non-Hispanic,70-74,NA,12,46216,3509505
White Non-Hispanic,70-74,NA,13,17243,1194215
White Non-Hispanic,70-74,NA,15,1195,92913
White Non-Hispanic,70-74,NA,16,4260,344511
White Non-Hispanic,70-74,NA,17,23859,1697771
White Non-Hispanic,70-74,NA,18,14908,1116152
White Non-Hispanic,70-74,NA,19,8097,597381
White Non-Hispanic,70-74,NA,20,6511,471681
White Non-Hispanic,70-74,NA,21,10630,790880
White Non-Hispanic,70-74,NA,22,8238,585373
White Non-Hispanic,70-74,NA,23,4539,336877
White Non-Hispanic,70-74,NA,24,9813,681186
White Non-Hispanic,70-74,NA,25,14713,1122870
White Non-Hispanic,70-74,NA,26,24146,1754080
White Non-Hispanic,70-74,NA,27,14295,1005381
White Non-Hispanic,70-74,NA,28,5306,374985
White Non-Hispanic,70-74,NA,29,13824,1040833
White Non-Hispanic,70-74,NA,30,3032,243206
White Non-Hispanic,70-74,NA,31,4575,330564
White Non-Hispanic,70-74,NA,32,5571,411578
White Non-Hispanic,70-74,NA,33,3968,300164
White Non-Hispanic,70-74,NA,34,15589,1136168
White Non-Hispanic,70-74,NA,35,3409,267247
White Non-Hispanic,70-74,NA,36,36749,2528859
White Non-Hispanic,70-74,NA,37,21802,1555844
White Non-Hispanic,70-74,NA,38,1941,130100
White Non-Hispanic,70-74,NA,39,26907,2040660
White Non-Hispanic,70-74,NA,40,6595,572660
White Non-Hispanic,70-74,NA,41,10922,838407
White Non-Hispanic,70-74,NA,42,32027,2342078
White Non-Hispanic,70-74,NA,44,2427,184070
White Non-Hispanic,70-74,NA,45,11606,863172
White Non-Hispanic,70-74,NA,46,2277,174171
White Non-Hispanic,70-74,NA,47,15269,1127401
White Non-Hispanic,70-74,NA,48,39365,2646990
White Non-Hispanic,70-74,NA,49,5447,399134
White Non-Hispanic,70-74,NA,50,1955,144131
White Non-Hispanic,70-74,NA,51,15240,1150574
White Non-Hispanic,70-74,NA,53,16157,1205907
White Non-Hispanic,70-74,NA,54,5054,402160
White Non-Hispanic,70-74,NA,55,15675,1111740
White Non-Hispanic,70-74,NA,56,1420,113470
White Non-Hispanic,75-79,NA,1,8113,555714
White Non-Hispanic,75-79,NA,2,559,55021
White Non-Hispanic,75-79,NA,4,12841,974909
White Non-Hispanic,75-79,NA,5,5063,361936
White Non-Hispanic,75-79,NA,6,36563,2601926
White Non-Hispanic,75-79,NA,8,8263,572991
White Non-Hispanic,75-79,NA,9,5964,417202
White Non-Hispanic,75-79,NA,10,1999,125895
White Non-Hispanic,75-79,NA,11,379,28757
White Non-Hispanic,75-79,NA,12,37727,3005234
White Non-Hispanic,75-79,NA,13,13260,883724
White Non-Hispanic,75-79,NA,15,866,69673
White Non-Hispanic,75-79,NA,16,3160,233898
White Non-Hispanic,75-79,NA,17,17041,1182208
White Non-Hispanic,75-79,NA,18,10473,766536
White Non-Hispanic,75-79,NA,19,5787,408517
White Non-Hispanic,75-79,NA,20,4773,327410
White Non-Hispanic,75-79,NA,21,7579,540876
White Non-Hispanic,75-79,NA,22,6114,407895
White Non-Hispanic,75-79,NA,23,3344,233039
White Non-Hispanic,75-79,NA,24,7530,512256
White Non-Hispanic,75-79,NA,25,10976,805731
White Non-Hispanic,75-79,NA,26,16823,1152015
White Non-Hispanic,75-79,NA,27,9717,673859
White Non-Hispanic,75-79,NA,28,4091,275842
White Non-Hispanic,75-79,NA,29,10278,734185
White Non-Hispanic,75-79,NA,30,2141,159130
White Non-Hispanic,75-79,NA,31,3190,224857
White Non-Hispanic,75-79,NA,32,4291,307837
White Non-Hispanic,75-79,NA,33,2732,200801
White Non-Hispanic,75-79,NA,34,11927,865831
White Non-Hispanic,75-79,NA,35,2357,189440
White Non-Hispanic,75-79,NA,36,27080,1819101
White Non-Hispanic,75-79,NA,37,16862,1142524
White Non-Hispanic,75-79,NA,38,1316,88529
White Non-Hispanic,75-79,NA,39,18938,1377879
White Non-Hispanic,75-79,NA,40,5131,418083
White Non-Hispanic,75-79,NA,41,7802,554955
White Non-Hispanic,75-79,NA,42,23416,1645828
White Non-Hispanic,75-79,NA,44,1846,134101
White Non-Hispanic,75-79,NA,45,8935,629602
White Non-Hispanic,75-79,NA,46,1403,105594
White Non-Hispanic,75-79,NA,47,11590,808060
White Non-Hispanic,75-79,NA,48,29964,1888609
White Non-Hispanic,75-79,NA,49,3808,269634
White Non-Hispanic,75-79,NA,50,1417,96086
White Non-Hispanic,75-79,NA,51,11892,869809
White Non-Hispanic,75-79,NA,53,11965,835962
White Non-Hispanic,75-79,NA,54,3503,273218
White Non-Hispanic,75-79,NA,55,10690,738574
White Non-Hispanic,75-79,NA,56,969,69103
White Non-Hispanic,80+,NA,1,9392,619465
White Non-Hispanic,80+,NA,2,523,46124
White Non-Hispanic,80+,NA,4,14006,1013501
White Non-Hispanic,80+,NA,5,6031,420919
White Non-Hispanic,80+,NA,6,45766,3224159
White Non-Hispanic,80+,NA,8,9045,618773
White Non-Hispanic,80+,NA,9,8089,550713
White Non-Hispanic,80+,NA,10,2040,144207
White Non-Hispanic,80+,NA,11,378,28967
White Non-Hispanic,80+,NA,12,44160,3460535
White Non-Hispanic,80+,NA,13,14587,971174
White Non-Hispanic,80+,NA,15,791,60848
White Non-Hispanic,80+,NA,16,3586,257798
White Non-Hispanic,80+,NA,17,22405,1547225
White Non-Hispanic,80+,NA,18,12601,914342
White Non-Hispanic,80+,NA,19,8148,538367
White Non-Hispanic,80+,NA,20,6396,421658
White Non-Hispanic,80+,NA,21,8600,617070
White Non-Hispanic,80+,NA,22,7098,466619
White Non-Hispanic,80+,NA,23,3833,260239
White Non-Hispanic,80+,NA,24,9114,628943
White Non-Hispanic,80+,NA,25,13798,1014093
White Non-Hispanic,80+,NA,26,20518,1438317
White Non-Hispanic,80+,NA,27,12208,869725
White Non-Hispanic,80+,NA,28,4754,318748
White Non-Hispanic,80+,NA,29,12660,903028
White Non-Hispanic,80+,NA,30,2268,175560
White Non-Hispanic,80+,NA,31,4149,281820
White Non-Hispanic,80+,NA,32,4211,299854
White Non-Hispanic,80+,NA,33,3127,231426
White Non-Hispanic,80+,NA,34,14921,1095628
White Non-Hispanic,80+,NA,35,2497,204313
White Non-Hispanic,80+,NA,36,34746,2375148
White Non-Hispanic,80+,NA,37,18623,1252135
White Non-Hispanic,80+,NA,38,1793,119625
White Non-Hispanic,80+,NA,39,23389,1707060
White Non-Hispanic,80+,NA,40,6171,488978
White Non-Hispanic,80+,NA,41,8750,634903
White Non-Hispanic,80+,NA,42,29643,2135144
White Non-Hispanic,80+,NA,44,2300,171415
White Non-Hispanic,80+,NA,45,9181,635161
White Non-Hispanic,80+,NA,46,2073,137288
White Non-Hispanic,80+,NA,47,12963,886111
White Non-Hispanic,80+,NA,48,34874,2172523
White Non-Hispanic,80+,NA,49,4455,305288
White Non-Hispanic,80+,NA,50,1691,121195
White Non-Hispanic,80+,NA,51,13430,974508
White Non-Hispanic,80+,NA,53,13684,940396
White Non-Hispanic,80+,NA,54,4134,311365
White Non-Hispanic,80+,NA,55,12904,915097
White Non-Hispanic,80+,NA,56,1083,82481
White Hispanic,0-4,NA,1,350,53862
White Hispanic,0-4,NA,2,45,9466
White Hispanic,0-4,NA,4,3288,475071
White Hispanic,0-4,NA,5,459,63946
White Hispanic,0-4,NA,6,14463,1970905
White Hispanic,0-4,NA,8,1722,275590
White Hispanic,0-4,NA,9,663,100422
White Hispanic,0-4,NA,10,114,19191
White Hispanic,0-4,NA,11,63,10665
White Hispanic,0-4,NA,12,6731,981104
White Hispanic,0-4,NA,13,1420,192121
White Hispanic,0-4,NA,15,107,14243
White Hispanic,0-4,NA,16,453,64834
White Hispanic,0-4,NA,17,2371,336608
White Hispanic,0-4,NA,18,880,117496
White Hispanic,0-4,NA,19,326,46073
White Hispanic,0-4,NA,20,575,86006
White Hispanic,0-4,NA,21,387,51251
White Hispanic,0-4,NA,22,504,62209
White Hispanic,0-4,NA,23,56,5443
White Hispanic,0-4,NA,24,686,92733
White Hispanic,0-4,NA,25,1011,159731
White Hispanic,0-4,NA,26,929,117530
White Hispanic,0-4,NA,27,423,73540
White Hispanic,0-4,NA,28,154,16201
White Hispanic,0-4,NA,29,535,65549
White Hispanic,0-4,NA,30,87,12089
White Hispanic,0-4,NA,31,269,47630
White Hispanic,0-4,NA,32,983,136161
White Hispanic,0-4,NA,33,120,14612
White Hispanic,0-4,NA,34,1942,289718
White Hispanic,0-4,NA,35,1095,176556
White Hispanic,0-4,NA,36,2476,397506
White Hispanic,0-4,NA,37,1357,194001
White Hispanic,0-4,NA,38,53,6991
White Hispanic,0-4,NA,39,915,105746
White Hispanic,0-4,NA,40,730,109275
White Hispanic,0-4,NA,41,717,109708
White Hispanic,0-4,NA,42,970,180698
White Hispanic,0-4,NA,44,186,31815
White Hispanic,0-4,NA,45,506,73930
White Hispanic,0-4,NA,46,70,10993
White Hispanic,0-4,NA,47,791,120241
White Hispanic,0-4,NA,48,17176,2658971
White Hispanic,0-4,NA,49,862,127753
White Hispanic,0-4,NA,50,30,2040
White Hispanic,0-4,NA,51,1148,158768
White Hispanic,0-4,NA,53,1494,223976
White Hispanic,0-4,NA,54,72,8061
White Hispanic,0-4,NA,55,546,102639
White Hispanic,0-4,NA,56,105,13431
White Hispanic,5-9,NA,1,374,52395
White Hispanic,5-9,NA,2,53,7745
White Hispanic,5-9,NA,4,3760,505764
White Hispanic,5-9,NA,5,478,63147
White Hispanic,5-9,NA,6,16796,2111655
White Hispanic,5-9,NA,8,1923,268794
White Hispanic,5-9,NA,9,777,98600
White Hispanic,5-9,NA,10,135,18922
White Hispanic,5-9,NA,11,61,9718
White Hispanic,5-9,NA,12,7742,1000583
White Hispanic,5-9,NA,13,1502,202283
White Hispanic,5-9,NA,15,105,17264
White Hispanic,5-9,NA,16,486,60952
White Hispanic,5-9,NA,17,2746,395268
White Hispanic,5-9,NA,18,878,108377
White Hispanic,5-9,NA,19,369,53605
White Hispanic,5-9,NA,20,654,102145
White Hispanic,5-9,NA,21,376,52197
White Hispanic,5-9,NA,22,512,61244
White Hispanic,5-9,NA,23,56,4361
White Hispanic,5-9,NA,24,747,88584
White Hispanic,5-9,NA,25,1050,143266
White Hispanic,5-9,NA,26,961,124656
White Hispanic,5-9,NA,27,391,62157
White Hispanic,5-9,NA,28,158,15704
White Hispanic,5-9,NA,29,557,73126
White Hispanic,5-9,NA,30,81,10990
White Hispanic,5-9,NA,31,331,53974
White Hispanic,5-9,NA,32,1132,148573
White Hispanic,5-9,NA,33,91,12917
White Hispanic,5-9,NA,34,2042,262603
White Hispanic,5-9,NA,35,1227,193363
White Hispanic,5-9,NA,36,2647,370742
White Hispanic,5-9,NA,37,1450,205145
White Hispanic,5-9,NA,38,47,6411
White Hispanic,5-9,NA,39,962,118899
White Hispanic,5-9,NA,40,831,117177
White Hispanic,5-9,NA,41,811,113847
White Hispanic,5-9,NA,42,1040,174597
White Hispanic,5-9,NA,44,162,27522
White Hispanic,5-9,NA,45,565,76688
White Hispanic,5-9,NA,46,72,8334
White Hispanic,5-9,NA,47,748,107191
White Hispanic,5-9,NA,48,19628,2792583
White Hispanic,5-9,NA,49,839,107091
White Hispanic,5-9,NA,50,37,2893
White Hispanic,5-9,NA,51,1181,154910
White Hispanic,5-9,NA,53,1694,224620
White Hispanic,5-9,NA,54,76,7584
White Hispanic,5-9,NA,55,596,114460
White Hispanic,5-9,NA,56,111,15505
White Hispanic,10-14,NA,1,437,60838
White Hispanic,10-14,NA,2,54,9466
White Hispanic,10-14,NA,4,3968,527235
White Hispanic,10-14,NA,5,504,70260
White Hispanic,10-14,NA,6,19290,2408814
White Hispanic,10-14,NA,8,2158,304859
White Hispanic,10-14,NA,9,869,110694
White Hispanic,10-14,NA,10,109,17518
White Hispanic,10-14,NA,11,48,7373
White Hispanic,10-14,NA,12,8745,1090758
White Hispanic,10-14,NA,13,1705,223994
White Hispanic,10-14,NA,15,63,10005
White Hispanic,10-14,NA,16,514,69395
White Hispanic,10-14,NA,17,2819,395105
White Hispanic,10-14,NA,18,992,123659
White Hispanic,10-14,NA,19,371,61213
White Hispanic,10-14,NA,20,657,97609
White Hispanic,10-14,NA,21,374,46065
White Hispanic,10-14,NA,22,559,67093
White Hispanic,10-14,NA,23,62,5329
White Hispanic,10-14,NA,24,778,89207
White Hispanic,10-14,NA,25,1089,144279
White Hispanic,10-14,NA,26,1053,137076
White Hispanic,10-14,NA,27,418,69993
White Hispanic,10-14,NA,28,184,17417
White Hispanic,10-14,NA,29,564,72448
White Hispanic,10-14,NA,30,101,14656
White Hispanic,10-14,NA,31,362,57747
White Hispanic,10-14,NA,32,1253,157594
White Hispanic,10-14,NA,33,119,15596
White Hispanic,10-14,NA,34,2260,287057
White Hispanic,10-14,NA,35,1413,221275
White Hispanic,10-14,NA,36,2764,382096
White Hispanic,10-14,NA,37,1504,204997
White Hispanic,10-14,NA,38,47,9278
White Hispanic,10-14,NA,39,1008,112173
White Hispanic,10-14,NA,40,833,120518
White Hispanic,10-14,NA,41,955,132890
White Hispanic,10-14,NA,42,1112,188381
White Hispanic,10-14,NA,44,191,31966
White Hispanic,10-14,NA,45,584,84322
White Hispanic,10-14,NA,46,65,7902
White Hispanic,10-14,NA,47,765,107205
White Hispanic,10-14,NA,48,21744,3037334
White Hispanic,10-14,NA,49,938,128051
White Hispanic,10-14,NA,50,34,2461
White Hispanic,10-14,NA,51,1219,154155
White Hispanic,10-14,NA,53,1748,232038
White Hispanic,10-14,NA,54,86,8597
White Hispanic,10-14,NA,55,658,126571
White Hispanic,10-14,NA,56,115,16561
White Hispanic,15-19,NA,1,476,57888
White Hispanic,15-19,NA,2,68,8274
White Hispanic,15-19,NA,4,4366,537845
White Hispanic,15-19,NA,5,545,70703
White Hispanic,15-19,NA,6,22291,2421438
White Hispanic,15-19,NA,8,2502,305042
White Hispanic,15-19,NA,9,892,105085
White Hispanic,15-19,NA,10,142,16302
White Hispanic,15-19,NA,11,107,7760
White Hispanic,15-19,NA,12,9857,1146563
White Hispanic,15-19,NA,13,1933,229440
White Hispanic,15-19,NA,15,89,7634
White Hispanic,15-19,NA,16,501,57050
White Hispanic,15-19,NA,17,3239,430613
White Hispanic,15-19,NA,18,1128,137107
White Hispanic,15-19,NA,19,457,60014
White Hispanic,15-19,NA,20,685,88859
White Hispanic,15-19,NA,21,421,48313
White Hispanic,15-19,NA,22,551,53653
White Hispanic,15-19,NA,23,104,7053
White Hispanic,15-19,NA,24,851,93186
White Hispanic,15-19,NA,25,1218,142353
White Hispanic,15-19,NA,26,1239,141741
White Hispanic,15-19,NA,27,520,66165
White Hispanic,15-19,NA,28,200,19070
White Hispanic,15-19,NA,29,691,79356
White Hispanic,15-19,NA,30,94,12643
White Hispanic,15-19,NA,31,424,57578
White Hispanic,15-19,NA,32,1369,165887
White Hispanic,15-19,NA,33,151,16142
White Hispanic,15-19,NA,34,2468,272516
White Hispanic,15-19,NA,35,1625,209088
White Hispanic,15-19,NA,36,3386,374609
White Hispanic,15-19,NA,37,1863,208403
White Hispanic,15-19,NA,38,71,9130
White Hispanic,15-19,NA,39,1088,114531
White Hispanic,15-19,NA,40,942,118262
White Hispanic,15-19,NA,41,1098,127442
White Hispanic,15-19,NA,42,1386,190571
White Hispanic,15-19,NA,44,198,25051
White Hispanic,15-19,NA,45,679,79982
White Hispanic,15-19,NA,46,80,11014
White Hispanic,15-19,NA,47,852,96140
White Hispanic,15-19,NA,48,24193,3040080
White Hispanic,15-19,NA,49,1013,115255
White Hispanic,15-19,NA,50,57,4512
White Hispanic,15-19,NA,51,1556,175089
White Hispanic,15-19,NA,53,1804,218277
White Hispanic,15-19,NA,54,99,9754
White Hispanic,15-19,NA,55,758,124250
White Hispanic,15-19,NA,56,147,16078
White Hispanic,20-24,NA,1,373,46200
White Hispanic,20-24,NA,2,107,12725
White Hispanic,20-24,NA,4,3813,534271
White Hispanic,20-24,NA,5,460,63345
White Hispanic,20-24,NA,6,20012,2255075
White Hispanic,20-24,NA,8,2164,285083
White Hispanic,20-24,NA,9,753,96121
White Hispanic,20-24,NA,10,129,17020
White Hispanic,20-24,NA,11,126,8586
White Hispanic,20-24,NA,12,9225,1124602
White Hispanic,20-24,NA,13,1728,190573
White Hispanic,20-24,NA,15,179,14973
White Hispanic,20-24,NA,16,436,54394
White Hispanic,20-24,NA,17,2818,389314
White Hispanic,20-24,NA,18,960,110922
White Hispanic,20-24,NA,19,393,53166
White Hispanic,20-24,NA,20,590,92176
White Hispanic,20-24,NA,21,386,46403
White Hispanic,20-24,NA,22,525,49225
White Hispanic,20-24,NA,23,82,6606
White Hispanic,20-24,NA,24,717,73120
White Hispanic,20-24,NA,25,1341,144783
White Hispanic,20-24,NA,26,895,128443
White Hispanic,20-24,NA,27,352,61601
White Hispanic,20-24,NA,28,181,17604
White Hispanic,20-24,NA,29,611,70956
White Hispanic,20-24,NA,30,84,12814
White Hispanic,20-24,NA,31,294,39496
White Hispanic,20-24,NA,32,1262,155595
White Hispanic,20-24,NA,33,82,10258
White Hispanic,20-24,NA,34,2071,242788
White Hispanic,20-24,NA,35,1343,200721
White Hispanic,20-24,NA,36,3253,370061
White Hispanic,20-24,NA,37,1932,201571
White Hispanic,20-24,NA,38,78,10508
White Hispanic,20-24,NA,39,904,107255
White Hispanic,20-24,NA,40,820,103743
White Hispanic,20-24,NA,41,862,111387
White Hispanic,20-24,NA,42,1120,166128
White Hispanic,20-24,NA,44,171,26356
White Hispanic,20-24,NA,45,625,69992
White Hispanic,20-24,NA,46,62,7559
White Hispanic,20-24,NA,47,843,101963
White Hispanic,20-24,NA,48,20899,2790811
White Hispanic,20-24,NA,49,878,116541
White Hispanic,20-24,NA,50,38,3264
White Hispanic,20-24,NA,51,1289,148990
White Hispanic,20-24,NA,53,1663,205073
White Hispanic,20-24,NA,54,73,7533
White Hispanic,20-24,NA,55,580,99251
White Hispanic,20-24,NA,56,100,11534
White Hispanic,25-29,NA,1,302,33649
White Hispanic,25-29,NA,2,78,11334
White Hispanic,25-29,NA,4,3538,485445
White Hispanic,25-29,NA,5,361,49721
White Hispanic,25-29,NA,6,19344,2172927
White Hispanic,25-29,NA,8,2088,263421
White Hispanic,25-29,NA,9,654,80273
White Hispanic,25-29,NA,10,101,14426
White Hispanic,25-29,NA,11,169,16096
White Hispanic,25-29,NA,12,9134,1101987
White Hispanic,25-29,NA,13,1605,178841
White Hispanic,25-29,NA,15,138,12946
White Hispanic,25-29,NA,16,339,46409
White Hispanic,25-29,NA,17,2624,348132
White Hispanic,25-29,NA,18,750,90026
White Hispanic,25-29,NA,19,291,44735
White Hispanic,25-29,NA,20,489,79369
White Hispanic,25-29,NA,21,323,37799
White Hispanic,25-29,NA,22,450,42605
White Hispanic,25-29,NA,23,50,6611
White Hispanic,25-29,NA,24,682,67309
White Hispanic,25-29,NA,25,1073,134170
White Hispanic,25-29,NA,26,842,121413
White Hispanic,25-29,NA,27,327,55760
White Hispanic,25-29,NA,28,118,13264
White Hispanic,25-29,NA,29,465,54784
White Hispanic,25-29,NA,30,70,12306
White Hispanic,25-29,NA,31,222,32375
White Hispanic,25-29,NA,32,1225,149483
White Hispanic,25-29,NA,33,75,10181
White Hispanic,25-29,NA,34,2030,237547
White Hispanic,25-29,NA,35,1285,190993
White Hispanic,25-29,NA,36,3104,382634
White Hispanic,25-29,NA,37,1509,154734
White Hispanic,25-29,NA,38,53,7971
White Hispanic,25-29,NA,39,768,92403
White Hispanic,25-29,NA,40,634,80881
White Hispanic,25-29,NA,41,847,111883
White Hispanic,25-29,NA,42,923,147438
White Hispanic,25-29,NA,44,160,25606
White Hispanic,25-29,NA,45,492,57433
White Hispanic,25-29,NA,46,46,5230
White Hispanic,25-29,NA,47,721,87292
White Hispanic,25-29,NA,48,19259,2551758
White Hispanic,25-29,NA,49,672,82550
White Hispanic,25-29,NA,50,33,3302
White Hispanic,25-29,NA,51,1212,146774
White Hispanic,25-29,NA,53,1572,184292
White Hispanic,25-29,NA,54,63,5473
White Hispanic,25-29,NA,55,513,85518
White Hispanic,25-29,NA,56,81,12415
White Hispanic,30-34,NA,1,308,34597
White Hispanic,30-34,NA,2,64,9881
White Hispanic,30-34,NA,4,3451,456964
White Hispanic,30-34,NA,5,339,49102
White Hispanic,30-34,NA,6,18419,2133861
White Hispanic,30-34,NA,8,2107,272709
White Hispanic,30-34,NA,9,687,89863
White Hispanic,30-34,NA,10,109,16928
White Hispanic,30-34,NA,11,144,15092
White Hispanic,30-34,NA,12,9750,1212383
White Hispanic,30-34,NA,13,1400,157176
White Hispanic,30-34,NA,15,105,13891
White Hispanic,30-34,NA,16,323,50039
White Hispanic,30-34,NA,17,2545,332820
White Hispanic,30-34,NA,18,697,84558
White Hispanic,30-34,NA,19,226,40618
White Hispanic,30-34,NA,20,455,65700
White Hispanic,30-34,NA,21,292,36841
White Hispanic,30-34,NA,22,482,50822
White Hispanic,30-34,NA,23,44,6158
White Hispanic,30-34,NA,24,639,65191
White Hispanic,30-34,NA,25,1100,137741
White Hispanic,30-34,NA,26,798,107947
White Hispanic,30-34,NA,27,281,47950
White Hispanic,30-34,NA,28,153,15872
White Hispanic,30-34,NA,29,417,53448
White Hispanic,30-34,NA,30,81,13427
White Hispanic,30-34,NA,31,230,39775
White Hispanic,30-34,NA,32,1160,143141
White Hispanic,30-34,NA,33,108,16516
White Hispanic,30-34,NA,34,2146,245676
White Hispanic,30-34,NA,35,1271,183737
White Hispanic,30-34,NA,36,3233,402416
White Hispanic,30-34,NA,37,1269,144435
White Hispanic,30-34,NA,38,47,7710
White Hispanic,30-34,NA,39,749,95132
White Hispanic,30-34,NA,40,632,90730
White Hispanic,30-34,NA,41,799,102956
White Hispanic,30-34,NA,42,970,152987
White Hispanic,30-34,NA,44,140,22280
White Hispanic,30-34,NA,45,477,55653
White Hispanic,30-34,NA,46,58,8787
White Hispanic,30-34,NA,47,717,85274
White Hispanic,30-34,NA,48,18728,2477909
White Hispanic,30-34,NA,49,633,82680
White Hispanic,30-34,NA,50,28,2857
White Hispanic,30-34,NA,51,1121,135222
White Hispanic,30-34,NA,53,1487,180397
White Hispanic,30-34,NA,54,71,7227
White Hispanic,30-34,NA,55,450,80236
White Hispanic,30-34,NA,56,83,10612
White Hispanic,35-39,NA,1,320,39541
White Hispanic,35-39,NA,2,49,7760
White Hispanic,35-39,NA,4,3005,396838
White Hispanic,35-39,NA,5,328,48511
White Hispanic,35-39,NA,6,16755,1959758
White Hispanic,35-39,NA,8,1815,251244
White Hispanic,35-39,NA,9,652,85009
White Hispanic,35-39,NA,10,87,10593
White Hispanic,35-39,NA,11,133,15205
White Hispanic,35-39,NA,12,9579,1273974
White Hispanic,35-39,NA,13,1320,159281
White Hispanic,35-39,NA,15,108,13213
White Hispanic,35-39,NA,16,300,38136
White Hispanic,35-39,NA,17,2278,318433
White Hispanic,35-39,NA,18,603,76305
White Hispanic,35-39,NA,19,233,37601
White Hispanic,35-39,NA,20,445,68975
White Hispanic,35-39,NA,21,297,39245
White Hispanic,35-39,NA,22,487,56026
White Hispanic,35-39,NA,23,45,6082
White Hispanic,35-39,NA,24,720,79249
White Hispanic,35-39,NA,25,960,134055
White Hispanic,35-39,NA,26,687,95169
White Hispanic,35-39,NA,27,277,50358
White Hispanic,35-39,NA,28,131,14991
White Hispanic,35-39,NA,29,402,49773
White Hispanic,35-39,NA,30,60,8898
White Hispanic,35-39,NA,31,194,33401
White Hispanic,35-39,NA,32,1072,140439
White Hispanic,35-39,NA,33,79,11950
White Hispanic,35-39,NA,34,2080,273746
White Hispanic,35-39,NA,35,1318,191944
White Hispanic,35-39,NA,36,2900,385930
White Hispanic,35-39,NA,37,1159,135050
White Hispanic,35-39,NA,38,44,9102
White Hispanic,35-39,NA,39,620,79381
White Hispanic,35-39,NA,40,631,88623
White Hispanic,35-39,NA,41,712,93716
White Hispanic,35-39,NA,42,816,139307
White Hispanic,35-39,NA,44,134,21767
White Hispanic,35-39,NA,45,488,62110
White Hispanic,35-39,NA,46,53,5057
White Hispanic,35-39,NA,47,639,85705
White Hispanic,35-39,NA,48,17680,2405524
White Hispanic,35-39,NA,49,578,75632
White Hispanic,35-39,NA,50,33,3627
White Hispanic,35-39,NA,51,1115,153605
White Hispanic,35-39,NA,53,1367,161271
White Hispanic,35-39,NA,54,57,6064
White Hispanic,35-39,NA,55,457,82924
White Hispanic,35-39,NA,56,83,12329
White Hispanic,40-44,NA,1,267,31772
White Hispanic,40-44,NA,2,48,6651
White Hispanic,40-44,NA,4,2959,401872
White Hispanic,40-44,NA,5,309,47668
White Hispanic,40-44,NA,6,16172,1874328
White Hispanic,40-44,NA,8,1727,235430
White Hispanic,40-44,NA,9,590,83829
White Hispanic,40-44,NA,10,81,10572
White Hispanic,40-44,NA,11,96,11914
White Hispanic,40-44,NA,12,9363,1254302
White Hispanic,40-44,NA,13,1342,157142
White Hispanic,40-44,NA,15,89,10132
White Hispanic,40-44,NA,16,254,34803
White Hispanic,40-44,NA,17,2123,308896
White Hispanic,40-44,NA,18,601,84848
White Hispanic,40-44,NA,19,198,35016
White Hispanic,40-44,NA,20,368,51656
White Hispanic,40-44,NA,21,290,31282
White Hispanic,40-44,NA,22,416,47376
White Hispanic,40-44,NA,23,41,5145
White Hispanic,40-44,NA,24,654,70985
White Hispanic,40-44,NA,25,790,116160
White Hispanic,40-44,NA,26,602,87846
White Hispanic,40-44,NA,27,278,47464
White Hispanic,40-44,NA,28,116,12934
White Hispanic,40-44,NA,29,352,45895
White Hispanic,40-44,NA,30,51,6507
White Hispanic,40-44,NA,31,187,32398
White Hispanic,40-44,NA,32,963,122870
White Hispanic,40-44,NA,33,76,12431
White Hispanic,40-44,NA,34,2012,260577
White Hispanic,40-44,NA,35,1211,175241
White Hispanic,40-44,NA,36,2721,363673
White Hispanic,40-44,NA,37,1166,141223
White Hispanic,40-44,NA,38,29,5349
White Hispanic,40-44,NA,39,561,78903
White Hispanic,40-44,NA,40,531,73400
White Hispanic,40-44,NA,41,691,87713
White Hispanic,40-44,NA,42,690,117361
White Hispanic,40-44,NA,44,130,24727
White Hispanic,40-44,NA,45,428,58639
White Hispanic,40-44,NA,46,30,3125
White Hispanic,40-44,NA,47,565,70635
White Hispanic,40-44,NA,48,17442,2362360
White Hispanic,40-44,NA,49,591,74481
White Hispanic,40-44,NA,50,27,3293
White Hispanic,40-44,NA,51,1068,145947
White Hispanic,40-44,NA,53,1303,160704
White Hispanic,40-44,NA,54,67,7225
White Hispanic,40-44,NA,55,442,82653
White Hispanic,40-44,NA,56,76,8893
White Hispanic,45-49,NA,1,208,28780
White Hispanic,45-49,NA,2,35,5784
White Hispanic,45-49,NA,4,2779,354746
White Hispanic,45-49,NA,5,227,34950
White Hispanic,45-49,NA,6,15718,1732431
White Hispanic,45-49,NA,8,1502,197425
White Hispanic,45-49,NA,9,630,82829
White Hispanic,45-49,NA,10,100,10878
White Hispanic,45-49,NA,11,75,8321
White Hispanic,45-49,NA,12,9994,1257095
White Hispanic,45-49,NA,13,1132,142629
White Hispanic,45-49,NA,15,72,7434
White Hispanic,45-49,NA,16,236,31361
White Hispanic,45-49,NA,17,2214,305101
White Hispanic,45-49,NA,18,500,65196
White Hispanic,45-49,NA,19,161,29752
White Hispanic,45-49,NA,20,291,46643
White Hispanic,45-49,NA,21,187,24509
White Hispanic,45-49,NA,22,403,42141
White Hispanic,45-49,NA,23,37,6634
White Hispanic,45-49,NA,24,598,74991
White Hispanic,45-49,NA,25,764,98403
White Hispanic,45-49,NA,26,603,81440
White Hispanic,45-49,NA,27,194,39060
White Hispanic,45-49,NA,28,111,11739
White Hispanic,45-49,NA,29,275,36786
White Hispanic,45-49,NA,30,43,8751
White Hispanic,45-49,NA,31,164,23080
White Hispanic,45-49,NA,32,1034,111270
White Hispanic,45-49,NA,33,63,7643
White Hispanic,45-49,NA,34,1809,234919
White Hispanic,45-49,NA,35,1125,149163
White Hispanic,45-49,NA,36,2476,326523
White Hispanic,45-49,NA,37,1029,123576
White Hispanic,45-49,NA,38,25,2601
White Hispanic,45-49,NA,39,472,59498
White Hispanic,45-49,NA,40,473,61438
White Hispanic,45-49,NA,41,595,77425
White Hispanic,45-49,NA,42,639,115675
White Hispanic,45-49,NA,44,113,18734
White Hispanic,45-49,NA,45,371,46278
White Hispanic,45-49,NA,46,30,3779
White Hispanic,45-49,NA,47,463,65590
White Hispanic,45-49,NA,48,16800,2114465
White Hispanic,45-49,NA,49,509,67105
White Hispanic,45-49,NA,50,18,1836
White Hispanic,45-49,NA,51,931,128333
White Hispanic,45-49,NA,53,1045,126388
White Hispanic,45-49,NA,54,48,5334
White Hispanic,45-49,NA,55,347,64707
White Hispanic,45-49,NA,56,53,6605
White Hispanic,50-54,NA,1,214,23546
White Hispanic,50-54,NA,2,33,4232
White Hispanic,50-54,NA,4,2641,314791
White Hispanic,50-54,NA,5,240,32167
White Hispanic,50-54,NA,6,15506,1650902
White Hispanic,50-54,NA,8,1295,163831
White Hispanic,50-54,NA,9,581,70131
White Hispanic,50-54,NA,10,84,10498
White Hispanic,50-54,NA,11,63,9052
White Hispanic,50-54,NA,12,10170,1207364
White Hispanic,50-54,NA,13,1146,133107
White Hispanic,50-54,NA,15,66,8222
White Hispanic,50-54,NA,16,185,24368
White Hispanic,50-54,NA,17,1946,257841
White Hispanic,50-54,NA,18,472,58720
White Hispanic,50-54,NA,19,149,27769
White Hispanic,50-54,NA,20,306,43405
White Hispanic,50-54,NA,21,199,23698
White Hispanic,50-54,NA,22,358,33314
White Hispanic,50-54,NA,23,28,3902
White Hispanic,50-54,NA,24,500,55364
White Hispanic,50-54,NA,25,734,93403
White Hispanic,50-54,NA,26,549,69858
White Hispanic,50-54,NA,27,191,34149
White Hispanic,50-54,NA,28,101,9865
White Hispanic,50-54,NA,29,279,31482
White Hispanic,50-54,NA,30,47,6196
White Hispanic,50-54,NA,31,165,25359
White Hispanic,50-54,NA,32,925,103285
White Hispanic,50-54,NA,33,76,8745
White Hispanic,50-54,NA,34,1924,231021
White Hispanic,50-54,NA,35,1160,146870
White Hispanic,50-54,NA,36,2526,331739
White Hispanic,50-54,NA,37,871,103950
White Hispanic,50-54,NA,38,30,3982
White Hispanic,50-54,NA,39,498,58926
White Hispanic,50-54,NA,40,349,45224
White Hispanic,50-54,NA,41,532,63616
White Hispanic,50-54,NA,42,641,95425
White Hispanic,50-54,NA,44,110,16362
White Hispanic,50-54,NA,45,342,37860
White Hispanic,50-54,NA,46,26,3092
White Hispanic,50-54,NA,47,392,49712
White Hispanic,50-54,NA,48,16130,1890682
White Hispanic,50-54,NA,49,419,52350
White Hispanic,50-54,NA,50,17,1888
White Hispanic,50-54,NA,51,845,103649
White Hispanic,50-54,NA,53,864,99592
White Hispanic,50-54,NA,54,35,3207
White Hispanic,50-54,NA,55,348,60218
White Hispanic,50-54,NA,56,59,9496
White Hispanic,55-59,NA,1,185,21631
White Hispanic,55-59,NA,2,34,3019
White Hispanic,55-59,NA,4,2358,255762
White Hispanic,55-59,NA,5,193,28044
White Hispanic,55-59,NA,6,14246,1448964
White Hispanic,55-59,NA,8,1245,133983
White Hispanic,55-59,NA,9,515,59366
White Hispanic,55-59,NA,10,64,8106
White Hispanic,55-59,NA,11,50,6370
White Hispanic,55-59,NA,12,10676,1171268
White Hispanic,55-59,NA,13,969,113038
White Hispanic,55-59,NA,15,78,8068
White Hispanic,55-59,NA,16,153,18737
White Hispanic,55-59,NA,17,1713,221715
White Hispanic,55-59,NA,18,364,41586
White Hispanic,55-59,NA,19,118,19584
White Hispanic,55-59,NA,20,267,33571
White Hispanic,55-59,NA,21,149,17870
White Hispanic,55-59,NA,22,331,28375
White Hispanic,55-59,NA,23,32,3088
White Hispanic,55-59,NA,24,462,50078
White Hispanic,55-59,NA,25,620,72807
White Hispanic,55-59,NA,26,489,61712
White Hispanic,55-59,NA,27,155,23339
White Hispanic,55-59,NA,28,82,6700
White Hispanic,55-59,NA,29,240,27362
White Hispanic,55-59,NA,30,41,3042
White Hispanic,55-59,NA,31,139,20090
White Hispanic,55-59,NA,32,850,94768
White Hispanic,55-59,NA,33,59,7565
White Hispanic,55-59,NA,34,1808,212906
White Hispanic,55-59,NA,35,1286,137449
White Hispanic,55-59,NA,36,2648,310757
White Hispanic,55-59,NA,37,739,91629
White Hispanic,55-59,NA,38,18,2584
White Hispanic,55-59,NA,39,431,45385
White Hispanic,55-59,NA,40,315,39225
White Hispanic,55-59,NA,41,418,51661
White Hispanic,55-59,NA,42,625,83591
White Hispanic,55-59,NA,44,100,14219
White Hispanic,55-59,NA,45,314,35759
White Hispanic,55-59,NA,46,16,2070
White Hispanic,55-59,NA,47,346,41990
White Hispanic,55-59,NA,48,14630,1582950
White Hispanic,55-59,NA,49,338,43212
White Hispanic,55-59,NA,50,22,3078
White Hispanic,55-59,NA,51,723,86314
White Hispanic,55-59,NA,53,757,86221
White Hispanic,55-59,NA,54,45,4786
White Hispanic,55-59,NA,55,269,41173
White Hispanic,55-59,NA,56,52,5158
White Hispanic,60-64,NA,1,169,18914
White Hispanic,60-64,NA,2,42,5241
White Hispanic,60-64,NA,4,2238,238808
White Hispanic,60-64,NA,5,130,17989
White Hispanic,60-64,NA,6,12807,1261222
White Hispanic,60-64,NA,8,1100,122664
White Hispanic,60-64,NA,9,470,53338
White Hispanic,60-64,NA,10,82,9212
White Hispanic,60-64,NA,11,38,5097
White Hispanic,60-64,NA,12,9497,982174
White Hispanic,60-64,NA,13,655,66652
White Hispanic,60-64,NA,15,63,5678
White Hispanic,60-64,NA,16,146,16919
White Hispanic,60-64,NA,17,1414,170035
White Hispanic,60-64,NA,18,302,32766
White Hispanic,60-64,NA,19,111,15086
White Hispanic,60-64,NA,20,234,32557
White Hispanic,60-64,NA,21,139,15434
White Hispanic,60-64,NA,22,410,34260
White Hispanic,60-64,NA,23,42,4676
White Hispanic,60-64,NA,24,385,40537
White Hispanic,60-64,NA,25,560,63409
White Hispanic,60-64,NA,26,412,44170
White Hispanic,60-64,NA,27,156,20482
White Hispanic,60-64,NA,28,85,5878
White Hispanic,60-64,NA,29,242,27139
White Hispanic,60-64,NA,30,51,4253
White Hispanic,60-64,NA,31,113,14337
White Hispanic,60-64,NA,32,672,67954
White Hispanic,60-64,NA,33,54,6680
White Hispanic,60-64,NA,34,1658,186513
White Hispanic,60-64,NA,35,1386,137958
White Hispanic,60-64,NA,36,2354,271697
White Hispanic,60-64,NA,37,584,65044
White Hispanic,60-64,NA,38,13,2775
White Hispanic,60-64,NA,39,418,40797
White Hispanic,60-64,NA,40,306,35072
White Hispanic,60-64,NA,41,376,41727
White Hispanic,60-64,NA,42,568,70100
White Hispanic,60-64,NA,44,87,12672
White Hispanic,60-64,NA,45,250,27582
White Hispanic,60-64,NA,46,14,1427
White Hispanic,60-64,NA,47,310,35575
White Hispanic,60-64,NA,48,13455,1371600
White Hispanic,60-64,NA,49,304,33391
White Hispanic,60-64,NA,50,23,1511
White Hispanic,60-64,NA,51,647,73278
White Hispanic,60-64,NA,53,679,68074
White Hispanic,60-64,NA,54,38,3409
White Hispanic,60-64,NA,55,230,36937
White Hispanic,60-64,NA,56,52,4191
White Hispanic,65-69,NA,1,105,9280
White Hispanic,65-69,NA,2,21,2151
White Hispanic,65-69,NA,4,1874,176637
White Hispanic,65-69,NA,5,99,14242
White Hispanic,65-69,NA,6,10459,969714
White Hispanic,65-69,NA,8,982,89842
White Hispanic,65-69,NA,9,343,40112
White Hispanic,65-69,NA,10,37,3491
White Hispanic,65-69,NA,11,35,3765
White Hispanic,65-69,NA,12,7502,772426
White Hispanic,65-69,NA,13,496,51880
White Hispanic,65-69,NA,15,63,5726
White Hispanic,65-69,NA,16,145,14263
White Hispanic,65-69,NA,17,1136,133958
White Hispanic,65-69,NA,18,236,26568
White Hispanic,65-69,NA,19,80,8464
White Hispanic,65-69,NA,20,146,15990
White Hispanic,65-69,NA,21,79,8597
White Hispanic,65-69,NA,22,332,25271
White Hispanic,65-69,NA,23,20,2251
White Hispanic,65-69,NA,24,300,32855
White Hispanic,65-69,NA,25,413,44050
White Hispanic,65-69,NA,26,359,37479
White Hispanic,65-69,NA,27,104,11744
White Hispanic,65-69,NA,28,65,6462
White Hispanic,65-69,NA,29,193,18724
White Hispanic,65-69,NA,30,40,3095
White Hispanic,65-69,NA,31,86,12924
White Hispanic,65-69,NA,32,529,59101
White Hispanic,65-69,NA,33,35,3960
White Hispanic,65-69,NA,34,1202,133644
White Hispanic,65-69,NA,35,1272,113736
White Hispanic,65-69,NA,36,2029,228505
White Hispanic,65-69,NA,37,447,45561
White Hispanic,65-69,NA,38,20,2199
White Hispanic,65-69,NA,39,336,32233
White Hispanic,65-69,NA,40,198,24065
White Hispanic,65-69,NA,41,330,39306
White Hispanic,65-69,NA,42,441,55385
White Hispanic,65-69,NA,44,77,8331
White Hispanic,65-69,NA,45,185,19050
White Hispanic,65-69,NA,46,12,1282
White Hispanic,65-69,NA,47,195,19221
White Hispanic,65-69,NA,48,11619,1051778
White Hispanic,65-69,NA,49,209,26306
White Hispanic,65-69,NA,50,21,1888
White Hispanic,65-69,NA,51,445,47938
White Hispanic,65-69,NA,53,478,46196
White Hispanic,65-69,NA,54,43,3355
White Hispanic,65-69,NA,55,169,24599
White Hispanic,65-69,NA,56,51,5798
White Hispanic,70-74,NA,1,68,6780
White Hispanic,70-74,NA,2,11,842
White Hispanic,70-74,NA,4,1395,130116
White Hispanic,70-74,NA,5,65,7186
White Hispanic,70-74,NA,6,7675,696389
White Hispanic,70-74,NA,8,806,71958
White Hispanic,70-74,NA,9,226,21969
White Hispanic,70-74,NA,10,30,2878
White Hispanic,70-74,NA,11,26,2951
White Hispanic,70-74,NA,12,6231,624290
White Hispanic,70-74,NA,13,355,36413
White Hispanic,70-74,NA,15,64,4721
White Hispanic,70-74,NA,16,108,11886
White Hispanic,70-74,NA,17,781,94373
White Hispanic,70-74,NA,18,181,22088
White Hispanic,70-74,NA,19,50,7131
White Hispanic,70-74,NA,20,110,15261
White Hispanic,70-74,NA,21,65,6716
White Hispanic,70-74,NA,22,276,22680
White Hispanic,70-74,NA,23,27,2206
White Hispanic,70-74,NA,24,206,22089
White Hispanic,70-74,NA,25,322,35724
White Hispanic,70-74,NA,26,240,23699
White Hispanic,70-74,NA,27,79,9580
White Hispanic,70-74,NA,28,45,3774
White Hispanic,70-74,NA,29,166,16742
White Hispanic,70-74,NA,30,26,1748
White Hispanic,70-74,NA,31,65,7332
White Hispanic,70-74,NA,32,413,42305
White Hispanic,70-74,NA,33,24,1992
White Hispanic,70-74,NA,34,880,102390
White Hispanic,70-74,NA,35,1100,96317
White Hispanic,70-74,NA,36,1490,168845
White Hispanic,70-74,NA,37,356,35714
White Hispanic,70-74,NA,38,6,933
White Hispanic,70-74,NA,39,220,22089
White Hispanic,70-74,NA,40,120,16120
White Hispanic,70-74,NA,41,218,21404
White Hispanic,70-74,NA,42,300,37876
White Hispanic,70-74,NA,44,56,6167
White Hispanic,70-74,NA,45,149,13176
White Hispanic,70-74,NA,46,10,1379
White Hispanic,70-74,NA,47,151,16648
White Hispanic,70-74,NA,48,8903,793518
White Hispanic,70-74,NA,49,147,17412
White Hispanic,70-74,NA,50,17,1465
White Hispanic,70-74,NA,51,320,33088
White Hispanic,70-74,NA,53,349,33446
White Hispanic,70-74,NA,54,26,2161
White Hispanic,70-74,NA,55,111,15505
White Hispanic,70-74,NA,56,31,3925
White Hispanic,75-79,NA,1,60,6881
White Hispanic,75-79,NA,2,10,628
White Hispanic,75-79,NA,4,980,93917
White Hispanic,75-79,NA,5,34,3601
White Hispanic,75-79,NA,6,5265,455874
White Hispanic,75-79,NA,8,494,44632
White Hispanic,75-79,NA,9,172,19729
White Hispanic,75-79,NA,10,37,3331
White Hispanic,75-79,NA,11,14,1416
White Hispanic,75-79,NA,12,4871,460275
White Hispanic,75-79,NA,13,254,25113
White Hispanic,75-79,NA,15,24,1583
White Hispanic,75-79,NA,16,54,4664
White Hispanic,75-79,NA,17,515,61597
White Hispanic,75-79,NA,18,103,10560
White Hispanic,75-79,NA,19,43,3944
White Hispanic,75-79,NA,20,79,8153
White Hispanic,75-79,NA,21,51,5581
White Hispanic,75-79,NA,22,191,13555
White Hispanic,75-79,NA,23,20,1465
White Hispanic,75-79,NA,24,124,11986
White Hispanic,75-79,NA,25,215,23610
White Hispanic,75-79,NA,26,160,15242
White Hispanic,75-79,NA,27,49,6971
White Hispanic,75-79,NA,28,39,2552
White Hispanic,75-79,NA,29,93,9906
White Hispanic,75-79,NA,30,15,1771
White Hispanic,75-79,NA,31,29,3531
White Hispanic,75-79,NA,32,263,27617
White Hispanic,75-79,NA,33,10,857
White Hispanic,75-79,NA,34,629,66858
White Hispanic,75-79,NA,35,776,62378
White Hispanic,75-79,NA,36,1103,128718
White Hispanic,75-79,NA,37,239,25285
White Hispanic,75-79,NA,38,8,614
White Hispanic,75-79,NA,39,175,16888
White Hispanic,75-79,NA,40,71,8281
White Hispanic,75-79,NA,41,148,14243
White Hispanic,75-79,NA,42,218,24034
White Hispanic,75-79,NA,44,32,3985
White Hispanic,75-79,NA,45,97,8778
White Hispanic,75-79,NA,46,9,925
White Hispanic,75-79,NA,47,90,9070
White Hispanic,75-79,NA,48,6011,527413
White Hispanic,75-79,NA,49,78,10507
White Hispanic,75-79,NA,50,9,391
White Hispanic,75-79,NA,51,212,22099
White Hispanic,75-79,NA,53,229,22222
White Hispanic,75-79,NA,54,20,1701
White Hispanic,75-79,NA,55,81,10579
White Hispanic,75-79,NA,56,21,2249
White Hispanic,80+,NA,1,67,5703
White Hispanic,80+,NA,2,14,1432
White Hispanic,80+,NA,4,1100,95483
White Hispanic,80+,NA,5,52,3653
White Hispanic,80+,NA,6,6875,590886
White Hispanic,80+,NA,8,569,51845
White Hispanic,80+,NA,9,199,23017
White Hispanic,80+,NA,10,23,2605
White Hispanic,80+,NA,11,25,3307
White Hispanic,80+,NA,12,7351,638000
White Hispanic,80+,NA,13,289,25505
White Hispanic,80+,NA,15,44,2677
White Hispanic,80+,NA,16,62,6167
White Hispanic,80+,NA,17,672,74398
White Hispanic,80+,NA,18,134,12067
White Hispanic,80+,NA,19,54,4952
White Hispanic,80+,NA,20,97,8698
White Hispanic,80+,NA,21,42,3545
White Hispanic,80+,NA,22,246,18605
White Hispanic,80+,NA,23,21,1655
White Hispanic,80+,NA,24,166,16395
White Hispanic,80+,NA,25,269,27142
White Hispanic,80+,NA,26,188,17220
White Hispanic,80+,NA,27,57,6932
White Hispanic,80+,NA,28,41,3208
White Hispanic,80+,NA,29,99,9287
White Hispanic,80+,NA,30,12,954
White Hispanic,80+,NA,31,60,7086
White Hispanic,80+,NA,32,257,25982
White Hispanic,80+,NA,33,15,1666
White Hispanic,80+,NA,34,920,94100
White Hispanic,80+,NA,35,1014,85122
White Hispanic,80+,NA,36,1522,164667
White Hispanic,80+,NA,37,207,19543
White Hispanic,80+,NA,38,5,357
White Hispanic,80+,NA,39,221,21817
White Hispanic,80+,NA,40,87,9541
White Hispanic,80+,NA,41,131,11993
White Hispanic,80+,NA,42,252,27714
White Hispanic,80+,NA,44,40,6410
White Hispanic,80+,NA,45,114,10955
White Hispanic,80+,NA,46,10,570
White Hispanic,80+,NA,47,82,8230
White Hispanic,80+,NA,48,6748,561420
White Hispanic,80+,NA,49,101,11878
White Hispanic,80+,NA,50,11,639
White Hispanic,80+,NA,51,268,26765
White Hispanic,80+,NA,53,275,22702
White Hispanic,80+,NA,54,30,1897
White Hispanic,80+,NA,55,85,10841
White Hispanic,80+,NA,56,24,2197
Black Non-Hispanic,0-4,NA,1,1751,308929
Black Non-Hispanic,0-4,NA,2,13,3527
Black Non-Hispanic,0-4,NA,4,429,77164
Black Non-Hispanic,0-4,NA,5,625,114123
Black Non-Hispanic,0-4,NA,6,2207,385346
Black Non-Hispanic,0-4,NA,8,281,51179
Black Non-Hispanic,0-4,NA,9,434,68788
Black Non-Hispanic,0-4,NA,10,234,48976
Black Non-Hispanic,0-4,NA,11,287,60292
Black Non-Hispanic,0-4,NA,12,3750,775279
Black Non-Hispanic,0-4,NA,13,4131,765100
Black Non-Hispanic,0-4,NA,15,39,4984
Black Non-Hispanic,0-4,NA,16,38,4967
Black Non-Hispanic,0-4,NA,17,1688,371085
Black Non-Hispanic,0-4,NA,18,809,169251
Black Non-Hispanic,0-4,NA,19,176,45420
Black Non-Hispanic,0-4,NA,20,152,29318
Black Non-Hispanic,0-4,NA,21,476,81998
Black Non-Hispanic,0-4,NA,22,1934,359831
Black Non-Hispanic,0-4,NA,23,47,7184
Black Non-Hispanic,0-4,NA,24,2184,383473
Black Non-Hispanic,0-4,NA,25,713,121237
Black Non-Hispanic,0-4,NA,26,1288,323059
Black Non-Hispanic,0-4,NA,27,413,141251
Black Non-Hispanic,0-4,NA,28,1581,254987
Black Non-Hispanic,0-4,NA,29,725,166855
Black Non-Hispanic,0-4,NA,30,4,364
Black Non-Hispanic,0-4,NA,31,95,21536
Black Non-Hispanic,0-4,NA,32,321,68283
Black Non-Hispanic,0-4,NA,33,28,3795
Black Non-Hispanic,0-4,NA,34,1307,244073
Black Non-Hispanic,0-4,NA,35,38,6838
Black Non-Hispanic,0-4,NA,36,2727,567136
Black Non-Hispanic,0-4,NA,37,2706,447391
Black Non-Hispanic,0-4,NA,38,31,8653
Black Non-Hispanic,0-4,NA,39,1859,378562
Black Non-Hispanic,0-4,NA,40,328,62709
Black Non-Hispanic,0-4,NA,41,97,16775
Black Non-Hispanic,0-4,NA,42,1114,289960
Black Non-Hispanic,0-4,NA,44,66,12860
Black Non-Hispanic,0-4,NA,45,1691,288626
Black Non-Hispanic,0-4,NA,46,19,6399
Black Non-Hispanic,0-4,NA,47,1457,263405
Black Non-Hispanic,0-4,NA,48,4369,913889
Black Non-Hispanic,0-4,NA,49,79,13757
Black Non-Hispanic,0-4,NA,50,4,381
Black Non-Hispanic,0-4,NA,51,1934,331031
Black Non-Hispanic,0-4,NA,53,418,71735
Black Non-Hispanic,0-4,NA,54,82,10659
Black Non-Hispanic,0-4,NA,55,309,101793
Black Non-Hispanic,0-4,NA,56,10,638
Black Non-Hispanic,5-9,NA,1,2029,351978
Black Non-Hispanic,5-9,NA,2,10,2917
Black Non-Hispanic,5-9,NA,4,544,87690
Black Non-Hispanic,5-9,NA,5,749,132305
Black Non-Hispanic,5-9,NA,6,2620,417097
Black Non-Hispanic,5-9,NA,8,324,51051
Black Non-Hispanic,5-9,NA,9,484,77260
Black Non-Hispanic,5-9,NA,10,274,54416
Black Non-Hispanic,5-9,NA,11,330,69746
Black Non-Hispanic,5-9,NA,12,4605,876902
Black Non-Hispanic,5-9,NA,13,4863,860779
Black Non-Hispanic,5-9,NA,15,27,4650
Black Non-Hispanic,5-9,NA,16,37,3934
Black Non-Hispanic,5-9,NA,17,2234,426902
Black Non-Hispanic,5-9,NA,18,909,186153
Black Non-Hispanic,5-9,NA,19,184,40709
Black Non-Hispanic,5-9,NA,20,187,33780
Black Non-Hispanic,5-9,NA,21,573,90116
Black Non-Hispanic,5-9,NA,22,2148,383845
Black Non-Hispanic,5-9,NA,23,33,5610
Black Non-Hispanic,5-9,NA,24,2800,443551
Black Non-Hispanic,5-9,NA,25,818,116984
Black Non-Hispanic,5-9,NA,26,1563,344353
Black Non-Hispanic,5-9,NA,27,456,139452
Black Non-Hispanic,5-9,NA,28,1873,269134
Black Non-Hispanic,5-9,NA,29,868,176294
Black Non-Hispanic,5-9,NA,30,8,1160
Black Non-Hispanic,5-9,NA,31,125,26308
Black Non-Hispanic,5-9,NA,32,425,77311
Black Non-Hispanic,5-9,NA,33,30,4868
Black Non-Hispanic,5-9,NA,34,1553,260213
Black Non-Hispanic,5-9,NA,35,53,7644
Black Non-Hispanic,5-9,NA,36,3294,554915
Black Non-Hispanic,5-9,NA,37,3221,504853
Black Non-Hispanic,5-9,NA,38,28,8358
Black Non-Hispanic,5-9,NA,39,2134,396872
Black Non-Hispanic,5-9,NA,40,392,66276
Black Non-Hispanic,5-9,NA,41,108,16869
Black Non-Hispanic,5-9,NA,42,1255,321722
Black Non-Hispanic,5-9,NA,44,89,15783
Black Non-Hispanic,5-9,NA,45,2084,328471
Black Non-Hispanic,5-9,NA,46,25,6128
Black Non-Hispanic,5-9,NA,47,1725,283582
Black Non-Hispanic,5-9,NA,48,5271,977184
Black Non-Hispanic,5-9,NA,49,69,9802
Black Non-Hispanic,5-9,NA,50,12,716
Black Non-Hispanic,5-9,NA,51,2352,370427
Black Non-Hispanic,5-9,NA,53,509,82272
Black Non-Hispanic,5-9,NA,54,80,9963
Black Non-Hispanic,5-9,NA,55,392,110198
Black Non-Hispanic,5-9,NA,56,13,882
Black Non-Hispanic,10-14,NA,1,2245,360744
Black Non-Hispanic,10-14,NA,2,14,4616
Black Non-Hispanic,10-14,NA,4,607,88197
Black Non-Hispanic,10-14,NA,5,793,127534
Black Non-Hispanic,10-14,NA,6,3103,462029
Black Non-Hispanic,10-14,NA,8,388,60481
Black Non-Hispanic,10-14,NA,9,595,92873
Black Non-Hispanic,10-14,NA,10,360,66186
Black Non-Hispanic,10-14,NA,11,355,74995
Black Non-Hispanic,10-14,NA,12,5227,936721
Black Non-Hispanic,10-14,NA,13,5688,976304
Black Non-Hispanic,10-14,NA,15,18,3505
Black Non-Hispanic,10-14,NA,16,44,4792
Black Non-Hispanic,10-14,NA,17,2370,442793
Black Non-Hispanic,10-14,NA,18,978,174916
Black Non-Hispanic,10-14,NA,19,182,41492
Black Non-Hispanic,10-14,NA,20,196,35223
Black Non-Hispanic,10-14,NA,21,604,95977
Black Non-Hispanic,10-14,NA,22,2472,424858
Black Non-Hispanic,10-14,NA,23,64,9121
Black Non-Hispanic,10-14,NA,24,3085,460019
Black Non-Hispanic,10-14,NA,25,975,135188
Black Non-Hispanic,10-14,NA,26,1730,379396
Black Non-Hispanic,10-14,NA,27,522,146949
Black Non-Hispanic,10-14,NA,28,2239,335640
Black Non-Hispanic,10-14,NA,29,1049,203864
Black Non-Hispanic,10-14,NA,30,7,1018
Black Non-Hispanic,10-14,NA,31,146,28641
Black Non-Hispanic,10-14,NA,32,495,85683
Black Non-Hispanic,10-14,NA,33,31,5323
Black Non-Hispanic,10-14,NA,34,1808,302226
Black Non-Hispanic,10-14,NA,35,63,10038
Black Non-Hispanic,10-14,NA,36,4058,672153
Black Non-Hispanic,10-14,NA,37,3703,572384
Black Non-Hispanic,10-14,NA,38,29,8981
Black Non-Hispanic,10-14,NA,39,2326,419559
Black Non-Hispanic,10-14,NA,40,476,77129
Black Non-Hispanic,10-14,NA,41,160,23738
Black Non-Hispanic,10-14,NA,42,1587,387826
Black Non-Hispanic,10-14,NA,44,84,14322
Black Non-Hispanic,10-14,NA,45,2450,361994
Black Non-Hispanic,10-14,NA,46,29,9299
Black Non-Hispanic,10-14,NA,47,1933,309502
Black Non-Hispanic,10-14,NA,48,5864,1025290
Black Non-Hispanic,10-14,NA,49,89,11397
Black Non-Hispanic,10-14,NA,50,17,2028
Black Non-Hispanic,10-14,NA,51,2691,422671
Black Non-Hispanic,10-14,NA,53,530,77673
Black Non-Hispanic,10-14,NA,54,103,10937
Black Non-Hispanic,10-14,NA,55,451,124026
Black Non-Hispanic,10-14,NA,56,14,1701
Black Non-Hispanic,15-19,NA,1,3290,393225
Black Non-Hispanic,15-19,NA,2,31,5138
Black Non-Hispanic,15-19,NA,4,736,92779
Black Non-Hispanic,15-19,NA,5,1066,135795
Black Non-Hispanic,15-19,NA,6,4134,494329
Black Non-Hispanic,15-19,NA,8,476,60056
Black Non-Hispanic,15-19,NA,9,852,106138
Black Non-Hispanic,15-19,NA,10,371,65584
Black Non-Hispanic,15-19,NA,11,507,67742
Black Non-Hispanic,15-19,NA,12,6263,926918
Black Non-Hispanic,15-19,NA,13,6880,992590
Black Non-Hispanic,15-19,NA,15,48,5359
Black Non-Hispanic,15-19,NA,16,51,5400
Black Non-Hispanic,15-19,NA,17,2963,459013
Black Non-Hispanic,15-19,NA,18,1220,179930
Black Non-Hispanic,15-19,NA,19,337,42099
Black Non-Hispanic,15-19,NA,20,369,44908
Black Non-Hispanic,15-19,NA,21,784,101600
Black Non-Hispanic,15-19,NA,22,2990,433107
Black Non-Hispanic,15-19,NA,23,121,9537
Black Non-Hispanic,15-19,NA,24,3765,459011
Black Non-Hispanic,15-19,NA,25,1373,149209
Black Non-Hispanic,15-19,NA,26,2104,383410
Black Non-Hispanic,15-19,NA,27,691,142289
Black Non-Hispanic,15-19,NA,28,3015,352527
Black Non-Hispanic,15-19,NA,29,1281,193368
Black Non-Hispanic,15-19,NA,30,24,1921
Black Non-Hispanic,15-19,NA,31,195,26373
Black Non-Hispanic,15-19,NA,32,484,70186
Black Non-Hispanic,15-19,NA,33,57,6133
Black Non-Hispanic,15-19,NA,34,2217,297637
Black Non-Hispanic,15-19,NA,35,100,9846
Black Non-Hispanic,15-19,NA,36,5464,675445
Black Non-Hispanic,15-19,NA,37,5039,621720
Black Non-Hispanic,15-19,NA,38,34,5893
Black Non-Hispanic,15-19,NA,39,2920,414406
Black Non-Hispanic,15-19,NA,40,634,83951
Black Non-Hispanic,15-19,NA,41,217,24954
Black Non-Hispanic,15-19,NA,42,2398,383069
Black Non-Hispanic,15-19,NA,44,158,23977
Black Non-Hispanic,15-19,NA,45,3098,385142
Black Non-Hispanic,15-19,NA,46,44,8634
Black Non-Hispanic,15-19,NA,47,2284,297825
Black Non-Hispanic,15-19,NA,48,7537,1053549
Black Non-Hispanic,15-19,NA,49,180,16221
Black Non-Hispanic,15-19,NA,50,29,3189
Black Non-Hispanic,15-19,NA,51,3445,432437
Black Non-Hispanic,15-19,NA,53,637,81383
Black Non-Hispanic,15-19,NA,54,183,18983
Black Non-Hispanic,15-19,NA,55,592,118905
Black Non-Hispanic,15-19,NA,56,20,1939
Black Non-Hispanic,20-24,NA,1,2616,367996
Black Non-Hispanic,20-24,NA,2,73,6762
Black Non-Hispanic,20-24,NA,4,708,105716
Black Non-Hispanic,20-24,NA,5,927,138667
Black Non-Hispanic,20-24,NA,6,4248,561370
Black Non-Hispanic,20-24,NA,8,441,65029
Black Non-Hispanic,20-24,NA,9,805,107563
Black Non-Hispanic,20-24,NA,10,386,62383
Black Non-Hispanic,20-24,NA,11,501,74894
Black Non-Hispanic,20-24,NA,12,5896,958608
Black Non-Hispanic,20-24,NA,13,6308,984581
Black Non-Hispanic,20-24,NA,15,117,10042
Black Non-Hispanic,20-24,NA,16,69,8231
Black Non-Hispanic,20-24,NA,17,2838,470367
Black Non-Hispanic,20-24,NA,18,1009,181701
Black Non-Hispanic,20-24,NA,19,350,48315
Black Non-Hispanic,20-24,NA,20,377,47712
Black Non-Hispanic,20-24,NA,21,774,107715
Black Non-Hispanic,20-24,NA,22,2636,429991
Black Non-Hispanic,20-24,NA,23,98,9281
Black Non-Hispanic,20-24,NA,24,3342,461270
Black Non-Hispanic,20-24,NA,25,1460,153522
Black Non-Hispanic,20-24,NA,26,1872,377477
Black Non-Hispanic,20-24,NA,27,565,131991
Black Non-Hispanic,20-24,NA,28,2338,312425
Black Non-Hispanic,20-24,NA,29,1141,198600
Black Non-Hispanic,20-24,NA,30,22,1984
Black Non-Hispanic,20-24,NA,31,180,33310
Black Non-Hispanic,20-24,NA,32,432,71573
Black Non-Hispanic,20-24,NA,33,63,7647
Black Non-Hispanic,20-24,NA,34,2067,316453
Black Non-Hispanic,20-24,NA,35,124,12033
Black Non-Hispanic,20-24,NA,36,5718,731442
Black Non-Hispanic,20-24,NA,37,4694,627627
Black Non-Hispanic,20-24,NA,38,35,7116
Black Non-Hispanic,20-24,NA,39,2384,394283
Black Non-Hispanic,20-24,NA,40,634,87044
Black Non-Hispanic,20-24,NA,41,187,25911
Black Non-Hispanic,20-24,NA,42,2099,375931
Black Non-Hispanic,20-24,NA,44,157,18771
Black Non-Hispanic,20-24,NA,45,2601,367787
Black Non-Hispanic,20-24,NA,46,27,4852
Black Non-Hispanic,20-24,NA,47,2167,320179
Black Non-Hispanic,20-24,NA,48,6428,995843
Black Non-Hispanic,20-24,NA,49,142,17676
Black Non-Hispanic,20-24,NA,50,36,3001
Black Non-Hispanic,20-24,NA,51,3537,458517
Black Non-Hispanic,20-24,NA,53,696,94114
Black Non-Hispanic,20-24,NA,54,189,17411
Black Non-Hispanic,20-24,NA,55,572,107489
Black Non-Hispanic,20-24,NA,56,20,1556
Black Non-Hispanic,25-29,NA,1,2058,347544
Black Non-Hispanic,25-29,NA,2,59,8443
Black Non-Hispanic,25-29,NA,4,724,108484
Black Non-Hispanic,25-29,NA,5,739,109744
Black Non-Hispanic,25-29,NA,6,4259,624935
Black Non-Hispanic,25-29,NA,8,499,76369
Black Non-Hispanic,25-29,NA,9,736,111211
Black Non-Hispanic,25-29,NA,10,261,49656
Black Non-Hispanic,25-29,NA,11,512,85507
Black Non-Hispanic,25-29,NA,12,5405,940618
Black Non-Hispanic,25-29,NA,13,5900,967103
Black Non-Hispanic,25-29,NA,15,94,12656
Black Non-Hispanic,25-29,NA,16,49,4812
Black Non-Hispanic,25-29,NA,17,2779,504028
Black Non-Hispanic,25-29,NA,18,1024,187509
Black Non-Hispanic,25-29,NA,19,206,31812
Black Non-Hispanic,25-29,NA,20,247,48506
Black Non-Hispanic,25-29,NA,21,575,95977
Black Non-Hispanic,25-29,NA,22,2173,370201
Black Non-Hispanic,25-29,NA,23,55,9469
Black Non-Hispanic,25-29,NA,24,3136,485790
Black Non-Hispanic,25-29,NA,25,1104,158601
Black Non-Hispanic,25-29,NA,26,1860,382346
Black Non-Hispanic,25-29,NA,27,425,117058
Black Non-Hispanic,25-29,NA,28,1762,265185
Black Non-Hispanic,25-29,NA,29,1005,186388
Black Non-Hispanic,25-29,NA,30,15,1322
Black Non-Hispanic,25-29,NA,31,134,29471
Black Non-Hispanic,25-29,NA,32,543,91626
Black Non-Hispanic,25-29,NA,33,27,3815
Black Non-Hispanic,25-29,NA,34,2048,334389
Black Non-Hispanic,25-29,NA,35,79,13570
Black Non-Hispanic,25-29,NA,36,5108,790231
Black Non-Hispanic,25-29,NA,37,3699,594116
Black Non-Hispanic,25-29,NA,38,43,9555
Black Non-Hispanic,25-29,NA,39,2235,416178
Black Non-Hispanic,25-29,NA,40,492,83238
Black Non-Hispanic,25-29,NA,41,210,30469
Black Non-Hispanic,25-29,NA,42,1826,402289
Black Non-Hispanic,25-29,NA,44,111,20293
Black Non-Hispanic,25-29,NA,45,2075,331554
Black Non-Hispanic,25-29,NA,46,35,7924
Black Non-Hispanic,25-29,NA,47,1839,326043
Black Non-Hispanic,25-29,NA,48,6123,1117200
Black Non-Hispanic,25-29,NA,49,100,14214
Black Non-Hispanic,25-29,NA,50,19,2031
Black Non-Hispanic,25-29,NA,51,2730,414921
Black Non-Hispanic,25-29,NA,53,607,98962
Black Non-Hispanic,25-29,NA,54,136,13823
Black Non-Hispanic,25-29,NA,55,648,116208
Black Non-Hispanic,25-29,NA,56,15,2136
Black Non-Hispanic,30-34,NA,1,2266,372843
Black Non-Hispanic,30-34,NA,2,42,8537
Black Non-Hispanic,30-34,NA,4,819,116654
Black Non-Hispanic,30-34,NA,5,799,121693
Black Non-Hispanic,30-34,NA,6,4925,708693
Black Non-Hispanic,30-34,NA,8,571,82884
Black Non-Hispanic,30-34,NA,9,747,118743
Black Non-Hispanic,30-34,NA,10,347,61894
Black Non-Hispanic,30-34,NA,11,574,99776
Black Non-Hispanic,30-34,NA,12,6346,1039125
Black Non-Hispanic,30-34,NA,13,6117,1039985
Black Non-Hispanic,30-34,NA,15,81,10114
Black Non-Hispanic,30-34,NA,16,50,6285
Black Non-Hispanic,30-34,NA,17,2712,499916
Black Non-Hispanic,30-34,NA,18,1059,195367
Black Non-Hispanic,30-34,NA,19,204,39394
Black Non-Hispanic,30-34,NA,20,262,45665
Black Non-Hispanic,30-34,NA,21,650,101381
Black Non-Hispanic,30-34,NA,22,2434,402411
Black Non-Hispanic,30-34,NA,23,43,7459
Black Non-Hispanic,30-34,NA,24,3323,535092
Black Non-Hispanic,30-34,NA,25,1145,169102
Black Non-Hispanic,30-34,NA,26,1999,426883
Black Non-Hispanic,30-34,NA,27,508,136544
Black Non-Hispanic,30-34,NA,28,1906,271094
Black Non-Hispanic,30-34,NA,29,1089,203683
Black Non-Hispanic,30-34,NA,30,19,3159
Black Non-Hispanic,30-34,NA,31,136,24897
Black Non-Hispanic,30-34,NA,32,581,104911
Black Non-Hispanic,30-34,NA,33,56,9889
Black Non-Hispanic,30-34,NA,34,2136,354723
Black Non-Hispanic,30-34,NA,35,84,12093
Black Non-Hispanic,30-34,NA,36,5510,871318
Black Non-Hispanic,30-34,NA,37,4018,631303
Black Non-Hispanic,30-34,NA,38,20,8024
Black Non-Hispanic,30-34,NA,39,2433,442021
Black Non-Hispanic,30-34,NA,40,538,85053
Black Non-Hispanic,30-34,NA,41,257,33694
Black Non-Hispanic,30-34,NA,42,2046,434335
Black Non-Hispanic,30-34,NA,44,125,20689
Black Non-Hispanic,30-34,NA,45,2370,366563
Black Non-Hispanic,30-34,NA,46,19,3446
Black Non-Hispanic,30-34,NA,47,2071,339171
Black Non-Hispanic,30-34,NA,48,6572,1194192
Black Non-Hispanic,30-34,NA,49,107,13774
Black Non-Hispanic,30-34,NA,50,18,1955
Black Non-Hispanic,30-34,NA,51,3143,470700
Black Non-Hispanic,30-34,NA,53,725,110244
Black Non-Hispanic,30-34,NA,54,182,18098
Black Non-Hispanic,30-34,NA,55,680,112282
Black Non-Hispanic,30-34,NA,56,15,1242
Black Non-Hispanic,35-39,NA,1,2272,341426
Black Non-Hispanic,35-39,NA,2,41,9312
Black Non-Hispanic,35-39,NA,4,760,105372
Black Non-Hispanic,35-39,NA,5,813,117681
Black Non-Hispanic,35-39,NA,6,4536,599181
Black Non-Hispanic,35-39,NA,8,464,72512
Black Non-Hispanic,35-39,NA,9,723,101090
Black Non-Hispanic,35-39,NA,10,325,57979
Black Non-Hispanic,35-39,NA,11,517,80205
Black Non-Hispanic,35-39,NA,12,5929,912626
Black Non-Hispanic,35-39,NA,13,5883,923586
Black Non-Hispanic,35-39,NA,15,58,7561
Black Non-Hispanic,35-39,NA,16,25,3520
Black Non-Hispanic,35-39,NA,17,2630,441947
Black Non-Hispanic,35-39,NA,18,1017,182400
Black Non-Hispanic,35-39,NA,19,207,39155
Black Non-Hispanic,35-39,NA,20,281,45598
Black Non-Hispanic,35-39,NA,21,613,92144
Black Non-Hispanic,35-39,NA,22,2581,391769
Black Non-Hispanic,35-39,NA,23,66,11332
Black Non-Hispanic,35-39,NA,24,3413,502110
Black Non-Hispanic,35-39,NA,25,1022,141982
Black Non-Hispanic,35-39,NA,26,1586,303149
Black Non-Hispanic,35-39,NA,27,517,126972
Black Non-Hispanic,35-39,NA,28,1966,271437
Black Non-Hispanic,35-39,NA,29,1062,180737
Black Non-Hispanic,35-39,NA,30,12,1029
Black Non-Hispanic,35-39,NA,31,116,23618
Black Non-Hispanic,35-39,NA,32,597,94722
Black Non-Hispanic,35-39,NA,33,43,6496
Black Non-Hispanic,35-39,NA,34,2051,317380
Black Non-Hispanic,35-39,NA,35,87,11551
Black Non-Hispanic,35-39,NA,36,5253,725669
Black Non-Hispanic,35-39,NA,37,3955,577653
Black Non-Hispanic,35-39,NA,38,40,11363
Black Non-Hispanic,35-39,NA,39,2200,361352
Black Non-Hispanic,35-39,NA,40,479,70099
Black Non-Hispanic,35-39,NA,41,196,25487
Black Non-Hispanic,35-39,NA,42,1928,381426
Black Non-Hispanic,35-39,NA,44,112,19825
Black Non-Hispanic,35-39,NA,45,2346,345009
Black Non-Hispanic,35-39,NA,46,29,8952
Black Non-Hispanic,35-39,NA,47,1924,298482
Black Non-Hispanic,35-39,NA,48,6653,1093318
Black Non-Hispanic,35-39,NA,49,58,11205
Black Non-Hispanic,35-39,NA,50,15,2855
Black Non-Hispanic,35-39,NA,51,2969,445639
Black Non-Hispanic,35-39,NA,53,725,107435
Black Non-Hispanic,35-39,NA,54,139,17841
Black Non-Hispanic,35-39,NA,55,536,99564
Black Non-Hispanic,35-39,NA,56,12,1582
Black Non-Hispanic,40-44,NA,1,2451,351690
Black Non-Hispanic,40-44,NA,2,40,7505
Black Non-Hispanic,40-44,NA,4,676,87726
Black Non-Hispanic,40-44,NA,5,846,118725
Black Non-Hispanic,40-44,NA,6,4170,564277
Black Non-Hispanic,40-44,NA,8,446,70671
Black Non-Hispanic,40-44,NA,9,753,111750
Black Non-Hispanic,40-44,NA,10,345,62025
Black Non-Hispanic,40-44,NA,11,492,71533
Black Non-Hispanic,40-44,NA,12,5982,906783
Black Non-Hispanic,40-44,NA,13,6050,955807
Black Non-Hispanic,40-44,NA,15,45,8512
Black Non-Hispanic,40-44,NA,16,27,4027
Black Non-Hispanic,40-44,NA,17,2703,437980
Black Non-Hispanic,40-44,NA,18,953,159677
Black Non-Hispanic,40-44,NA,19,196,36741
Black Non-Hispanic,40-44,NA,20,263,45728
Black Non-Hispanic,40-44,NA,21,598,85985
Black Non-Hispanic,40-44,NA,22,2477,381389
Black Non-Hispanic,40-44,NA,23,44,8153
Black Non-Hispanic,40-44,NA,24,3518,511722
Black Non-Hispanic,40-44,NA,25,1053,144599
Black Non-Hispanic,40-44,NA,26,1752,330181
Black Non-Hispanic,40-44,NA,27,437,123887
Black Non-Hispanic,40-44,NA,28,2209,312197
Black Non-Hispanic,40-44,NA,29,1034,166534
Black Non-Hispanic,40-44,NA,30,9,892
Black Non-Hispanic,40-44,NA,31,131,24134
Black Non-Hispanic,40-44,NA,32,556,83724
Black Non-Hispanic,40-44,NA,33,41,7281
Black Non-Hispanic,40-44,NA,34,2152,330514
Black Non-Hispanic,40-44,NA,35,79,10093
Black Non-Hispanic,40-44,NA,36,5063,716898
Black Non-Hispanic,40-44,NA,37,4016,571975
Black Non-Hispanic,40-44,NA,38,34,9873
Black Non-Hispanic,40-44,NA,39,2207,368478
Black Non-Hispanic,40-44,NA,40,536,81730
Black Non-Hispanic,40-44,NA,41,172,23695
Black Non-Hispanic,40-44,NA,42,1651,339931
Black Non-Hispanic,40-44,NA,44,125,20742
Black Non-Hispanic,40-44,NA,45,2469,349870
Black Non-Hispanic,40-44,NA,46,31,6683
Black Non-Hispanic,40-44,NA,47,1832,291136
Black Non-Hispanic,40-44,NA,48,6840,1078087
Black Non-Hispanic,40-44,NA,49,59,7891
Black Non-Hispanic,40-44,NA,50,13,1883
Black Non-Hispanic,40-44,NA,51,3171,450519
Black Non-Hispanic,40-44,NA,53,684,99706
Black Non-Hispanic,40-44,NA,54,151,17845
Black Non-Hispanic,40-44,NA,55,489,92352
Black Non-Hispanic,40-44,NA,56,7,639
Black Non-Hispanic,45-49,NA,1,2517,319497
Black Non-Hispanic,45-49,NA,2,24,4219
Black Non-Hispanic,45-49,NA,4,660,86225
Black Non-Hispanic,45-49,NA,5,892,106701
Black Non-Hispanic,45-49,NA,6,3834,494684
Black Non-Hispanic,45-49,NA,8,407,51660
Black Non-Hispanic,45-49,NA,9,638,93373
Black Non-Hispanic,45-49,NA,10,344,50086
Black Non-Hispanic,45-49,NA,11,426,60708
Black Non-Hispanic,45-49,NA,12,5713,805228
Black Non-Hispanic,45-49,NA,13,6079,864171
Black Non-Hispanic,45-49,NA,15,53,5773
Black Non-Hispanic,45-49,NA,16,17,1798
Black Non-Hispanic,45-49,NA,17,2533,385764
Black Non-Hispanic,45-49,NA,18,1018,146444
Black Non-Hispanic,45-49,NA,19,137,29232
Black Non-Hispanic,45-49,NA,20,202,35687
Black Non-Hispanic,45-49,NA,21,575,74650
Black Non-Hispanic,45-49,NA,22,2296,314336
Black Non-Hispanic,45-49,NA,23,40,4814
Black Non-Hispanic,45-49,NA,24,3328,452008
Black Non-Hispanic,45-49,NA,25,996,124981
Black Non-Hispanic,45-49,NA,26,1827,298806
Black Non-Hispanic,45-49,NA,27,395,87506
Black Non-Hispanic,45-49,NA,28,2086,268145
Black Non-Hispanic,45-49,NA,29,970,143030
Black Non-Hispanic,45-49,NA,30,7,1278
Black Non-Hispanic,45-49,NA,31,126,22537
Black Non-Hispanic,45-49,NA,32,504,67039
Black Non-Hispanic,45-49,NA,33,29,4091
Black Non-Hispanic,45-49,NA,34,2060,291837
Black Non-Hispanic,45-49,NA,35,79,7920
Black Non-Hispanic,45-49,NA,36,4838,662494
Black Non-Hispanic,45-49,NA,37,4052,535946
Black Non-Hispanic,45-49,NA,38,21,6010
Black Non-Hispanic,45-49,NA,39,2003,297348
Black Non-Hispanic,45-49,NA,40,450,65837
Black Non-Hispanic,45-49,NA,41,140,20011
Black Non-Hispanic,45-49,NA,42,1651,296858
Black Non-Hispanic,45-49,NA,44,104,14915
Black Non-Hispanic,45-49,NA,45,2312,288138
Black Non-Hispanic,45-49,NA,46,25,6097
Black Non-Hispanic,45-49,NA,47,1874,249726
Black Non-Hispanic,45-49,NA,48,6320,924941
Black Non-Hispanic,45-49,NA,49,46,6967
Black Non-Hispanic,45-49,NA,50,10,717
Black Non-Hispanic,45-49,NA,51,2964,379787
Black Non-Hispanic,45-49,NA,53,609,82847
Black Non-Hispanic,45-49,NA,54,144,18110
Black Non-Hispanic,45-49,NA,55,447,72638
Black Non-Hispanic,45-49,NA,56,12,1330
Black Non-Hispanic,50-54,NA,1,2759,309213
Black Non-Hispanic,50-54,NA,2,34,5170
Black Non-Hispanic,50-54,NA,4,635,74344
Black Non-Hispanic,50-54,NA,5,895,99502
Black Non-Hispanic,50-54,NA,6,4463,537594
Black Non-Hispanic,50-54,NA,8,435,55948
Black Non-Hispanic,50-54,NA,9,744,98016
Black Non-Hispanic,50-54,NA,10,364,56082
Black Non-Hispanic,50-54,NA,11,517,62733
Black Non-Hispanic,50-54,NA,12,5966,802957
Black Non-Hispanic,50-54,NA,13,6656,871568
Black Non-Hispanic,50-54,NA,15,52,6620
Black Non-Hispanic,50-54,NA,16,25,2406
Black Non-Hispanic,50-54,NA,17,2986,423026
Black Non-Hispanic,50-54,NA,18,1062,143161
Black Non-Hispanic,50-54,NA,19,161,26553
Black Non-Hispanic,50-54,NA,20,219,31246
Black Non-Hispanic,50-54,NA,21,596,70838
Black Non-Hispanic,50-54,NA,22,2622,316633
Black Non-Hispanic,50-54,NA,23,26,4459
Black Non-Hispanic,50-54,NA,24,3803,484623
Black Non-Hispanic,50-54,NA,25,981,123064
Black Non-Hispanic,50-54,NA,26,2103,338674
Black Non-Hispanic,50-54,NA,27,360,85419
Black Non-Hispanic,50-54,NA,28,2297,251433
Black Non-Hispanic,50-54,NA,29,1086,150523
Black Non-Hispanic,50-54,NA,30,6,920
Black Non-Hispanic,50-54,NA,31,110,17831
Black Non-Hispanic,50-54,NA,32,541,66844
Black Non-Hispanic,50-54,NA,33,28,4889
Black Non-Hispanic,50-54,NA,34,2329,312342
Black Non-Hispanic,50-54,NA,35,75,9659
Black Non-Hispanic,50-54,NA,36,5461,697066
Black Non-Hispanic,50-54,NA,37,4563,554021
Black Non-Hispanic,50-54,NA,38,10,2076
Black Non-Hispanic,50-54,NA,39,2425,329885
Black Non-Hispanic,50-54,NA,40,453,62081
Black Non-Hispanic,50-54,NA,41,135,16028
Black Non-Hispanic,50-54,NA,42,1790,311910
Black Non-Hispanic,50-54,NA,44,98,15321
Black Non-Hispanic,50-54,NA,45,2668,310874
Black Non-Hispanic,50-54,NA,46,14,3007
Black Non-Hispanic,50-54,NA,47,2035,260057
Black Non-Hispanic,50-54,NA,48,6833,881084
Black Non-Hispanic,50-54,NA,49,48,7538
Black Non-Hispanic,50-54,NA,50,8,3241
Black Non-Hispanic,50-54,NA,51,3305,388928
Black Non-Hispanic,50-54,NA,53,527,75910
Black Non-Hispanic,50-54,NA,54,134,13104
Black Non-Hispanic,50-54,NA,55,459,76299
Black Non-Hispanic,50-54,NA,56,7,1977
Black Non-Hispanic,55-59,NA,1,2951,295794
Black Non-Hispanic,55-59,NA,2,36,4795
Black Non-Hispanic,55-59,NA,4,643,68541
Black Non-Hispanic,55-59,NA,5,1027,95577
Black Non-Hispanic,55-59,NA,6,5103,534510
Black Non-Hispanic,55-59,NA,8,399,46955
Black Non-Hispanic,55-59,NA,9,840,99102
Black Non-Hispanic,55-59,NA,10,397,56083
Black Non-Hispanic,55-59,NA,11,587,64274
Black Non-Hispanic,55-59,NA,12,6391,771916
Black Non-Hispanic,55-59,NA,13,7344,799020
Black Non-Hispanic,55-59,NA,15,38,3659
Black Non-Hispanic,55-59,NA,16,26,2503
Black Non-Hispanic,55-59,NA,17,3160,391989
Black Non-Hispanic,55-59,NA,18,994,126114
Black Non-Hispanic,55-59,NA,19,135,16970
Black Non-Hispanic,55-59,NA,20,272,36666
Black Non-Hispanic,55-59,NA,21,635,64925
Black Non-Hispanic,55-59,NA,22,3118,312594
Black Non-Hispanic,55-59,NA,23,20,3518
Black Non-Hispanic,55-59,NA,24,4117,473016
Black Non-Hispanic,55-59,NA,25,1027,119075
Black Non-Hispanic,55-59,NA,26,2248,305376
Black Non-Hispanic,55-59,NA,27,347,62164
Black Non-Hispanic,55-59,NA,28,2490,227880
Black Non-Hispanic,55-59,NA,29,1194,144505
Black Non-Hispanic,55-59,NA,30,7,799
Black Non-Hispanic,55-59,NA,31,102,15082
Black Non-Hispanic,55-59,NA,32,548,59749
Black Non-Hispanic,55-59,NA,33,30,3450
Black Non-Hispanic,55-59,NA,34,2791,321371
Black Non-Hispanic,55-59,NA,35,83,10036
Black Non-Hispanic,55-59,NA,36,6227,720309
Black Non-Hispanic,55-59,NA,37,5142,524742
Black Non-Hispanic,55-59,NA,38,12,2247
Black Non-Hispanic,55-59,NA,39,2572,301673
Black Non-Hispanic,55-59,NA,40,479,58660
Black Non-Hispanic,55-59,NA,41,148,14858
Black Non-Hispanic,55-59,NA,42,2009,309083
Black Non-Hispanic,55-59,NA,44,91,12073
Black Non-Hispanic,55-59,NA,45,3001,299246
Black Non-Hispanic,55-59,NA,46,13,2272
Black Non-Hispanic,55-59,NA,47,2263,246988
Black Non-Hispanic,55-59,NA,48,6879,784482
Black Non-Hispanic,55-59,NA,49,43,4050
Black Non-Hispanic,55-59,NA,50,14,1311
Black Non-Hispanic,55-59,NA,51,3717,397676
Black Non-Hispanic,55-59,NA,53,556,64204
Black Non-Hispanic,55-59,NA,54,131,11543
Black Non-Hispanic,55-59,NA,55,462,66325
Black Non-Hispanic,55-59,NA,56,8,1043
Black Non-Hispanic,60-64,NA,1,3357,321828
Black Non-Hispanic,60-64,NA,2,31,3754
Black Non-Hispanic,60-64,NA,4,707,71835
Black Non-Hispanic,60-64,NA,5,1141,103660
Black Non-Hispanic,60-64,NA,6,5688,580840
Black Non-Hispanic,60-64,NA,8,452,48153
Black Non-Hispanic,60-64,NA,9,755,90873
Black Non-Hispanic,60-64,NA,10,409,58658
Black Non-Hispanic,60-64,NA,11,680,71115
Black Non-Hispanic,60-64,NA,12,6861,758531
Black Non-Hispanic,60-64,NA,13,7529,795147
Black Non-Hispanic,60-64,NA,15,38,3792
Black Non-Hispanic,60-64,NA,16,12,857
Black Non-Hispanic,60-64,NA,17,3639,428047
Black Non-Hispanic,60-64,NA,18,1191,136486
Black Non-Hispanic,60-64,NA,19,135,21936
Black Non-Hispanic,60-64,NA,20,283,33583
Black Non-Hispanic,60-64,NA,21,812,87201
Black Non-Hispanic,60-64,NA,22,3411,334164
Black Non-Hispanic,60-64,NA,23,18,2079
Black Non-Hispanic,60-64,NA,24,4541,505975
Black Non-Hispanic,60-64,NA,25,994,110822
Black Non-Hispanic,60-64,NA,26,2393,313733
Black Non-Hispanic,60-64,NA,27,336,67494
Black Non-Hispanic,60-64,NA,28,3030,265788
Black Non-Hispanic,60-64,NA,29,1441,171070
Black Non-Hispanic,60-64,NA,30,4,547
Black Non-Hispanic,60-64,NA,31,126,19353
Black Non-Hispanic,60-64,NA,32,610,69170
Black Non-Hispanic,60-64,NA,33,23,3348
Black Non-Hispanic,60-64,NA,34,2669,290405
Black Non-Hispanic,60-64,NA,35,95,9709
Black Non-Hispanic,60-64,NA,36,6532,747439
Black Non-Hispanic,60-64,NA,37,5621,545602
Black Non-Hispanic,60-64,NA,38,8,2555
Black Non-Hispanic,60-64,NA,39,3016,341726
Black Non-Hispanic,60-64,NA,40,533,61158
Black Non-Hispanic,60-64,NA,41,154,16618
Black Non-Hispanic,60-64,NA,42,2123,316225
Black Non-Hispanic,60-64,NA,44,94,15210
Black Non-Hispanic,60-64,NA,45,3575,350763
Black Non-Hispanic,60-64,NA,46,18,3036
Black Non-Hispanic,60-64,NA,47,2452,265336
Black Non-Hispanic,60-64,NA,48,7495,801462
Black Non-Hispanic,60-64,NA,49,46,5994
Black Non-Hispanic,60-64,NA,50,9,1107
Black Non-Hispanic,60-64,NA,51,3996,422638
Black Non-Hispanic,60-64,NA,53,562,59018
Black Non-Hispanic,60-64,NA,54,121,11712
Black Non-Hispanic,60-64,NA,55,450,69819
Black Non-Hispanic,60-64,NA,56,10,1072
Black Non-Hispanic,65-69,NA,1,3385,296800
Black Non-Hispanic,65-69,NA,2,16,2993
Black Non-Hispanic,65-69,NA,4,595,60618
Black Non-Hispanic,65-69,NA,5,1089,95072
Black Non-Hispanic,65-69,NA,6,5090,459709
Black Non-Hispanic,65-69,NA,8,427,41120
Black Non-Hispanic,65-69,NA,9,615,64515
Black Non-Hispanic,65-69,NA,10,435,52054
Black Non-Hispanic,65-69,NA,11,650,58897
Black Non-Hispanic,65-69,NA,12,6109,631061
Black Non-Hispanic,65-69,NA,13,6720,615130
Black Non-Hispanic,65-69,NA,15,52,4884
Black Non-Hispanic,65-69,NA,16,8,730
Black Non-Hispanic,65-69,NA,17,3274,349108
Black Non-Hispanic,65-69,NA,18,1094,109039
Black Non-Hispanic,65-69,NA,19,94,13323
Black Non-Hispanic,65-69,NA,20,264,32130
Black Non-Hispanic,65-69,NA,21,696,66105
Black Non-Hispanic,65-69,NA,22,3460,293133
Black Non-Hispanic,65-69,NA,23,17,1525
Black Non-Hispanic,65-69,NA,24,3882,378905
Black Non-Hispanic,65-69,NA,25,870,91747
Black Non-Hispanic,65-69,NA,26,2244,270116
Black Non-Hispanic,65-69,NA,27,220,39800
Black Non-Hispanic,65-69,NA,28,2895,229887
Black Non-Hispanic,65-69,NA,29,1305,125749
Black Non-Hispanic,65-69,NA,30,6,647
Black Non-Hispanic,65-69,NA,31,105,12020
Black Non-Hispanic,65-69,NA,32,595,53523
Black Non-Hispanic,65-69,NA,33,14,1802
Black Non-Hispanic,65-69,NA,34,2203,214620
Black Non-Hispanic,65-69,NA,35,82,7467
Black Non-Hispanic,65-69,NA,36,5493,582018
Black Non-Hispanic,65-69,NA,37,5565,480903
Black Non-Hispanic,65-69,NA,38,3,295
Black Non-Hispanic,65-69,NA,39,3014,279935
Black Non-Hispanic,65-69,NA,40,497,53163
Black Non-Hispanic,65-69,NA,41,139,12240
Black Non-Hispanic,65-69,NA,42,2024,265571
Black Non-Hispanic,65-69,NA,44,113,12529
Black Non-Hispanic,65-69,NA,45,3459,292101
Black Non-Hispanic,65-69,NA,46,7,1529
Black Non-Hispanic,65-69,NA,47,2455,226637
Black Non-Hispanic,65-69,NA,48,6924,621540
Black Non-Hispanic,65-69,NA,49,29,2720
Black Non-Hispanic,65-69,NA,50,16,1373
Black Non-Hispanic,65-69,NA,51,3854,353889
Black Non-Hispanic,65-69,NA,53,424,48995
Black Non-Hispanic,65-69,NA,54,165,14593
Black Non-Hispanic,65-69,NA,55,409,54759
Black Non-Hispanic,65-69,NA,56,3,205
Black Non-Hispanic,70-74,NA,1,2464,209275
Black Non-Hispanic,70-74,NA,2,19,3895
Black Non-Hispanic,70-74,NA,4,436,37469
Black Non-Hispanic,70-74,NA,5,798,66458
Black Non-Hispanic,70-74,NA,6,3873,330551
Black Non-Hispanic,70-74,NA,8,269,26394
Black Non-Hispanic,70-74,NA,9,485,50928
Black Non-Hispanic,70-74,NA,10,325,33258
Black Non-Hispanic,70-74,NA,11,584,51846
Black Non-Hispanic,70-74,NA,12,4765,474478
Black Non-Hispanic,70-74,NA,13,5613,503105
Black Non-Hispanic,70-74,NA,15,29,2769
Black Non-Hispanic,70-74,NA,16,16,758
Black Non-Hispanic,70-74,NA,17,2596,266717
Black Non-Hispanic,70-74,NA,18,827,79546
Black Non-Hispanic,70-74,NA,19,71,7269
Black Non-Hispanic,70-74,NA,20,192,24127
Black Non-Hispanic,70-74,NA,21,546,48464
Black Non-Hispanic,70-74,NA,22,2823,228441
Black Non-Hispanic,70-74,NA,23,15,1123
Black Non-Hispanic,70-74,NA,24,3213,300265
Black Non-Hispanic,70-74,NA,25,639,63864
Black Non-Hispanic,70-74,NA,26,1781,211321
Black Non-Hispanic,70-74,NA,27,151,30181
Black Non-Hispanic,70-74,NA,28,2165,169595
Black Non-Hispanic,70-74,NA,29,1028,98104
Black Non-Hispanic,70-74,NA,30,1,20
Black Non-Hispanic,70-74,NA,31,87,10331
Black Non-Hispanic,70-74,NA,32,443,40085
Black Non-Hispanic,70-74,NA,33,16,2031
Black Non-Hispanic,70-74,NA,34,1801,178197
Black Non-Hispanic,70-74,NA,35,72,7519
Black Non-Hispanic,70-74,NA,36,4271,432895
Black Non-Hispanic,70-74,NA,37,4472,371056
Black Non-Hispanic,70-74,NA,38,7,913
Black Non-Hispanic,70-74,NA,39,2313,214552
Black Non-Hispanic,70-74,NA,40,370,39315
Black Non-Hispanic,70-74,NA,41,110,9106
Black Non-Hispanic,70-74,NA,42,1586,198121
Black Non-Hispanic,70-74,NA,44,70,9131
Black Non-Hispanic,70-74,NA,45,2977,242554
Black Non-Hispanic,70-74,NA,46,3,207
Black Non-Hispanic,70-74,NA,47,1848,160298
Black Non-Hispanic,70-74,NA,48,5121,454516
Black Non-Hispanic,70-74,NA,49,29,2845
Black Non-Hispanic,70-74,NA,50,5,671
Black Non-Hispanic,70-74,NA,51,2966,264801
Black Non-Hispanic,70-74,NA,53,314,33734
Black Non-Hispanic,70-74,NA,54,117,8752
Black Non-Hispanic,70-74,NA,55,249,32746
Black Non-Hispanic,70-74,NA,56,2,266
Black Non-Hispanic,75-79,NA,1,1600,127461
Black Non-Hispanic,75-79,NA,2,11,1765
Black Non-Hispanic,75-79,NA,4,270,24824
Black Non-Hispanic,75-79,NA,5,488,40092
Black Non-Hispanic,75-79,NA,6,2664,214435
Black Non-Hispanic,75-79,NA,8,160,15271
Black Non-Hispanic,75-79,NA,9,358,30311
Black Non-Hispanic,75-79,NA,10,196,19531
Black Non-Hispanic,75-79,NA,11,417,33078
Black Non-Hispanic,75-79,NA,12,3136,302767
Black Non-Hispanic,75-79,NA,13,3365,283474
Black Non-Hispanic,75-79,NA,15,23,1781
Black Non-Hispanic,75-79,NA,16,4,350
Black Non-Hispanic,75-79,NA,17,1730,181842
Black Non-Hispanic,75-79,NA,18,500,51652
Black Non-Hispanic,75-79,NA,19,59,4720
Black Non-Hispanic,75-79,NA,20,121,14707
Black Non-Hispanic,75-79,NA,21,319,27199
Black Non-Hispanic,75-79,NA,22,1620,132574
Black Non-Hispanic,75-79,NA,23,9,1149
Black Non-Hispanic,75-79,NA,24,2085,186165
Black Non-Hispanic,75-79,NA,25,462,39605
Black Non-Hispanic,75-79,NA,26,1159,131556
Black Non-Hispanic,75-79,NA,27,82,13100
Black Non-Hispanic,75-79,NA,28,1246,93577
Black Non-Hispanic,75-79,NA,29,578,57997
Black Non-Hispanic,75-79,NA,30,3,401
Black Non-Hispanic,75-79,NA,31,43,4675
Black Non-Hispanic,75-79,NA,32,283,26864
Black Non-Hispanic,75-79,NA,33,9,850
Black Non-Hispanic,75-79,NA,34,1249,112589
Black Non-Hispanic,75-79,NA,35,37,3285
Black Non-Hispanic,75-79,NA,36,3125,318893
Black Non-Hispanic,75-79,NA,37,2744,222977
Black Non-Hispanic,75-79,NA,38,4,387
Black Non-Hispanic,75-79,NA,39,1373,125414
Black Non-Hispanic,75-79,NA,40,209,19054
Black Non-Hispanic,75-79,NA,41,58,5333
Black Non-Hispanic,75-79,NA,42,1039,130194
Black Non-Hispanic,75-79,NA,44,46,3697
Black Non-Hispanic,75-79,NA,45,1780,134489
Black Non-Hispanic,75-79,NA,46,2,134
Black Non-Hispanic,75-79,NA,47,1054,93656
Black Non-Hispanic,75-79,NA,48,3176,262679
Black Non-Hispanic,75-79,NA,49,8,1058
Black Non-Hispanic,75-79,NA,50,5,209
Black Non-Hispanic,75-79,NA,51,1892,166521
Black Non-Hispanic,75-79,NA,53,196,19337
Black Non-Hispanic,75-79,NA,54,70,5690
Black Non-Hispanic,75-79,NA,55,163,23768
Black Non-Hispanic,75-79,NA,56,2,334
Black Non-Hispanic,80+,NA,1,1695,127177
Black Non-Hispanic,80+,NA,2,7,966
Black Non-Hispanic,80+,NA,4,275,24832
Black Non-Hispanic,80+,NA,5,493,37750
Black Non-Hispanic,80+,NA,6,3354,274183
Black Non-Hispanic,80+,NA,8,210,18983
Black Non-Hispanic,80+,NA,9,438,40099
Black Non-Hispanic,80+,NA,10,249,26140
Black Non-Hispanic,80+,NA,11,555,43935
Black Non-Hispanic,80+,NA,12,3780,352791
Black Non-Hispanic,80+,NA,13,3298,268012
Black Non-Hispanic,80+,NA,15,19,1758
Black Non-Hispanic,80+,NA,16,2,150
Black Non-Hispanic,80+,NA,17,2078,205003
Black Non-Hispanic,80+,NA,18,556,52008
Black Non-Hispanic,80+,NA,19,45,3932
Black Non-Hispanic,80+,NA,20,132,13745
Black Non-Hispanic,80+,NA,21,365,31810
Black Non-Hispanic,80+,NA,22,1813,140767
Black Non-Hispanic,80+,NA,23,4,291
Black Non-Hispanic,80+,NA,24,2381,207725
Black Non-Hispanic,80+,NA,25,515,47790
Black Non-Hispanic,80+,NA,26,1463,158310
Black Non-Hispanic,80+,NA,27,120,16831
Black Non-Hispanic,80+,NA,28,1303,94611
Black Non-Hispanic,80+,NA,29,766,72382
Black Non-Hispanic,80+,NA,30,2,139
Black Non-Hispanic,80+,NA,31,46,5133
Black Non-Hispanic,80+,NA,32,298,26186
Black Non-Hispanic,80+,NA,33,6,952
Black Non-Hispanic,80+,NA,34,1558,140280
Black Non-Hispanic,80+,NA,35,36,4173
Black Non-Hispanic,80+,NA,36,4139,397126
Black Non-Hispanic,80+,NA,37,2860,222276
Black Non-Hispanic,80+,NA,38,1,217
Black Non-Hispanic,80+,NA,39,1819,164496
Black Non-Hispanic,80+,NA,40,264,23633
Black Non-Hispanic,80+,NA,41,69,5421
Black Non-Hispanic,80+,NA,42,1193,146504
Black Non-Hispanic,80+,NA,44,45,5143
Black Non-Hispanic,80+,NA,45,1820,142768
Black Non-Hispanic,80+,NA,46,2,196
Black Non-Hispanic,80+,NA,47,1105,92019
Black Non-Hispanic,80+,NA,48,3322,258332
Black Non-Hispanic,80+,NA,49,15,1140
Black Non-Hispanic,80+,NA,50,1,6
Black Non-Hispanic,80+,NA,51,2065,177746
Black Non-Hispanic,80+,NA,53,176,16706
Black Non-Hispanic,80+,NA,54,89,6630
Black Non-Hispanic,80+,NA,55,180,23443
Black Non-Hispanic,80+,NA,56,2,218
Black Hispanic,0-4,NA,1,34,5556
Black Hispanic,0-4,NA,2,4,567
Black Hispanic,0-4,NA,4,123,18518
Black Hispanic,0-4,NA,5,20,3229
Black Hispanic,0-4,NA,6,590,86063
Black Hispanic,0-4,NA,8,63,14418
Black Hispanic,0-4,NA,9,122,23019
Black Hispanic,0-4,NA,10,22,4288
Black Hispanic,0-4,NA,11,13,2407
Black Hispanic,0-4,NA,12,481,81181
Black Hispanic,0-4,NA,13,191,27514
Black Hispanic,0-4,NA,15,11,1283
Black Hispanic,0-4,NA,16,4,542
Black Hispanic,0-4,NA,17,182,28742
Black Hispanic,0-4,NA,18,60,10714
Black Hispanic,0-4,NA,19,15,3627
Black Hispanic,0-4,NA,20,24,4236
Black Hispanic,0-4,NA,21,22,3162
Black Hispanic,0-4,NA,22,46,7584
Black Hispanic,0-4,NA,23,6,578
Black Hispanic,0-4,NA,24,129,23174
Black Hispanic,0-4,NA,25,165,31240
Black Hispanic,0-4,NA,26,48,8310
Black Hispanic,0-4,NA,27,8,1195
Black Hispanic,0-4,NA,28,15,2266
Black Hispanic,0-4,NA,29,31,3815
Black Hispanic,0-4,NA,31,13,4058
Black Hispanic,0-4,NA,32,93,14185
Black Hispanic,0-4,NA,33,16,2144
Black Hispanic,0-4,NA,34,285,47693
Black Hispanic,0-4,NA,35,24,2835
Black Hispanic,0-4,NA,36,656,129469
Black Hispanic,0-4,NA,37,158,25629
Black Hispanic,0-4,NA,38,4,1494
Black Hispanic,0-4,NA,39,103,15108
Black Hispanic,0-4,NA,40,42,5900
Black Hispanic,0-4,NA,41,21,2696
Black Hispanic,0-4,NA,42,179,42790
Black Hispanic,0-4,NA,44,30,5453
Black Hispanic,0-4,NA,45,47,6325
Black Hispanic,0-4,NA,46,4,308
Black Hispanic,0-4,NA,47,38,7207
Black Hispanic,0-4,NA,48,542,86102
Black Hispanic,0-4,NA,49,11,1928
Black Hispanic,0-4,NA,51,124,18395
Black Hispanic,0-4,NA,53,45,6728
Black Hispanic,0-4,NA,54,5,498
Black Hispanic,0-4,NA,55,30,8726
Black Hispanic,0-4,NA,56,1,164
Black Hispanic,5-9,NA,1,34,4274
Black Hispanic,5-9,NA,2,3,641
Black Hispanic,5-9,NA,4,123,15632
Black Hispanic,5-9,NA,5,15,2460
Black Hispanic,5-9,NA,6,654,87152
Black Hispanic,5-9,NA,8,50,7159
Black Hispanic,5-9,NA,9,140,22365
Black Hispanic,5-9,NA,10,28,5255
Black Hispanic,5-9,NA,11,12,3966
Black Hispanic,5-9,NA,12,514,71174
Black Hispanic,5-9,NA,13,199,28696
Black Hispanic,5-9,NA,15,8,1062
Black Hispanic,5-9,NA,16,9,1105
Black Hispanic,5-9,NA,17,151,23882
Black Hispanic,5-9,NA,18,63,9999
Black Hispanic,5-9,NA,19,6,1089
Black Hispanic,5-9,NA,20,20,4453
Black Hispanic,5-9,NA,21,18,2688
Black Hispanic,5-9,NA,22,48,5105
Black Hispanic,5-9,NA,23,4,220
Black Hispanic,5-9,NA,24,94,16083
Black Hispanic,5-9,NA,25,178,25294
Black Hispanic,5-9,NA,26,58,9063
Black Hispanic,5-9,NA,27,18,5043
Black Hispanic,5-9,NA,28,16,1677
Black Hispanic,5-9,NA,29,23,2996
Black Hispanic,5-9,NA,31,10,2191
Black Hispanic,5-9,NA,32,82,12072
Black Hispanic,5-9,NA,33,11,813
Black Hispanic,5-9,NA,34,325,49056
Black Hispanic,5-9,NA,35,37,3771
Black Hispanic,5-9,NA,36,724,126095
Black Hispanic,5-9,NA,37,142,19772
Black Hispanic,5-9,NA,39,102,15628
Black Hispanic,5-9,NA,40,39,4904
Black Hispanic,5-9,NA,41,21,3099
Black Hispanic,5-9,NA,42,215,46160
Black Hispanic,5-9,NA,44,39,7468
Black Hispanic,5-9,NA,45,55,7359
Black Hispanic,5-9,NA,47,45,7689
Black Hispanic,5-9,NA,48,608,90972
Black Hispanic,5-9,NA,49,9,1822
Black Hispanic,5-9,NA,50,2,122
Black Hispanic,5-9,NA,51,102,13362
Black Hispanic,5-9,NA,53,52,6892
Black Hispanic,5-9,NA,54,4,283
Black Hispanic,5-9,NA,55,34,10496
Black Hispanic,10-14,NA,1,31,4028
Black Hispanic,10-14,NA,2,2,506
Black Hispanic,10-14,NA,4,145,16288
Black Hispanic,10-14,NA,5,14,1653
Black Hispanic,10-14,NA,6,691,87755
Black Hispanic,10-14,NA,8,63,9786
Black Hispanic,10-14,NA,9,146,23503
Black Hispanic,10-14,NA,10,19,3000
Black Hispanic,10-14,NA,11,13,2913
Black Hispanic,10-14,NA,12,538,75861
Black Hispanic,10-14,NA,13,209,29417
Black Hispanic,10-14,NA,15,2,165
Black Hispanic,10-14,NA,16,4,547
Black Hispanic,10-14,NA,17,145,24125
Black Hispanic,10-14,NA,18,47,8420
Black Hispanic,10-14,NA,19,16,4516
Black Hispanic,10-14,NA,20,31,3842
Black Hispanic,10-14,NA,21,23,3124
Black Hispanic,10-14,NA,22,54,8479
Black Hispanic,10-14,NA,23,4,295
Black Hispanic,10-14,NA,24,128,20166
Black Hispanic,10-14,NA,25,184,25918
Black Hispanic,10-14,NA,26,79,11666
Black Hispanic,10-14,NA,27,20,2122
Black Hispanic,10-14,NA,28,17,2371
Black Hispanic,10-14,NA,29,20,3829
Black Hispanic,10-14,NA,30,1,80
Black Hispanic,10-14,NA,31,19,3516
Black Hispanic,10-14,NA,32,68,10983
Black Hispanic,10-14,NA,33,11,1815
Black Hispanic,10-14,NA,34,305,43080
Black Hispanic,10-14,NA,35,28,5527
Black Hispanic,10-14,NA,36,734,130751
Black Hispanic,10-14,NA,37,164,23163
Black Hispanic,10-14,NA,39,98,11639
Black Hispanic,10-14,NA,40,43,5874
Black Hispanic,10-14,NA,41,18,2671
Black Hispanic,10-14,NA,42,210,45363
Black Hispanic,10-14,NA,44,38,6305
Black Hispanic,10-14,NA,45,61,9059
Black Hispanic,10-14,NA,46,1,87
Black Hispanic,10-14,NA,47,36,4928
Black Hispanic,10-14,NA,48,601,86696
Black Hispanic,10-14,NA,49,19,2607
Black Hispanic,10-14,NA,50,1,73
Black Hispanic,10-14,NA,51,125,20149
Black Hispanic,10-14,NA,53,58,7043
Black Hispanic,10-14,NA,54,3,278
Black Hispanic,10-14,NA,55,29,7712
Black Hispanic,10-14,NA,56,1,977
Black Hispanic,15-19,NA,1,26,3033
Black Hispanic,15-19,NA,2,4,455
Black Hispanic,15-19,NA,4,142,13846
Black Hispanic,15-19,NA,5,17,1739
Black Hispanic,15-19,NA,6,670,73396
Black Hispanic,15-19,NA,8,70,8035
Black Hispanic,15-19,NA,9,186,20165
Black Hispanic,15-19,NA,10,38,4387
Black Hispanic,15-19,NA,11,21,2664
Black Hispanic,15-19,NA,12,585,69754
Black Hispanic,15-19,NA,13,190,24327
Black Hispanic,15-19,NA,15,10,555
Black Hispanic,15-19,NA,16,2,101
Black Hispanic,15-19,NA,17,159,20705
Black Hispanic,15-19,NA,18,47,6956
Black Hispanic,15-19,NA,19,15,2123
Black Hispanic,15-19,NA,20,36,3422
Black Hispanic,15-19,NA,21,37,2867
Black Hispanic,15-19,NA,22,40,4295
Black Hispanic,15-19,NA,23,9,856
Black Hispanic,15-19,NA,24,125,15268
Black Hispanic,15-19,NA,25,251,27806
Black Hispanic,15-19,NA,26,63,9423
Black Hispanic,15-19,NA,27,17,3854
Black Hispanic,15-19,NA,28,24,3595
Black Hispanic,15-19,NA,29,18,2034
Black Hispanic,15-19,NA,30,1,134
Black Hispanic,15-19,NA,31,11,1949
Black Hispanic,15-19,NA,32,60,8404
Black Hispanic,15-19,NA,33,6,1463
Black Hispanic,15-19,NA,34,400,44986
Black Hispanic,15-19,NA,35,33,4115
Black Hispanic,15-19,NA,36,943,122329
Black Hispanic,15-19,NA,37,196,21274
Black Hispanic,15-19,NA,38,1,27
Black Hispanic,15-19,NA,39,106,14902
Black Hispanic,15-19,NA,40,40,5300
Black Hispanic,15-19,NA,41,22,2826
Black Hispanic,15-19,NA,42,238,35437
Black Hispanic,15-19,NA,44,52,7152
Black Hispanic,15-19,NA,45,57,7433
Black Hispanic,15-19,NA,46,3,119
Black Hispanic,15-19,NA,47,49,6988
Black Hispanic,15-19,NA,48,627,76565
Black Hispanic,15-19,NA,49,17,2035
Black Hispanic,15-19,NA,50,1,79
Black Hispanic,15-19,NA,51,168,18772
Black Hispanic,15-19,NA,53,56,7118
Black Hispanic,15-19,NA,54,11,909
Black Hispanic,15-19,NA,55,20,3639
Black Hispanic,15-19,NA,56,3,161
Black Hispanic,20-24,NA,1,47,5110
Black Hispanic,20-24,NA,2,12,1375
Black Hispanic,20-24,NA,4,94,13126
Black Hispanic,20-24,NA,5,12,1202
Black Hispanic,20-24,NA,6,647,65745
Black Hispanic,20-24,NA,8,78,9882
Black Hispanic,20-24,NA,9,149,17954
Black Hispanic,20-24,NA,10,27,3562
Black Hispanic,20-24,NA,11,19,1786
Black Hispanic,20-24,NA,12,549,72289
Black Hispanic,20-24,NA,13,187,18278
Black Hispanic,20-24,NA,15,14,1008
Black Hispanic,20-24,NA,16,7,680
Black Hispanic,20-24,NA,17,129,18814
Black Hispanic,20-24,NA,18,52,6918
Black Hispanic,20-24,NA,19,14,1255
Black Hispanic,20-24,NA,20,35,4097
Black Hispanic,20-24,NA,21,27,2683
Black Hispanic,20-24,NA,22,44,5295
Black Hispanic,20-24,NA,23,7,329
Black Hispanic,20-24,NA,24,115,12967
Black Hispanic,20-24,NA,25,233,28254
Black Hispanic,20-24,NA,26,56,10155
Black Hispanic,20-24,NA,27,20,3896
Black Hispanic,20-24,NA,28,18,2055
Black Hispanic,20-24,NA,29,27,4044
Black Hispanic,20-24,NA,30,5,419
Black Hispanic,20-24,NA,31,14,4506
Black Hispanic,20-24,NA,32,56,7943
Black Hispanic,20-24,NA,33,14,2321
Black Hispanic,20-24,NA,34,320,40991
Black Hispanic,20-24,NA,35,39,7582
Black Hispanic,20-24,NA,36,934,121758
Black Hispanic,20-24,NA,37,198,20491
Black Hispanic,20-24,NA,38,1,167
Black Hispanic,20-24,NA,39,103,13632
Black Hispanic,20-24,NA,40,23,2385
Black Hispanic,20-24,NA,41,17,3015
Black Hispanic,20-24,NA,42,194,29088
Black Hispanic,20-24,NA,44,44,7201
Black Hispanic,20-24,NA,45,47,5695
Black Hispanic,20-24,NA,47,44,5193
Black Hispanic,20-24,NA,48,449,64016
Black Hispanic,20-24,NA,49,14,2003
Black Hispanic,20-24,NA,50,8,489
Black Hispanic,20-24,NA,51,148,17630
Black Hispanic,20-24,NA,53,50,5250
Black Hispanic,20-24,NA,54,9,894
Black Hispanic,20-24,NA,55,33,4706
Black Hispanic,20-24,NA,56,1,72
Black Hispanic,25-29,NA,1,29,3897
Black Hispanic,25-29,NA,2,5,1112
Black Hispanic,25-29,NA,4,60,7712
Black Hispanic,25-29,NA,5,3,173
Black Hispanic,25-29,NA,6,502,52755
Black Hispanic,25-29,NA,8,56,6540
Black Hispanic,25-29,NA,9,126,17927
Black Hispanic,25-29,NA,10,13,2268
Black Hispanic,25-29,NA,11,12,973
Black Hispanic,25-29,NA,12,521,68701
Black Hispanic,25-29,NA,13,164,16274
Black Hispanic,25-29,NA,15,9,1562
Black Hispanic,25-29,NA,16,4,766
Black Hispanic,25-29,NA,17,98,14080
Black Hispanic,25-29,NA,18,33,5165
Black Hispanic,25-29,NA,19,9,2172
Black Hispanic,25-29,NA,20,17,2340
Black Hispanic,25-29,NA,21,27,2886
Black Hispanic,25-29,NA,22,41,4062
Black Hispanic,25-29,NA,23,5,577
Black Hispanic,25-29,NA,24,94,8663
Black Hispanic,25-29,NA,25,193,25877
Black Hispanic,25-29,NA,26,53,7335
Black Hispanic,25-29,NA,27,10,916
Black Hispanic,25-29,NA,28,12,1549
Black Hispanic,25-29,NA,29,23,2322
Black Hispanic,25-29,NA,30,2,35
Black Hispanic,25-29,NA,31,20,4183
Black Hispanic,25-29,NA,32,54,7131
Black Hispanic,25-29,NA,33,8,1015
Black Hispanic,25-29,NA,34,285,34205
Black Hispanic,25-29,NA,35,12,2103
Black Hispanic,25-29,NA,36,838,119301
Black Hispanic,25-29,NA,37,152,15398
Black Hispanic,25-29,NA,38,2,1211
Black Hispanic,25-29,NA,39,82,11038
Black Hispanic,25-29,NA,40,37,5268
Black Hispanic,25-29,NA,41,23,4075
Black Hispanic,25-29,NA,42,165,32961
Black Hispanic,25-29,NA,44,36,6050
Black Hispanic,25-29,NA,45,39,4689
Black Hispanic,25-29,NA,46,3,710
Black Hispanic,25-29,NA,47,35,3504
Black Hispanic,25-29,NA,48,406,60680
Black Hispanic,25-29,NA,49,11,1817
Black Hispanic,25-29,NA,50,2,446
Black Hispanic,25-29,NA,51,128,15196
Black Hispanic,25-29,NA,53,60,6946
Black Hispanic,25-29,NA,54,9,932
Black Hispanic,25-29,NA,55,23,3672
Black Hispanic,25-29,NA,56,1,301
Black Hispanic,30-34,NA,1,29,2585
Black Hispanic,30-34,NA,2,4,572
Black Hispanic,30-34,NA,4,74,10072
Black Hispanic,30-34,NA,5,9,1782
Black Hispanic,30-34,NA,6,531,61339
Black Hispanic,30-34,NA,8,58,6572
Black Hispanic,30-34,NA,9,101,14337
Black Hispanic,30-34,NA,10,21,4010
Black Hispanic,30-34,NA,11,24,3111
Black Hispanic,30-34,NA,12,600,81982
Black Hispanic,30-34,NA,13,173,19583
Black Hispanic,30-34,NA,15,12,1761
Black Hispanic,30-34,NA,16,8,1242
Black Hispanic,30-34,NA,17,102,14928
Black Hispanic,30-34,NA,18,27,4350
Black Hispanic,30-34,NA,19,8,830
Black Hispanic,30-34,NA,20,19,3089
Black Hispanic,30-34,NA,21,15,1983
Black Hispanic,30-34,NA,22,41,4782
Black Hispanic,30-34,NA,23,7,542
Black Hispanic,30-34,NA,24,117,11119
Black Hispanic,30-34,NA,25,190,26203
Black Hispanic,30-34,NA,26,47,6485
Black Hispanic,30-34,NA,27,8,1407
Black Hispanic,30-34,NA,28,8,861
Black Hispanic,30-34,NA,29,24,2098
Black Hispanic,30-34,NA,30,1,134
Black Hispanic,30-34,NA,31,12,2661
Black Hispanic,30-34,NA,32,53,7921
Black Hispanic,30-34,NA,33,14,1809
Black Hispanic,30-34,NA,34,273,35926
Black Hispanic,30-34,NA,35,28,4567
Black Hispanic,30-34,NA,36,883,122571
Black Hispanic,30-34,NA,37,112,13395
Black Hispanic,30-34,NA,38,1,33
Black Hispanic,30-34,NA,39,91,12484
Black Hispanic,30-34,NA,40,19,2157
Black Hispanic,30-34,NA,41,22,3001
Black Hispanic,30-34,NA,42,161,28040
Black Hispanic,30-34,NA,44,29,5041
Black Hispanic,30-34,NA,45,35,3598
Black Hispanic,30-34,NA,46,5,859
Black Hispanic,30-34,NA,47,33,2886
Black Hispanic,30-34,NA,48,382,59526
Black Hispanic,30-34,NA,49,10,1364
Black Hispanic,30-34,NA,51,106,12981
Black Hispanic,30-34,NA,53,67,7871
Black Hispanic,30-34,NA,54,3,559
Black Hispanic,30-34,NA,55,29,5360
Black Hispanic,30-34,NA,56,3,410
Black Hispanic,35-39,NA,1,14,1622
Black Hispanic,35-39,NA,2,2,206
Black Hispanic,35-39,NA,4,60,7228
Black Hispanic,35-39,NA,5,5,606
Black Hispanic,35-39,NA,6,326,41197
Black Hispanic,35-39,NA,8,37,6028
Black Hispanic,35-39,NA,9,89,12769
Black Hispanic,35-39,NA,10,10,1516
Black Hispanic,35-39,NA,11,9,1817
Black Hispanic,35-39,NA,12,533,74018
Black Hispanic,35-39,NA,13,148,19304
Black Hispanic,35-39,NA,15,7,860
Black Hispanic,35-39,NA,16,1,117
Black Hispanic,35-39,NA,17,64,9573
Black Hispanic,35-39,NA,18,27,4291
Black Hispanic,35-39,NA,19,7,1238
Black Hispanic,35-39,NA,20,15,1888
Black Hispanic,35-39,NA,21,16,1936
Black Hispanic,35-39,NA,22,39,5397
Black Hispanic,35-39,NA,23,5,737
Black Hispanic,35-39,NA,24,92,11544
Black Hispanic,35-39,NA,25,143,20714
Black Hispanic,35-39,NA,26,40,6613
Black Hispanic,35-39,NA,27,8,1121
Black Hispanic,35-39,NA,28,6,796
Black Hispanic,35-39,NA,29,19,2492
Black Hispanic,35-39,NA,30,1,102
Black Hispanic,35-39,NA,31,6,1316
Black Hispanic,35-39,NA,32,38,5282
Black Hispanic,35-39,NA,33,4,1049
Black Hispanic,35-39,NA,34,226,29886
Black Hispanic,35-39,NA,35,14,1825
Black Hispanic,35-39,NA,36,688,95577
Black Hispanic,35-39,NA,37,80,9607
Black Hispanic,35-39,NA,38,1,876
Black Hispanic,35-39,NA,39,63,8279
Black Hispanic,35-39,NA,40,21,3459
Black Hispanic,35-39,NA,41,17,2507
Black Hispanic,35-39,NA,42,147,30272
Black Hispanic,35-39,NA,44,31,4475
Black Hispanic,35-39,NA,45,46,7093
Black Hispanic,35-39,NA,46,4,75
Black Hispanic,35-39,NA,47,30,3639
Black Hispanic,35-39,NA,48,300,44472
Black Hispanic,35-39,NA,49,9,1645
Black Hispanic,35-39,NA,50,2,292
Black Hispanic,35-39,NA,51,87,11130
Black Hispanic,35-39,NA,53,40,4660
Black Hispanic,35-39,NA,54,2,317
Black Hispanic,35-39,NA,55,13,2765
Black Hispanic,35-39,NA,56,1,36
Black Hispanic,40-44,NA,1,20,3546
Black Hispanic,40-44,NA,2,3,667
Black Hispanic,40-44,NA,4,50,6195
Black Hispanic,40-44,NA,5,2,91
Black Hispanic,40-44,NA,6,265,32533
Black Hispanic,40-44,NA,8,31,3001
Black Hispanic,40-44,NA,9,65,9377
Black Hispanic,40-44,NA,10,14,1575
Black Hispanic,40-44,NA,11,15,1874
Black Hispanic,40-44,NA,12,480,65934
Black Hispanic,40-44,NA,13,108,12798
Black Hispanic,40-44,NA,15,9,1666
Black Hispanic,40-44,NA,16,2,129
Black Hispanic,40-44,NA,17,66,9697
Black Hispanic,40-44,NA,18,18,2123
Black Hispanic,40-44,NA,19,8,1589
Black Hispanic,40-44,NA,20,10,1337
Black Hispanic,40-44,NA,21,12,1681
Black Hispanic,40-44,NA,22,23,2656
Black Hispanic,40-44,NA,23,2,629
Black Hispanic,40-44,NA,24,77,8827
Black Hispanic,40-44,NA,25,118,18012
Black Hispanic,40-44,NA,26,14,1999
Black Hispanic,40-44,NA,27,7,1718
Black Hispanic,40-44,NA,28,10,676
Black Hispanic,40-44,NA,29,12,2638
Black Hispanic,40-44,NA,30,1,300
Black Hispanic,40-44,NA,31,6,1808
Black Hispanic,40-44,NA,32,37,4057
Black Hispanic,40-44,NA,33,6,775
Black Hispanic,40-44,NA,34,229,28934
Black Hispanic,40-44,NA,35,15,1908
Black Hispanic,40-44,NA,36,620,91349
Black Hispanic,40-44,NA,37,83,10127
Black Hispanic,40-44,NA,38,1,116
Black Hispanic,40-44,NA,39,43,5970
Black Hispanic,40-44,NA,40,4,483
Black Hispanic,40-44,NA,41,13,1380
Black Hispanic,40-44,NA,42,104,19301
Black Hispanic,40-44,NA,44,30,4729
Black Hispanic,40-44,NA,45,31,3807
Black Hispanic,40-44,NA,47,25,2201
Black Hispanic,40-44,NA,48,265,35886
Black Hispanic,40-44,NA,49,9,1179
Black Hispanic,40-44,NA,51,97,12083
Black Hispanic,40-44,NA,53,33,4044
Black Hispanic,40-44,NA,54,3,207
Black Hispanic,40-44,NA,55,18,4391
Black Hispanic,40-44,NA,56,1,114
Black Hispanic,45-49,NA,1,17,1607
Black Hispanic,45-49,NA,2,4,326
Black Hispanic,45-49,NA,4,33,3912
Black Hispanic,45-49,NA,5,4,256
Black Hispanic,45-49,NA,6,216,24593
Black Hispanic,45-49,NA,8,19,2632
Black Hispanic,45-49,NA,9,60,8569
Black Hispanic,45-49,NA,10,7,635
Black Hispanic,45-49,NA,11,13,2400
Black Hispanic,45-49,NA,12,390,47417
Black Hispanic,45-49,NA,13,111,13573
Black Hispanic,45-49,NA,15,1,58
Black Hispanic,45-49,NA,17,61,8203
Black Hispanic,45-49,NA,18,19,1726
Black Hispanic,45-49,NA,19,1,65
Black Hispanic,45-49,NA,20,7,1144
Black Hispanic,45-49,NA,21,12,1331
Black Hispanic,45-49,NA,22,21,3442
Black Hispanic,45-49,NA,23,1,230
Black Hispanic,45-49,NA,24,59,7168
Black Hispanic,45-49,NA,25,104,15332
Black Hispanic,45-49,NA,26,21,3227
Black Hispanic,45-49,NA,27,6,876
Black Hispanic,45-49,NA,28,5,515
Black Hispanic,45-49,NA,29,8,810
Black Hispanic,45-49,NA,30,1,20
Black Hispanic,45-49,NA,31,6,889
Black Hispanic,45-49,NA,32,35,4784
Black Hispanic,45-49,NA,33,7,1203
Black Hispanic,45-49,NA,34,210,28048
Black Hispanic,45-49,NA,35,8,1452
Black Hispanic,45-49,NA,36,562,80524
Black Hispanic,45-49,NA,37,71,7133
Black Hispanic,45-49,NA,39,43,5841
Black Hispanic,45-49,NA,40,18,2613
Black Hispanic,45-49,NA,41,7,591
Black Hispanic,45-49,NA,42,79,15761
Black Hispanic,45-49,NA,44,23,3691
Black Hispanic,45-49,NA,45,16,1795
Black Hispanic,45-49,NA,47,21,2253
Black Hispanic,45-49,NA,48,208,31148
Black Hispanic,45-49,NA,49,8,908
Black Hispanic,45-49,NA,51,66,9784
Black Hispanic,45-49,NA,53,28,3747
Black Hispanic,45-49,NA,54,3,231
Black Hispanic,45-49,NA,55,8,1427
Black Hispanic,50-54,NA,1,15,1621
Black Hispanic,50-54,NA,2,2,415
Black Hispanic,50-54,NA,4,20,2449
Black Hispanic,50-54,NA,5,3,461
Black Hispanic,50-54,NA,6,173,19937
Black Hispanic,50-54,NA,8,28,3102
Black Hispanic,50-54,NA,9,55,7390
Black Hispanic,50-54,NA,10,8,936
Black Hispanic,50-54,NA,11,6,1762
Black Hispanic,50-54,NA,12,391,51232
Black Hispanic,50-54,NA,13,85,11152
Black Hispanic,50-54,NA,15,3,489
Black Hispanic,50-54,NA,16,1,140
Black Hispanic,50-54,NA,17,47,6436
Black Hispanic,50-54,NA,18,3,532
Black Hispanic,50-54,NA,19,4,397
Black Hispanic,50-54,NA,20,10,2411
Black Hispanic,50-54,NA,21,8,1220
Black Hispanic,50-54,NA,22,16,1551
Black Hispanic,50-54,NA,23,1,104
Black Hispanic,50-54,NA,24,58,7597
Black Hispanic,50-54,NA,25,101,13658
Black Hispanic,50-54,NA,26,15,1630
Black Hispanic,50-54,NA,27,4,386
Black Hispanic,50-54,NA,28,11,589
Black Hispanic,50-54,NA,29,9,1370
Black Hispanic,50-54,NA,31,5,1240
Black Hispanic,50-54,NA,32,20,2559
Black Hispanic,50-54,NA,33,3,406
Black Hispanic,50-54,NA,34,180,22351
Black Hispanic,50-54,NA,35,15,955
Black Hispanic,50-54,NA,36,553,75794
Black Hispanic,50-54,NA,37,63,5669
Black Hispanic,50-54,NA,39,33,4212
Black Hispanic,50-54,NA,40,5,509
Black Hispanic,50-54,NA,41,13,2820
Black Hispanic,50-54,NA,42,76,12779
Black Hispanic,50-54,NA,44,18,2143
Black Hispanic,50-54,NA,45,21,3649
Black Hispanic,50-54,NA,46,1,258
Black Hispanic,50-54,NA,47,16,1506
Black Hispanic,50-54,NA,48,140,19334
Black Hispanic,50-54,NA,49,5,810
Black Hispanic,50-54,NA,50,1,59
Black Hispanic,50-54,NA,51,67,9136
Black Hispanic,50-54,NA,53,26,2471
Black Hispanic,50-54,NA,54,1,50
Black Hispanic,50-54,NA,55,6,557
Black Hispanic,50-54,NA,56,1,483
Black Hispanic,55-59,NA,1,12,1244
Black Hispanic,55-59,NA,2,2,119
Black Hispanic,55-59,NA,4,13,1374
Black Hispanic,55-59,NA,5,3,162
Black Hispanic,55-59,NA,6,174,16425
Black Hispanic,55-59,NA,8,14,1957
Black Hispanic,55-59,NA,9,41,4954
Black Hispanic,55-59,NA,10,13,2586
Black Hispanic,55-59,NA,11,5,879
Black Hispanic,55-59,NA,12,361,42502
Black Hispanic,55-59,NA,13,73,8900
Black Hispanic,55-59,NA,15,2,145
Black Hispanic,55-59,NA,16,2,251
Black Hispanic,55-59,NA,17,34,4589
Black Hispanic,55-59,NA,18,13,1735
Black Hispanic,55-59,NA,20,3,353
Black Hispanic,55-59,NA,21,9,880
Black Hispanic,55-59,NA,22,27,2288
Black Hispanic,55-59,NA,23,1,28
Black Hispanic,55-59,NA,24,42,5989
Black Hispanic,55-59,NA,25,83,10700
Black Hispanic,55-59,NA,26,15,1946
Black Hispanic,55-59,NA,27,4,705
Black Hispanic,55-59,NA,28,3,188
Black Hispanic,55-59,NA,29,10,1448
Black Hispanic,55-59,NA,30,1,81
Black Hispanic,55-59,NA,31,9,2431
Black Hispanic,55-59,NA,32,17,1990
Black Hispanic,55-59,NA,33,7,1689
Black Hispanic,55-59,NA,34,202,24266
Black Hispanic,55-59,NA,35,7,438
Black Hispanic,55-59,NA,36,491,67269
Black Hispanic,55-59,NA,37,42,6417
Black Hispanic,55-59,NA,39,31,4530
Black Hispanic,55-59,NA,40,4,437
Black Hispanic,55-59,NA,41,5,852
Black Hispanic,55-59,NA,42,82,13141
Black Hispanic,55-59,NA,44,16,2331
Black Hispanic,55-59,NA,45,17,2114
Black Hispanic,55-59,NA,47,11,1024
Black Hispanic,55-59,NA,48,121,14518
Black Hispanic,55-59,NA,49,3,359
Black Hispanic,55-59,NA,51,63,8233
Black Hispanic,55-59,NA,53,15,2474
Black Hispanic,55-59,NA,54,1,106
Black Hispanic,55-59,NA,55,8,1506
Black Hispanic,60-64,NA,1,14,1492
Black Hispanic,60-64,NA,4,14,1867
Black Hispanic,60-64,NA,5,3,179
Black Hispanic,60-64,NA,6,129,12480
Black Hispanic,60-64,NA,8,12,1355
Black Hispanic,60-64,NA,9,21,1668
Black Hispanic,60-64,NA,10,4,328
Black Hispanic,60-64,NA,11,7,948
Black Hispanic,60-64,NA,12,303,37211
Black Hispanic,60-64,NA,13,69,8063
Black Hispanic,60-64,NA,15,2,98
Black Hispanic,60-64,NA,16,3,229
Black Hispanic,60-64,NA,17,24,2879
Black Hispanic,60-64,NA,18,2,85
Black Hispanic,60-64,NA,19,2,113
Black Hispanic,60-64,NA,20,1,121
Black Hispanic,60-64,NA,21,3,337
Black Hispanic,60-64,NA,22,23,1464
Black Hispanic,60-64,NA,23,2,151
Black Hispanic,60-64,NA,24,35,4176
Black Hispanic,60-64,NA,25,103,11899
Black Hispanic,60-64,NA,26,11,1592
Black Hispanic,60-64,NA,27,3,797
Black Hispanic,60-64,NA,28,6,347
Black Hispanic,60-64,NA,29,6,880
Black Hispanic,60-64,NA,30,1,12
Black Hispanic,60-64,NA,31,5,1021
Black Hispanic,60-64,NA,32,19,1747
Black Hispanic,60-64,NA,33,3,434
Black Hispanic,60-64,NA,34,138,18362
Black Hispanic,60-64,NA,35,6,655
Black Hispanic,60-64,NA,36,455,60401
Black Hispanic,60-64,NA,37,58,6395
Black Hispanic,60-64,NA,39,26,3418
Black Hispanic,60-64,NA,40,2,129
Black Hispanic,60-64,NA,41,3,298
Black Hispanic,60-64,NA,42,66,9405
Black Hispanic,60-64,NA,44,16,2996
Black Hispanic,60-64,NA,45,13,1390
Black Hispanic,60-64,NA,46,1,99
Black Hispanic,60-64,NA,47,12,1113
Black Hispanic,60-64,NA,48,101,12291
Black Hispanic,60-64,NA,49,5,469
Black Hispanic,60-64,NA,50,1,12
Black Hispanic,60-64,NA,51,39,4732
Black Hispanic,60-64,NA,53,24,2226
Black Hispanic,60-64,NA,55,10,1289
Black Hispanic,65-69,NA,1,13,1881
Black Hispanic,65-69,NA,4,17,1623
Black Hispanic,65-69,NA,5,3,77
Black Hispanic,65-69,NA,6,118,9580
Black Hispanic,65-69,NA,8,5,633
Black Hispanic,65-69,NA,9,28,2678
Black Hispanic,65-69,NA,10,10,1475
Black Hispanic,65-69,NA,11,6,820
Black Hispanic,65-69,NA,12,223,22157
Black Hispanic,65-69,NA,13,50,4683
Black Hispanic,65-69,NA,15,2,286
Black Hispanic,65-69,NA,16,1,61
Black Hispanic,65-69,NA,17,24,2759
Black Hispanic,65-69,NA,18,4,707
Black Hispanic,65-69,NA,19,2,231
Black Hispanic,65-69,NA,20,2,218
Black Hispanic,65-69,NA,21,1,91
Black Hispanic,65-69,NA,22,18,1258
Black Hispanic,65-69,NA,23,1,24
Black Hispanic,65-69,NA,24,26,3269
Black Hispanic,65-69,NA,25,69,7338
Black Hispanic,65-69,NA,26,12,1582
Black Hispanic,65-69,NA,27,2,442
Black Hispanic,65-69,NA,28,7,602
Black Hispanic,65-69,NA,29,6,594
Black Hispanic,65-69,NA,31,3,759
Black Hispanic,65-69,NA,32,8,908
Black Hispanic,65-69,NA,33,1,142
Black Hispanic,65-69,NA,34,101,13427
Black Hispanic,65-69,NA,35,9,846
Black Hispanic,65-69,NA,36,383,55526
Black Hispanic,65-69,NA,37,36,3338
Black Hispanic,65-69,NA,39,19,1986
Black Hispanic,65-69,NA,40,4,914
Black Hispanic,65-69,NA,41,4,346
Black Hispanic,65-69,NA,42,47,5238
Black Hispanic,65-69,NA,44,11,1378
Black Hispanic,65-69,NA,45,20,1983
Black Hispanic,65-69,NA,47,5,336
Black Hispanic,65-69,NA,48,97,10211
Black Hispanic,65-69,NA,49,3,516
Black Hispanic,65-69,NA,50,1,51
Black Hispanic,65-69,NA,51,31,4886
Black Hispanic,65-69,NA,53,11,1434
Black Hispanic,65-69,NA,54,1,56
Black Hispanic,65-69,NA,55,2,236
Black Hispanic,70-74,NA,1,10,1039
Black Hispanic,70-74,NA,4,16,1275
Black Hispanic,70-74,NA,5,4,364
Black Hispanic,70-74,NA,6,76,6631
Black Hispanic,70-74,NA,8,7,656
Black Hispanic,70-74,NA,9,16,1432
Black Hispanic,70-74,NA,10,6,781
Black Hispanic,70-74,NA,11,2,398
Black Hispanic,70-74,NA,12,205,22180
Black Hispanic,70-74,NA,13,33,4050
Black Hispanic,70-74,NA,16,4,216
Black Hispanic,70-74,NA,17,19,2152
Black Hispanic,70-74,NA,18,3,267
Black Hispanic,70-74,NA,19,2,199
Black Hispanic,70-74,NA,20,4,509
Black Hispanic,70-74,NA,21,1,99
Black Hispanic,70-74,NA,22,13,1020
Black Hispanic,70-74,NA,24,16,1811
Black Hispanic,70-74,NA,25,47,5602
Black Hispanic,70-74,NA,26,9,1908
Black Hispanic,70-74,NA,27,5,364
Black Hispanic,70-74,NA,28,5,407
Black Hispanic,70-74,NA,29,2,186
Black Hispanic,70-74,NA,32,10,896
Black Hispanic,70-74,NA,33,1,285
Black Hispanic,70-74,NA,34,84,10192
Black Hispanic,70-74,NA,35,3,365
Black Hispanic,70-74,NA,36,302,40889
Black Hispanic,70-74,NA,37,31,2961
Black Hispanic,70-74,NA,39,13,1418
Black Hispanic,70-74,NA,40,2,338
Black Hispanic,70-74,NA,41,1,39
Black Hispanic,70-74,NA,42,30,3306
Black Hispanic,70-74,NA,44,5,1075
Black Hispanic,70-74,NA,45,12,624
Black Hispanic,70-74,NA,47,12,860
Black Hispanic,70-74,NA,48,53,5489
Black Hispanic,70-74,NA,49,2,294
Black Hispanic,70-74,NA,51,24,3240
Black Hispanic,70-74,NA,53,5,550
Black Hispanic,70-74,NA,54,2,192
Black Hispanic,70-74,NA,55,2,670
Black Hispanic,75-79,NA,1,10,1383
Black Hispanic,75-79,NA,2,4,126
Black Hispanic,75-79,NA,4,11,1361
Black Hispanic,75-79,NA,6,61,5444
Black Hispanic,75-79,NA,8,2,153
Black Hispanic,75-79,NA,9,10,1213
Black Hispanic,75-79,NA,10,4,1000
Black Hispanic,75-79,NA,11,3,217
Black Hispanic,75-79,NA,12,140,14895
Black Hispanic,75-79,NA,13,22,2389
Black Hispanic,75-79,NA,15,1,41
Black Hispanic,75-79,NA,17,12,1502
Black Hispanic,75-79,NA,19,2,220
Black Hispanic,75-79,NA,20,2,107
Black Hispanic,75-79,NA,22,11,740
Black Hispanic,75-79,NA,23,1,41
Black Hispanic,75-79,NA,24,15,1427
Black Hispanic,75-79,NA,25,32,2997
Black Hispanic,75-79,NA,26,9,847
Black Hispanic,75-79,NA,27,1,47
Black Hispanic,75-79,NA,28,4,259
Black Hispanic,75-79,NA,29,2,107
Black Hispanic,75-79,NA,31,1,368
Black Hispanic,75-79,NA,32,4,231
Black Hispanic,75-79,NA,33,1,57
Black Hispanic,75-79,NA,34,51,6324
Black Hispanic,75-79,NA,35,2,205
Black Hispanic,75-79,NA,36,218,28283
Black Hispanic,75-79,NA,37,19,1797
Black Hispanic,75-79,NA,39,11,1029
Black Hispanic,75-79,NA,40,2,547
Black Hispanic,75-79,NA,42,14,2946
Black Hispanic,75-79,NA,44,4,425
Black Hispanic,75-79,NA,45,9,699
Black Hispanic,75-79,NA,46,1,9
Black Hispanic,75-79,NA,47,3,201
Black Hispanic,75-79,NA,48,27,2350
Black Hispanic,75-79,NA,49,2,432
Black Hispanic,75-79,NA,51,10,919
Black Hispanic,75-79,NA,53,7,731
Black Hispanic,75-79,NA,55,2,79
Black Hispanic,80+,NA,1,6,530
Black Hispanic,80+,NA,4,12,785
Black Hispanic,80+,NA,5,2,45
Black Hispanic,80+,NA,6,59,5077
Black Hispanic,80+,NA,8,2,120
Black Hispanic,80+,NA,9,10,886
Black Hispanic,80+,NA,10,1,63
Black Hispanic,80+,NA,11,2,176
Black Hispanic,80+,NA,12,195,18596
Black Hispanic,80+,NA,13,29,3171
Black Hispanic,80+,NA,16,1,75
Black Hispanic,80+,NA,17,17,1542
Black Hispanic,80+,NA,18,1,45
Black Hispanic,80+,NA,19,1,19
Black Hispanic,80+,NA,20,1,41
Black Hispanic,80+,NA,21,4,443
Black Hispanic,80+,NA,22,8,401
Black Hispanic,80+,NA,24,29,2000
Black Hispanic,80+,NA,25,36,3300
Black Hispanic,80+,NA,26,4,169
Black Hispanic,80+,NA,28,3,219
Black Hispanic,80+,NA,29,2,124
Black Hispanic,80+,NA,32,5,693
Black Hispanic,80+,NA,34,52,5745
Black Hispanic,80+,NA,35,2,59
Black Hispanic,80+,NA,36,239,30592
Black Hispanic,80+,NA,37,20,2139
Black Hispanic,80+,NA,39,14,1418
Black Hispanic,80+,NA,40,4,289
Black Hispanic,80+,NA,42,20,2779
Black Hispanic,80+,NA,44,4,331
Black Hispanic,80+,NA,45,8,618
Black Hispanic,80+,NA,47,9,919
Black Hispanic,80+,NA,48,51,4616
Black Hispanic,80+,NA,49,1,270
Black Hispanic,80+,NA,50,1,118
Black Hispanic,80+,NA,51,18,2377
Black Hispanic,80+,NA,53,14,595
Black Hispanic,80+,NA,55,1,193
AIAN Non-Hispanic,0-4,NA,1,47,2092
AIAN Non-Hispanic,0-4,NA,2,584,30620
AIAN Non-Hispanic,0-4,NA,4,796,55576
AIAN Non-Hispanic,0-4,NA,5,45,3561
AIAN Non-Hispanic,0-4,NA,6,367,19858
AIAN Non-Hispanic,0-4,NA,8,31,2232
AIAN Non-Hispanic,0-4,NA,9,20,1217
AIAN Non-Hispanic,0-4,NA,10,2,270
AIAN Non-Hispanic,0-4,NA,11,1,71
AIAN Non-Hispanic,0-4,NA,12,68,3393
AIAN Non-Hispanic,0-4,NA,13,32,2513
AIAN Non-Hispanic,0-4,NA,15,2,162
AIAN Non-Hispanic,0-4,NA,16,57,3531
AIAN Non-Hispanic,0-4,NA,17,30,3441
AIAN Non-Hispanic,0-4,NA,18,7,469
AIAN Non-Hispanic,0-4,NA,19,16,1498
AIAN Non-Hispanic,0-4,NA,20,48,1967
AIAN Non-Hispanic,0-4,NA,21,6,259
AIAN Non-Hispanic,0-4,NA,22,78,3292
AIAN Non-Hispanic,0-4,NA,23,13,500
AIAN Non-Hispanic,0-4,NA,24,19,1831
AIAN Non-Hispanic,0-4,NA,25,12,663
AIAN Non-Hispanic,0-4,NA,26,108,4928
AIAN Non-Hispanic,0-4,NA,27,129,8310
AIAN Non-Hispanic,0-4,NA,28,25,2857
AIAN Non-Hispanic,0-4,NA,29,60,3122
AIAN Non-Hispanic,0-4,NA,30,170,18458
AIAN Non-Hispanic,0-4,NA,31,50,2825
AIAN Non-Hispanic,0-4,NA,32,78,2988
AIAN Non-Hispanic,0-4,NA,33,7,266
AIAN Non-Hispanic,0-4,NA,34,29,2662
AIAN Non-Hispanic,0-4,NA,35,569,33241
AIAN Non-Hispanic,0-4,NA,36,111,10148
AIAN Non-Hispanic,0-4,NA,37,301,21440
AIAN Non-Hispanic,0-4,NA,38,87,8543
AIAN Non-Hispanic,0-4,NA,39,24,1235
AIAN Non-Hispanic,0-4,NA,40,977,68225
AIAN Non-Hispanic,0-4,NA,41,74,4314
AIAN Non-Hispanic,0-4,NA,42,14,1176
AIAN Non-Hispanic,0-4,NA,44,5,283
AIAN Non-Hispanic,0-4,NA,45,27,1067
AIAN Non-Hispanic,0-4,NA,46,215,22695
AIAN Non-Hispanic,0-4,NA,47,23,1564
AIAN Non-Hispanic,0-4,NA,48,130,5941
AIAN Non-Hispanic,0-4,NA,49,61,3733
AIAN Non-Hispanic,0-4,NA,50,1,16
AIAN Non-Hispanic,0-4,NA,51,43,2182
AIAN Non-Hispanic,0-4,NA,53,273,11718
AIAN Non-Hispanic,0-4,NA,54,6,456
AIAN Non-Hispanic,0-4,NA,55,92,6184
AIAN Non-Hispanic,0-4,NA,56,53,2056
AIAN Non-Hispanic,5-9,NA,1,45,2522
AIAN Non-Hispanic,5-9,NA,2,666,35183
AIAN Non-Hispanic,5-9,NA,4,1072,69712
AIAN Non-Hispanic,5-9,NA,5,58,3544
AIAN Non-Hispanic,5-9,NA,6,443,23165
AIAN Non-Hispanic,5-9,NA,8,47,4114
AIAN Non-Hispanic,5-9,NA,9,18,1366
AIAN Non-Hispanic,5-9,NA,10,1,6
AIAN Non-Hispanic,5-9,NA,11,1,72
AIAN Non-Hispanic,5-9,NA,12,113,4309
AIAN Non-Hispanic,5-9,NA,13,44,3838
AIAN Non-Hispanic,5-9,NA,15,5,348
AIAN Non-Hispanic,5-9,NA,16,79,3418
AIAN Non-Hispanic,5-9,NA,17,31,2909
AIAN Non-Hispanic,5-9,NA,18,16,1006
AIAN Non-Hispanic,5-9,NA,19,31,1908
AIAN Non-Hispanic,5-9,NA,20,68,2588
AIAN Non-Hispanic,5-9,NA,21,15,1020
AIAN Non-Hispanic,5-9,NA,22,100,4930
AIAN Non-Hispanic,5-9,NA,23,33,1111
AIAN Non-Hispanic,5-9,NA,24,20,2259
AIAN Non-Hispanic,5-9,NA,25,18,992
AIAN Non-Hispanic,5-9,NA,26,182,7802
AIAN Non-Hispanic,5-9,NA,27,206,12799
AIAN Non-Hispanic,5-9,NA,28,19,2340
AIAN Non-Hispanic,5-9,NA,29,60,3469
AIAN Non-Hispanic,5-9,NA,30,275,22928
AIAN Non-Hispanic,5-9,NA,31,63,3392
AIAN Non-Hispanic,5-9,NA,32,93,3082
AIAN Non-Hispanic,5-9,NA,33,3,237
AIAN Non-Hispanic,5-9,NA,34,30,2484
AIAN Non-Hispanic,5-9,NA,35,756,42187
AIAN Non-Hispanic,5-9,NA,36,120,8900
AIAN Non-Hispanic,5-9,NA,37,335,22331
AIAN Non-Hispanic,5-9,NA,38,129,11495
AIAN Non-Hispanic,5-9,NA,39,31,2269
AIAN Non-Hispanic,5-9,NA,40,1214,83350
AIAN Non-Hispanic,5-9,NA,41,110,5175
AIAN Non-Hispanic,5-9,NA,42,14,1061
AIAN Non-Hispanic,5-9,NA,44,5,399
AIAN Non-Hispanic,5-9,NA,45,48,2139
AIAN Non-Hispanic,5-9,NA,46,276,28938
AIAN Non-Hispanic,5-9,NA,47,33,1713
AIAN Non-Hispanic,5-9,NA,48,191,8923
AIAN Non-Hispanic,5-9,NA,49,92,6559
AIAN Non-Hispanic,5-9,NA,50,3,120
AIAN Non-Hispanic,5-9,NA,51,26,1300
AIAN Non-Hispanic,5-9,NA,53,439,17085
AIAN Non-Hispanic,5-9,NA,54,3,498
AIAN Non-Hispanic,5-9,NA,55,126,7748
AIAN Non-Hispanic,5-9,NA,56,87,3702
AIAN Non-Hispanic,10-14,NA,1,55,3260
AIAN Non-Hispanic,10-14,NA,2,774,37815
AIAN Non-Hispanic,10-14,NA,4,1171,74169
AIAN Non-Hispanic,10-14,NA,5,59,3236
AIAN Non-Hispanic,10-14,NA,6,510,23899
AIAN Non-Hispanic,10-14,NA,8,65,4565
AIAN Non-Hispanic,10-14,NA,9,22,1289
AIAN Non-Hispanic,10-14,NA,10,5,273
AIAN Non-Hispanic,10-14,NA,11,1,72
AIAN Non-Hispanic,10-14,NA,12,88,3893
AIAN Non-Hispanic,10-14,NA,13,42,4354
AIAN Non-Hispanic,10-14,NA,15,6,374
AIAN Non-Hispanic,10-14,NA,16,71,2512
AIAN Non-Hispanic,10-14,NA,17,31,2552
AIAN Non-Hispanic,10-14,NA,18,25,1441
AIAN Non-Hispanic,10-14,NA,19,27,926
AIAN Non-Hispanic,10-14,NA,20,70,2595
AIAN Non-Hispanic,10-14,NA,21,14,1171
AIAN Non-Hispanic,10-14,NA,22,101,5209
AIAN Non-Hispanic,10-14,NA,23,35,1386
AIAN Non-Hispanic,10-14,NA,24,22,1754
AIAN Non-Hispanic,10-14,NA,25,23,1097
AIAN Non-Hispanic,10-14,NA,26,192,7247
AIAN Non-Hispanic,10-14,NA,27,249,14104
AIAN Non-Hispanic,10-14,NA,28,33,3515
AIAN Non-Hispanic,10-14,NA,29,73,2412
AIAN Non-Hispanic,10-14,NA,30,277,21985
AIAN Non-Hispanic,10-14,NA,31,87,3725
AIAN Non-Hispanic,10-14,NA,32,132,4147
AIAN Non-Hispanic,10-14,NA,33,6,219
AIAN Non-Hispanic,10-14,NA,34,27,1536
AIAN Non-Hispanic,10-14,NA,35,897,52324
AIAN Non-Hispanic,10-14,NA,36,127,10194
AIAN Non-Hispanic,10-14,NA,37,357,22103
AIAN Non-Hispanic,10-14,NA,38,148,16997
AIAN Non-Hispanic,10-14,NA,39,28,1983
AIAN Non-Hispanic,10-14,NA,40,1405,96826
AIAN Non-Hispanic,10-14,NA,41,128,6287
AIAN Non-Hispanic,10-14,NA,42,27,1811
AIAN Non-Hispanic,10-14,NA,44,3,377
AIAN Non-Hispanic,10-14,NA,45,65,2989
AIAN Non-Hispanic,10-14,NA,46,284,28723
AIAN Non-Hispanic,10-14,NA,47,20,1054
AIAN Non-Hispanic,10-14,NA,48,221,11363
AIAN Non-Hispanic,10-14,NA,49,89,5510
AIAN Non-Hispanic,10-14,NA,50,1,25
AIAN Non-Hispanic,10-14,NA,51,43,2810
AIAN Non-Hispanic,10-14,NA,53,488,18667
AIAN Non-Hispanic,10-14,NA,54,3,169
AIAN Non-Hispanic,10-14,NA,55,163,12985
AIAN Non-Hispanic,10-14,NA,56,97,3269
AIAN Non-Hispanic,15-19,NA,1,77,4238
AIAN Non-Hispanic,15-19,NA,2,730,30693
AIAN Non-Hispanic,15-19,NA,4,1243,78025
AIAN Non-Hispanic,15-19,NA,5,58,3104
AIAN Non-Hispanic,15-19,NA,6,562,27225
AIAN Non-Hispanic,15-19,NA,8,79,4806
AIAN Non-Hispanic,15-19,NA,9,15,592
AIAN Non-Hispanic,15-19,NA,10,7,458
AIAN Non-Hispanic,15-19,NA,11,1,79
AIAN Non-Hispanic,15-19,NA,12,98,5224
AIAN Non-Hispanic,15-19,NA,13,60,5130
AIAN Non-Hispanic,15-19,NA,15,4,198
AIAN Non-Hispanic,15-19,NA,16,86,4202
AIAN Non-Hispanic,15-19,NA,17,37,2494
AIAN Non-Hispanic,15-19,NA,18,19,741
AIAN Non-Hispanic,15-19,NA,19,33,2420
AIAN Non-Hispanic,15-19,NA,20,81,3603
AIAN Non-Hispanic,15-19,NA,21,23,1855
AIAN Non-Hispanic,15-19,NA,22,99,2957
AIAN Non-Hispanic,15-19,NA,23,43,1432
AIAN Non-Hispanic,15-19,NA,24,26,2220
AIAN Non-Hispanic,15-19,NA,25,24,1634
AIAN Non-Hispanic,15-19,NA,26,179,8092
AIAN Non-Hispanic,15-19,NA,27,286,18073
AIAN Non-Hispanic,15-19,NA,28,55,6180
AIAN Non-Hispanic,15-19,NA,29,88,5444
AIAN Non-Hispanic,15-19,NA,30,301,23315
AIAN Non-Hispanic,15-19,NA,31,84,4300
AIAN Non-Hispanic,15-19,NA,32,132,4340
AIAN Non-Hispanic,15-19,NA,33,3,102
AIAN Non-Hispanic,15-19,NA,34,20,1381
AIAN Non-Hispanic,15-19,NA,35,947,56555
AIAN Non-Hispanic,15-19,NA,36,141,8917
AIAN Non-Hispanic,15-19,NA,37,418,25489
AIAN Non-Hispanic,15-19,NA,38,139,11529
AIAN Non-Hispanic,15-19,NA,39,34,1792
AIAN Non-Hispanic,15-19,NA,40,1391,97627
AIAN Non-Hispanic,15-19,NA,41,143,8306
AIAN Non-Hispanic,15-19,NA,42,30,1982
AIAN Non-Hispanic,15-19,NA,44,10,846
AIAN Non-Hispanic,15-19,NA,45,90,5504
AIAN Non-Hispanic,15-19,NA,46,261,27546
AIAN Non-Hispanic,15-19,NA,47,40,2044
AIAN Non-Hispanic,15-19,NA,48,279,14826
AIAN Non-Hispanic,15-19,NA,49,111,7389
AIAN Non-Hispanic,15-19,NA,50,4,158
AIAN Non-Hispanic,15-19,NA,51,55,2947
AIAN Non-Hispanic,15-19,NA,53,430,17781
AIAN Non-Hispanic,15-19,NA,54,11,222
AIAN Non-Hispanic,15-19,NA,55,149,9975
AIAN Non-Hispanic,15-19,NA,56,102,3842
AIAN Non-Hispanic,20-24,NA,1,47,3975
AIAN Non-Hispanic,20-24,NA,2,460,28350
AIAN Non-Hispanic,20-24,NA,4,953,74227
AIAN Non-Hispanic,20-24,NA,5,47,4117
AIAN Non-Hispanic,20-24,NA,6,463,24735
AIAN Non-Hispanic,20-24,NA,8,69,5552
AIAN Non-Hispanic,20-24,NA,9,12,433
AIAN Non-Hispanic,20-24,NA,10,6,247
AIAN Non-Hispanic,20-24,NA,11,1,73
AIAN Non-Hispanic,20-24,NA,12,92,5232
AIAN Non-Hispanic,20-24,NA,13,45,4469
AIAN Non-Hispanic,20-24,NA,15,9,383
AIAN Non-Hispanic,20-24,NA,16,76,4101
AIAN Non-Hispanic,20-24,NA,17,36,4121
AIAN Non-Hispanic,20-24,NA,18,21,1718
AIAN Non-Hispanic,20-24,NA,19,23,1710
AIAN Non-Hispanic,20-24,NA,20,61,3042
AIAN Non-Hispanic,20-24,NA,21,18,1247
AIAN Non-Hispanic,20-24,NA,22,84,4684
AIAN Non-Hispanic,20-24,NA,23,22,1053
AIAN Non-Hispanic,20-24,NA,24,25,1897
AIAN Non-Hispanic,20-24,NA,25,26,1519
AIAN Non-Hispanic,20-24,NA,26,145,8997
AIAN Non-Hispanic,20-24,NA,27,154,14105
AIAN Non-Hispanic,20-24,NA,28,28,2605
AIAN Non-Hispanic,20-24,NA,29,61,2799
AIAN Non-Hispanic,20-24,NA,30,184,20069
AIAN Non-Hispanic,20-24,NA,31,49,2652
AIAN Non-Hispanic,20-24,NA,32,121,5905
AIAN Non-Hispanic,20-24,NA,33,4,103
AIAN Non-Hispanic,20-24,NA,34,12,695
AIAN Non-Hispanic,20-24,NA,35,706,49216
AIAN Non-Hispanic,20-24,NA,36,155,12074
AIAN Non-Hispanic,20-24,NA,37,356,22849
AIAN Non-Hispanic,20-24,NA,38,82,11097
AIAN Non-Hispanic,20-24,NA,39,29,1468
AIAN Non-Hispanic,20-24,NA,40,933,87353
AIAN Non-Hispanic,20-24,NA,41,116,8261
AIAN Non-Hispanic,20-24,NA,42,34,1894
AIAN Non-Hispanic,20-24,NA,44,5,309
AIAN Non-Hispanic,20-24,NA,45,40,3196
AIAN Non-Hispanic,20-24,NA,46,177,20738
AIAN Non-Hispanic,20-24,NA,47,31,1577
AIAN Non-Hispanic,20-24,NA,48,231,14382
AIAN Non-Hispanic,20-24,NA,49,110,8784
AIAN Non-Hispanic,20-24,NA,50,3,134
AIAN Non-Hispanic,20-24,NA,51,83,4554
AIAN Non-Hispanic,20-24,NA,53,353,19469
AIAN Non-Hispanic,20-24,NA,54,6,222
AIAN Non-Hispanic,20-24,NA,55,107,6257
AIAN Non-Hispanic,20-24,NA,56,52,2091
AIAN Non-Hispanic,25-29,NA,1,42,2467
AIAN Non-Hispanic,25-29,NA,2,454,28340
AIAN Non-Hispanic,25-29,NA,4,984,75766
AIAN Non-Hispanic,25-29,NA,5,57,3903
AIAN Non-Hispanic,25-29,NA,6,460,31618
AIAN Non-Hispanic,25-29,NA,8,118,7484
AIAN Non-Hispanic,25-29,NA,9,20,1058
AIAN Non-Hispanic,25-29,NA,10,4,92
AIAN Non-Hispanic,25-29,NA,11,5,265
AIAN Non-Hispanic,25-29,NA,12,87,4293
AIAN Non-Hispanic,25-29,NA,13,54,4822
AIAN Non-Hispanic,25-29,NA,15,3,367
AIAN Non-Hispanic,25-29,NA,16,65,3300
AIAN Non-Hispanic,25-29,NA,17,35,2926
AIAN Non-Hispanic,25-29,NA,18,16,1396
AIAN Non-Hispanic,25-29,NA,19,17,1022
AIAN Non-Hispanic,25-29,NA,20,50,3313
AIAN Non-Hispanic,25-29,NA,21,19,1296
AIAN Non-Hispanic,25-29,NA,22,73,4713
AIAN Non-Hispanic,25-29,NA,23,18,1154
AIAN Non-Hispanic,25-29,NA,24,28,1900
AIAN Non-Hispanic,25-29,NA,25,23,1969
AIAN Non-Hispanic,25-29,NA,26,154,10182
AIAN Non-Hispanic,25-29,NA,27,145,9617
AIAN Non-Hispanic,25-29,NA,28,35,3403
AIAN Non-Hispanic,25-29,NA,29,60,2910
AIAN Non-Hispanic,25-29,NA,30,157,16190
AIAN Non-Hispanic,25-29,NA,31,45,2982
AIAN Non-Hispanic,25-29,NA,32,92,4261
AIAN Non-Hispanic,25-29,NA,33,3,116
AIAN Non-Hispanic,25-29,NA,34,19,1252
AIAN Non-Hispanic,25-29,NA,35,663,46732
AIAN Non-Hispanic,25-29,NA,36,133,10410
AIAN Non-Hispanic,25-29,NA,37,309,23831
AIAN Non-Hispanic,25-29,NA,38,74,9936
AIAN Non-Hispanic,25-29,NA,39,31,2648
AIAN Non-Hispanic,25-29,NA,40,891,75268
AIAN Non-Hispanic,25-29,NA,41,101,6680
AIAN Non-Hispanic,25-29,NA,42,29,2704
AIAN Non-Hispanic,25-29,NA,44,5,307
AIAN Non-Hispanic,25-29,NA,45,39,2769
AIAN Non-Hispanic,25-29,NA,46,160,17468
AIAN Non-Hispanic,25-29,NA,47,29,1451
AIAN Non-Hispanic,25-29,NA,48,174,10999
AIAN Non-Hispanic,25-29,NA,49,79,6536
AIAN Non-Hispanic,25-29,NA,50,1,59
AIAN Non-Hispanic,25-29,NA,51,51,2641
AIAN Non-Hispanic,25-29,NA,53,320,19644
AIAN Non-Hispanic,25-29,NA,54,7,803
AIAN Non-Hispanic,25-29,NA,55,137,9837
AIAN Non-Hispanic,25-29,NA,56,51,2676
AIAN Non-Hispanic,30-34,NA,1,51,3149
AIAN Non-Hispanic,30-34,NA,2,528,30941
AIAN Non-Hispanic,30-34,NA,4,1071,80654
AIAN Non-Hispanic,30-34,NA,5,67,4797
AIAN Non-Hispanic,30-34,NA,6,461,29299
AIAN Non-Hispanic,30-34,NA,8,100,7653
AIAN Non-Hispanic,30-34,NA,9,20,1420
AIAN Non-Hispanic,30-34,NA,10,3,206
AIAN Non-Hispanic,30-34,NA,11,2,125
AIAN Non-Hispanic,30-34,NA,12,108,4974
AIAN Non-Hispanic,30-34,NA,13,32,2408
AIAN Non-Hispanic,30-34,NA,15,5,334
AIAN Non-Hispanic,30-34,NA,16,74,4734
AIAN Non-Hispanic,30-34,NA,17,40,3046
AIAN Non-Hispanic,30-34,NA,18,27,1909
AIAN Non-Hispanic,30-34,NA,19,18,1480
AIAN Non-Hispanic,30-34,NA,20,65,3979
AIAN Non-Hispanic,30-34,NA,21,19,1367
AIAN Non-Hispanic,30-34,NA,22,98,6318
AIAN Non-Hispanic,30-34,NA,23,25,1858
AIAN Non-Hispanic,30-34,NA,24,31,2761
AIAN Non-Hispanic,30-34,NA,25,24,1495
AIAN Non-Hispanic,30-34,NA,26,172,9575
AIAN Non-Hispanic,30-34,NA,27,151,11206
AIAN Non-Hispanic,30-34,NA,28,25,3213
AIAN Non-Hispanic,30-34,NA,29,66,4055
AIAN Non-Hispanic,30-34,NA,30,151,12753
AIAN Non-Hispanic,30-34,NA,31,46,4326
AIAN Non-Hispanic,30-34,NA,32,129,7011
AIAN Non-Hispanic,30-34,NA,33,9,505
AIAN Non-Hispanic,30-34,NA,34,18,1572
AIAN Non-Hispanic,30-34,NA,35,794,55567
AIAN Non-Hispanic,30-34,NA,36,132,11753
AIAN Non-Hispanic,30-34,NA,37,362,24547
AIAN Non-Hispanic,30-34,NA,38,87,8645
AIAN Non-Hispanic,30-34,NA,39,43,2953
AIAN Non-Hispanic,30-34,NA,40,988,76071
AIAN Non-Hispanic,30-34,NA,41,127,9307
AIAN Non-Hispanic,30-34,NA,42,30,1929
AIAN Non-Hispanic,30-34,NA,44,2,148
AIAN Non-Hispanic,30-34,NA,45,36,1594
AIAN Non-Hispanic,30-34,NA,46,183,19084
AIAN Non-Hispanic,30-34,NA,47,30,1307
AIAN Non-Hispanic,30-34,NA,48,241,13736
AIAN Non-Hispanic,30-34,NA,49,102,6774
AIAN Non-Hispanic,30-34,NA,50,5,301
AIAN Non-Hispanic,30-34,NA,51,63,3051
AIAN Non-Hispanic,30-34,NA,53,353,19122
AIAN Non-Hispanic,30-34,NA,54,4,398
AIAN Non-Hispanic,30-34,NA,55,142,9419
AIAN Non-Hispanic,30-34,NA,56,67,3094
AIAN Non-Hispanic,35-39,NA,1,70,5212
AIAN Non-Hispanic,35-39,NA,2,430,26710
AIAN Non-Hispanic,35-39,NA,4,991,63681
AIAN Non-Hispanic,35-39,NA,5,49,2657
AIAN Non-Hispanic,35-39,NA,6,467,23079
AIAN Non-Hispanic,35-39,NA,8,96,6914
AIAN Non-Hispanic,35-39,NA,9,15,917
AIAN Non-Hispanic,35-39,NA,10,6,153
AIAN Non-Hispanic,35-39,NA,11,3,214
AIAN Non-Hispanic,35-39,NA,12,94,4054
AIAN Non-Hispanic,35-39,NA,13,47,4474
AIAN Non-Hispanic,35-39,NA,15,5,511
AIAN Non-Hispanic,35-39,NA,16,58,2755
AIAN Non-Hispanic,35-39,NA,17,37,3493
AIAN Non-Hispanic,35-39,NA,18,31,1451
AIAN Non-Hispanic,35-39,NA,19,27,1761
AIAN Non-Hispanic,35-39,NA,20,69,4134
AIAN Non-Hispanic,35-39,NA,21,19,2058
AIAN Non-Hispanic,35-39,NA,22,104,6236
AIAN Non-Hispanic,35-39,NA,23,38,2048
AIAN Non-Hispanic,35-39,NA,24,22,1174
AIAN Non-Hispanic,35-39,NA,25,19,1025
AIAN Non-Hispanic,35-39,NA,26,126,7419
AIAN Non-Hispanic,35-39,NA,27,196,11392
AIAN Non-Hispanic,35-39,NA,28,31,3508
AIAN Non-Hispanic,35-39,NA,29,65,3364
AIAN Non-Hispanic,35-39,NA,30,180,16625
AIAN Non-Hispanic,35-39,NA,31,48,2508
AIAN Non-Hispanic,35-39,NA,32,119,5406
AIAN Non-Hispanic,35-39,NA,33,2,184
AIAN Non-Hispanic,35-39,NA,34,22,2302
AIAN Non-Hispanic,35-39,NA,35,763,55321
AIAN Non-Hispanic,35-39,NA,36,144,9941
AIAN Non-Hispanic,35-39,NA,37,309,19564
AIAN Non-Hispanic,35-39,NA,38,91,11400
AIAN Non-Hispanic,35-39,NA,39,57,4747
AIAN Non-Hispanic,35-39,NA,40,996,76913
AIAN Non-Hispanic,35-39,NA,41,131,7770
AIAN Non-Hispanic,35-39,NA,42,35,2359
AIAN Non-Hispanic,35-39,NA,44,14,933
AIAN Non-Hispanic,35-39,NA,45,56,3155
AIAN Non-Hispanic,35-39,NA,46,169,17956
AIAN Non-Hispanic,35-39,NA,47,21,1611
AIAN Non-Hispanic,35-39,NA,48,223,13223
AIAN Non-Hispanic,35-39,NA,49,98,7334
AIAN Non-Hispanic,35-39,NA,50,1,21
AIAN Non-Hispanic,35-39,NA,51,52,3533
AIAN Non-Hispanic,35-39,NA,53,374,18213
AIAN Non-Hispanic,35-39,NA,54,5,424
AIAN Non-Hispanic,35-39,NA,55,154,8481
AIAN Non-Hispanic,35-39,NA,56,66,3479
AIAN Non-Hispanic,40-44,NA,1,72,4059
AIAN Non-Hispanic,40-44,NA,2,370,22581
AIAN Non-Hispanic,40-44,NA,4,972,65903
AIAN Non-Hispanic,40-44,NA,5,47,2528
AIAN Non-Hispanic,40-44,NA,6,492,27182
AIAN Non-Hispanic,40-44,NA,8,83,6542
AIAN Non-Hispanic,40-44,NA,9,13,717
AIAN Non-Hispanic,40-44,NA,10,4,229
AIAN Non-Hispanic,40-44,NA,11,2,460
AIAN Non-Hispanic,40-44,NA,12,105,5980
AIAN Non-Hispanic,40-44,NA,13,54,4985
AIAN Non-Hispanic,40-44,NA,15,4,107
AIAN Non-Hispanic,40-44,NA,16,57,3638
AIAN Non-Hispanic,40-44,NA,17,40,5012
AIAN Non-Hispanic,40-44,NA,18,32,2784
AIAN Non-Hispanic,40-44,NA,19,19,1627
AIAN Non-Hispanic,40-44,NA,20,56,3162
AIAN Non-Hispanic,40-44,NA,21,22,1210
AIAN Non-Hispanic,40-44,NA,22,95,5470
AIAN Non-Hispanic,40-44,NA,23,22,1031
AIAN Non-Hispanic,40-44,NA,24,35,3076
AIAN Non-Hispanic,40-44,NA,25,24,1947
AIAN Non-Hispanic,40-44,NA,26,144,7157
AIAN Non-Hispanic,40-44,NA,27,158,9219
AIAN Non-Hispanic,40-44,NA,28,33,2995
AIAN Non-Hispanic,40-44,NA,29,56,3276
AIAN Non-Hispanic,40-44,NA,30,162,15521
AIAN Non-Hispanic,40-44,NA,31,39,2721
AIAN Non-Hispanic,40-44,NA,32,106,4559
AIAN Non-Hispanic,40-44,NA,33,5,557
AIAN Non-Hispanic,40-44,NA,34,26,3429
AIAN Non-Hispanic,40-44,NA,35,705,49664
AIAN Non-Hispanic,40-44,NA,36,136,9456
AIAN Non-Hispanic,40-44,NA,37,368,24642
AIAN Non-Hispanic,40-44,NA,38,82,9559
AIAN Non-Hispanic,40-44,NA,39,36,3144
AIAN Non-Hispanic,40-44,NA,40,981,77039
AIAN Non-Hispanic,40-44,NA,41,122,8699
AIAN Non-Hispanic,40-44,NA,42,43,2379
AIAN Non-Hispanic,40-44,NA,44,1,32
AIAN Non-Hispanic,40-44,NA,45,53,3191
AIAN Non-Hispanic,40-44,NA,46,144,15923
AIAN Non-Hispanic,40-44,NA,47,30,1340
AIAN Non-Hispanic,40-44,NA,48,226,12846
AIAN Non-Hispanic,40-44,NA,49,89,6688
AIAN Non-Hispanic,40-44,NA,50,7,312
AIAN Non-Hispanic,40-44,NA,51,49,3868
AIAN Non-Hispanic,40-44,NA,53,342,16749
AIAN Non-Hispanic,40-44,NA,54,3,231
AIAN Non-Hispanic,40-44,NA,55,113,6104
AIAN Non-Hispanic,40-44,NA,56,42,1919
AIAN Non-Hispanic,45-49,NA,1,73,4770
AIAN Non-Hispanic,45-49,NA,2,334,19010
AIAN Non-Hispanic,45-49,NA,4,881,52282
AIAN Non-Hispanic,45-49,NA,5,62,4252
AIAN Non-Hispanic,45-49,NA,6,470,26804
AIAN Non-Hispanic,45-49,NA,8,79,6177
AIAN Non-Hispanic,45-49,NA,9,9,561
AIAN Non-Hispanic,45-49,NA,10,7,314
AIAN Non-Hispanic,45-49,NA,12,128,6840
AIAN Non-Hispanic,45-49,NA,13,58,4373
AIAN Non-Hispanic,45-49,NA,15,8,634
AIAN Non-Hispanic,45-49,NA,16,56,3228
AIAN Non-Hispanic,45-49,NA,17,39,2746
AIAN Non-Hispanic,45-49,NA,18,33,2167
AIAN Non-Hispanic,45-49,NA,19,36,2694
AIAN Non-Hispanic,45-49,NA,20,53,2341
AIAN Non-Hispanic,45-49,NA,21,21,1888
AIAN Non-Hispanic,45-49,NA,22,99,6183
AIAN Non-Hispanic,45-49,NA,23,34,1785
AIAN Non-Hispanic,45-49,NA,24,21,1776
AIAN Non-Hispanic,45-49,NA,25,12,914
AIAN Non-Hispanic,45-49,NA,26,145,8121
AIAN Non-Hispanic,45-49,NA,27,132,9612
AIAN Non-Hispanic,45-49,NA,28,32,4396
AIAN Non-Hispanic,45-49,NA,29,68,3897
AIAN Non-Hispanic,45-49,NA,30,129,11967
AIAN Non-Hispanic,45-49,NA,31,38,2750
AIAN Non-Hispanic,45-49,NA,32,94,2877
AIAN Non-Hispanic,45-49,NA,33,5,126
AIAN Non-Hispanic,45-49,NA,34,24,1479
AIAN Non-Hispanic,45-49,NA,35,647,42801
AIAN Non-Hispanic,45-49,NA,36,120,7372
AIAN Non-Hispanic,45-49,NA,37,347,23732
AIAN Non-Hispanic,45-49,NA,38,68,7414
AIAN Non-Hispanic,45-49,NA,39,45,3045
AIAN Non-Hispanic,45-49,NA,40,898,62593
AIAN Non-Hispanic,45-49,NA,41,94,5871
AIAN Non-Hispanic,45-49,NA,42,32,3510
AIAN Non-Hispanic,45-49,NA,44,3,439
AIAN Non-Hispanic,45-49,NA,45,60,2862
AIAN Non-Hispanic,45-49,NA,46,131,11396
AIAN Non-Hispanic,45-49,NA,47,51,2048
AIAN Non-Hispanic,45-49,NA,48,241,12809
AIAN Non-Hispanic,45-49,NA,49,83,4561
AIAN Non-Hispanic,45-49,NA,50,7,356
AIAN Non-Hispanic,45-49,NA,51,50,2496
AIAN Non-Hispanic,45-49,NA,53,307,14231
AIAN Non-Hispanic,45-49,NA,54,4,224
AIAN Non-Hispanic,45-49,NA,55,134,9936
AIAN Non-Hispanic,45-49,NA,56,38,1786
AIAN Non-Hispanic,50-54,NA,1,65,4190
AIAN Non-Hispanic,50-54,NA,2,358,17592
AIAN Non-Hispanic,50-54,NA,4,941,51531
AIAN Non-Hispanic,50-54,NA,5,43,1981
AIAN Non-Hispanic,50-54,NA,6,496,28406
AIAN Non-Hispanic,50-54,NA,8,87,5811
AIAN Non-Hispanic,50-54,NA,9,23,1538
AIAN Non-Hispanic,50-54,NA,10,10,322
AIAN Non-Hispanic,50-54,NA,11,2,252
AIAN Non-Hispanic,50-54,NA,12,146,7859
AIAN Non-Hispanic,50-54,NA,13,70,4519
AIAN Non-Hispanic,50-54,NA,15,5,131
AIAN Non-Hispanic,50-54,NA,16,57,2930
AIAN Non-Hispanic,50-54,NA,17,63,4556
AIAN Non-Hispanic,50-54,NA,18,33,2135
AIAN Non-Hispanic,50-54,NA,19,26,1726
AIAN Non-Hispanic,50-54,NA,20,78,4114
AIAN Non-Hispanic,50-54,NA,21,22,1413
AIAN Non-Hispanic,50-54,NA,22,102,5258
AIAN Non-Hispanic,50-54,NA,23,29,1841
AIAN Non-Hispanic,50-54,NA,24,33,2541
AIAN Non-Hispanic,50-54,NA,25,25,1386
AIAN Non-Hispanic,50-54,NA,26,179,8654
AIAN Non-Hispanic,50-54,NA,27,160,9349
AIAN Non-Hispanic,50-54,NA,28,36,3807
AIAN Non-Hispanic,50-54,NA,29,64,3242
AIAN Non-Hispanic,50-54,NA,30,147,11931
AIAN Non-Hispanic,50-54,NA,31,31,1806
AIAN Non-Hispanic,50-54,NA,32,134,4949
AIAN Non-Hispanic,50-54,NA,33,5,326
AIAN Non-Hispanic,50-54,NA,34,32,2649
AIAN Non-Hispanic,50-54,NA,35,729,40330
AIAN Non-Hispanic,50-54,NA,36,118,7683
AIAN Non-Hispanic,50-54,NA,37,425,25250
AIAN Non-Hispanic,50-54,NA,38,74,5944
AIAN Non-Hispanic,50-54,NA,39,59,4254
AIAN Non-Hispanic,50-54,NA,40,882,56164
AIAN Non-Hispanic,50-54,NA,41,147,9259
AIAN Non-Hispanic,50-54,NA,42,35,1770
AIAN Non-Hispanic,50-54,NA,44,4,383
AIAN Non-Hispanic,50-54,NA,45,61,4029
AIAN Non-Hispanic,50-54,NA,46,133,12607
AIAN Non-Hispanic,50-54,NA,47,50,2689
AIAN Non-Hispanic,50-54,NA,48,280,15675
AIAN Non-Hispanic,50-54,NA,49,84,4363
AIAN Non-Hispanic,50-54,NA,50,2,31
AIAN Non-Hispanic,50-54,NA,51,69,3078
AIAN Non-Hispanic,50-54,NA,53,322,14429
AIAN Non-Hispanic,50-54,NA,54,12,885
AIAN Non-Hispanic,50-54,NA,55,137,11882
AIAN Non-Hispanic,50-54,NA,56,47,1599
AIAN Non-Hispanic,55-59,NA,1,85,4992
AIAN Non-Hispanic,55-59,NA,2,429,20967
AIAN Non-Hispanic,55-59,NA,4,1040,49328
AIAN Non-Hispanic,55-59,NA,5,69,3822
AIAN Non-Hispanic,55-59,NA,6,550,26143
AIAN Non-Hispanic,55-59,NA,8,101,6587
AIAN Non-Hispanic,55-59,NA,9,19,922
AIAN Non-Hispanic,55-59,NA,10,7,302
AIAN Non-Hispanic,55-59,NA,11,2,143
AIAN Non-Hispanic,55-59,NA,12,157,7779
AIAN Non-Hispanic,55-59,NA,13,65,3447
AIAN Non-Hispanic,55-59,NA,15,8,537
AIAN Non-Hispanic,55-59,NA,16,81,5060
AIAN Non-Hispanic,55-59,NA,17,60,3615
AIAN Non-Hispanic,55-59,NA,18,44,3149
AIAN Non-Hispanic,55-59,NA,19,24,1632
AIAN Non-Hispanic,55-59,NA,20,79,4111
AIAN Non-Hispanic,55-59,NA,21,26,2203
AIAN Non-Hispanic,55-59,NA,22,100,4726
AIAN Non-Hispanic,55-59,NA,23,32,980
AIAN Non-Hispanic,55-59,NA,24,41,2595
AIAN Non-Hispanic,55-59,NA,25,23,1595
AIAN Non-Hispanic,55-59,NA,26,213,10171
AIAN Non-Hispanic,55-59,NA,27,157,7997
AIAN Non-Hispanic,55-59,NA,28,33,3012
AIAN Non-Hispanic,55-59,NA,29,86,4370
AIAN Non-Hispanic,55-59,NA,30,157,11550
AIAN Non-Hispanic,55-59,NA,31,45,2871
AIAN Non-Hispanic,55-59,NA,32,144,4355
AIAN Non-Hispanic,55-59,NA,33,12,802
AIAN Non-Hispanic,55-59,NA,34,37,1591
AIAN Non-Hispanic,55-59,NA,35,803,37033
AIAN Non-Hispanic,55-59,NA,36,129,8760
AIAN Non-Hispanic,55-59,NA,37,403,23038
AIAN Non-Hispanic,55-59,NA,38,75,5664
AIAN Non-Hispanic,55-59,NA,39,65,4528
AIAN Non-Hispanic,55-59,NA,40,910,55139
AIAN Non-Hispanic,55-59,NA,41,148,8397
AIAN Non-Hispanic,55-59,NA,42,49,3161
AIAN Non-Hispanic,55-59,NA,44,8,928
AIAN Non-Hispanic,55-59,NA,45,65,2966
AIAN Non-Hispanic,55-59,NA,46,126,12941
AIAN Non-Hispanic,55-59,NA,47,45,1982
AIAN Non-Hispanic,55-59,NA,48,313,14133
AIAN Non-Hispanic,55-59,NA,49,120,5227
AIAN Non-Hispanic,55-59,NA,50,9,577
AIAN Non-Hispanic,55-59,NA,51,75,3514
AIAN Non-Hispanic,55-59,NA,53,342,14622
AIAN Non-Hispanic,55-59,NA,54,12,498
AIAN Non-Hispanic,55-59,NA,55,172,8804
AIAN Non-Hispanic,55-59,NA,56,56,2986
AIAN Non-Hispanic,60-64,NA,1,87,4160
AIAN Non-Hispanic,60-64,NA,2,428,21710
AIAN Non-Hispanic,60-64,NA,4,1148,49302
AIAN Non-Hispanic,60-64,NA,5,63,2952
AIAN Non-Hispanic,60-64,NA,6,571,25707
AIAN Non-Hispanic,60-64,NA,8,96,6221
AIAN Non-Hispanic,60-64,NA,9,17,999
AIAN Non-Hispanic,60-64,NA,10,18,619
AIAN Non-Hispanic,60-64,NA,11,2,169
AIAN Non-Hispanic,60-64,NA,12,199,8523
AIAN Non-Hispanic,60-64,NA,13,84,6338
AIAN Non-Hispanic,60-64,NA,15,7,336
AIAN Non-Hispanic,60-64,NA,16,76,4218
AIAN Non-Hispanic,60-64,NA,17,64,2668
AIAN Non-Hispanic,60-64,NA,18,30,1879
AIAN Non-Hispanic,60-64,NA,19,33,2205
AIAN Non-Hispanic,60-64,NA,20,86,4212
AIAN Non-Hispanic,60-64,NA,21,22,1242
AIAN Non-Hispanic,60-64,NA,22,127,6193
AIAN Non-Hispanic,60-64,NA,23,44,1859
AIAN Non-Hispanic,60-64,NA,24,45,2688
AIAN Non-Hispanic,60-64,NA,25,26,1596
AIAN Non-Hispanic,60-64,NA,26,224,9597
AIAN Non-Hispanic,60-64,NA,27,171,9218
AIAN Non-Hispanic,60-64,NA,28,27,2108
AIAN Non-Hispanic,60-64,NA,29,61,2744
AIAN Non-Hispanic,60-64,NA,30,189,12420
AIAN Non-Hispanic,60-64,NA,31,45,2116
AIAN Non-Hispanic,60-64,NA,32,176,4860
AIAN Non-Hispanic,60-64,NA,33,12,545
AIAN Non-Hispanic,60-64,NA,34,48,2962
AIAN Non-Hispanic,60-64,NA,35,837,39808
AIAN Non-Hispanic,60-64,NA,36,187,12394
AIAN Non-Hispanic,60-64,NA,37,409,23838
AIAN Non-Hispanic,60-64,NA,38,90,7050
AIAN Non-Hispanic,60-64,NA,39,70,4217
AIAN Non-Hispanic,60-64,NA,40,984,60887
AIAN Non-Hispanic,60-64,NA,41,172,8337
AIAN Non-Hispanic,60-64,NA,42,39,1791
AIAN Non-Hispanic,60-64,NA,44,6,616
AIAN Non-Hispanic,60-64,NA,45,75,3615
AIAN Non-Hispanic,60-64,NA,46,116,9902
AIAN Non-Hispanic,60-64,NA,47,55,3299
AIAN Non-Hispanic,60-64,NA,48,324,14315
AIAN Non-Hispanic,60-64,NA,49,114,4340
AIAN Non-Hispanic,60-64,NA,50,5,112
AIAN Non-Hispanic,60-64,NA,51,104,5917
AIAN Non-Hispanic,60-64,NA,53,352,14700
AIAN Non-Hispanic,60-64,NA,54,6,509
AIAN Non-Hispanic,60-64,NA,55,152,8427
AIAN Non-Hispanic,60-64,NA,56,49,2419
AIAN Non-Hispanic,65-69,NA,1,64,2962
AIAN Non-Hispanic,65-69,NA,2,327,15695
AIAN Non-Hispanic,65-69,NA,4,953,35761
AIAN Non-Hispanic,65-69,NA,5,49,2827
AIAN Non-Hispanic,65-69,NA,6,509,25209
AIAN Non-Hispanic,65-69,NA,8,81,4600
AIAN Non-Hispanic,65-69,NA,9,12,506
AIAN Non-Hispanic,65-69,NA,10,15,635
AIAN Non-Hispanic,65-69,NA,11,5,228
AIAN Non-Hispanic,65-69,NA,12,163,7580
AIAN Non-Hispanic,65-69,NA,13,42,2741
AIAN Non-Hispanic,65-69,NA,15,5,220
AIAN Non-Hispanic,65-69,NA,16,63,3389
AIAN Non-Hispanic,65-69,NA,17,41,2464
AIAN Non-Hispanic,65-69,NA,18,37,1607
AIAN Non-Hispanic,65-69,NA,19,23,1179
AIAN Non-Hispanic,65-69,NA,20,62,2449
AIAN Non-Hispanic,65-69,NA,21,16,935
AIAN Non-Hispanic,65-69,NA,22,107,4419
AIAN Non-Hispanic,65-69,NA,23,32,1081
AIAN Non-Hispanic,65-69,NA,24,28,1533
AIAN Non-Hispanic,65-69,NA,25,25,1193
AIAN Non-Hispanic,65-69,NA,26,198,8111
AIAN Non-Hispanic,65-69,NA,27,138,5862
AIAN Non-Hispanic,65-69,NA,28,25,1732
AIAN Non-Hispanic,65-69,NA,29,74,3453
AIAN Non-Hispanic,65-69,NA,30,153,9903
AIAN Non-Hispanic,65-69,NA,31,30,1549
AIAN Non-Hispanic,65-69,NA,32,147,4765
AIAN Non-Hispanic,65-69,NA,33,5,277
AIAN Non-Hispanic,65-69,NA,34,24,1150
AIAN Non-Hispanic,65-69,NA,35,789,35313
AIAN Non-Hispanic,65-69,NA,36,160,9993
AIAN Non-Hispanic,65-69,NA,37,377,20012
AIAN Non-Hispanic,65-69,NA,38,60,3616
AIAN Non-Hispanic,65-69,NA,39,56,2927
AIAN Non-Hispanic,65-69,NA,40,787,45809
AIAN Non-Hispanic,65-69,NA,41,130,5507
AIAN Non-Hispanic,65-69,NA,42,52,2735
AIAN Non-Hispanic,65-69,NA,44,5,284
AIAN Non-Hispanic,65-69,NA,45,51,2485
AIAN Non-Hispanic,65-69,NA,46,104,7134
AIAN Non-Hispanic,65-69,NA,47,57,2671
AIAN Non-Hispanic,65-69,NA,48,287,11796
AIAN Non-Hispanic,65-69,NA,49,77,3464
AIAN Non-Hispanic,65-69,NA,50,4,143
AIAN Non-Hispanic,65-69,NA,51,66,2271
AIAN Non-Hispanic,65-69,NA,53,314,13532
AIAN Non-Hispanic,65-69,NA,54,11,789
AIAN Non-Hispanic,65-69,NA,55,124,5964
AIAN Non-Hispanic,65-69,NA,56,45,1234
AIAN Non-Hispanic,70-74,NA,1,60,3672
AIAN Non-Hispanic,70-74,NA,2,262,12696
AIAN Non-Hispanic,70-74,NA,4,791,32323
AIAN Non-Hispanic,70-74,NA,5,36,1687
AIAN Non-Hispanic,70-74,NA,6,407,17973
AIAN Non-Hispanic,70-74,NA,8,62,3430
AIAN Non-Hispanic,70-74,NA,9,20,752
AIAN Non-Hispanic,70-74,NA,10,22,604
AIAN Non-Hispanic,70-74,NA,11,2,101
AIAN Non-Hispanic,70-74,NA,12,102,4392
AIAN Non-Hispanic,70-74,NA,13,42,2420
AIAN Non-Hispanic,70-74,NA,15,5,291
AIAN Non-Hispanic,70-74,NA,16,51,2309
AIAN Non-Hispanic,70-74,NA,17,41,2609
AIAN Non-Hispanic,70-74,NA,18,31,1319
AIAN Non-Hispanic,70-74,NA,19,11,881
AIAN Non-Hispanic,70-74,NA,20,51,2449
AIAN Non-Hispanic,70-74,NA,21,18,1113
AIAN Non-Hispanic,70-74,NA,22,74,2714
AIAN Non-Hispanic,70-74,NA,23,14,386
AIAN Non-Hispanic,70-74,NA,24,29,1858
AIAN Non-Hispanic,70-74,NA,25,19,1086
AIAN Non-Hispanic,70-74,NA,26,112,5270
AIAN Non-Hispanic,70-74,NA,27,108,4376
AIAN Non-Hispanic,70-74,NA,28,18,1257
AIAN Non-Hispanic,70-74,NA,29,49,2316
AIAN Non-Hispanic,70-74,NA,30,137,7274
AIAN Non-Hispanic,70-74,NA,31,35,2085
AIAN Non-Hispanic,70-74,NA,32,109,3368
AIAN Non-Hispanic,70-74,NA,33,3,161
AIAN Non-Hispanic,70-74,NA,34,27,1233
AIAN Non-Hispanic,70-74,NA,35,512,21209
AIAN Non-Hispanic,70-74,NA,36,125,6079
AIAN Non-Hispanic,70-74,NA,37,339,16690
AIAN Non-Hispanic,70-74,NA,38,42,3546
AIAN Non-Hispanic,70-74,NA,39,37,2484
AIAN Non-Hispanic,70-74,NA,40,631,34422
AIAN Non-Hispanic,70-74,NA,41,125,5671
AIAN Non-Hispanic,70-74,NA,42,39,1720
AIAN Non-Hispanic,70-74,NA,44,4,417
AIAN Non-Hispanic,70-74,NA,45,40,2033
AIAN Non-Hispanic,70-74,NA,46,73,7101
AIAN Non-Hispanic,70-74,NA,47,35,1798
AIAN Non-Hispanic,70-74,NA,48,205,8377
AIAN Non-Hispanic,70-74,NA,49,41,1935
AIAN Non-Hispanic,70-74,NA,50,5,206
AIAN Non-Hispanic,70-74,NA,51,51,2178
AIAN Non-Hispanic,70-74,NA,53,241,11695
AIAN Non-Hispanic,70-74,NA,54,8,249
AIAN Non-Hispanic,70-74,NA,55,100,5299
AIAN Non-Hispanic,70-74,NA,56,36,1152
AIAN Non-Hispanic,75-79,NA,1,30,1557
AIAN Non-Hispanic,75-79,NA,2,144,7475
AIAN Non-Hispanic,75-79,NA,4,503,19437
AIAN Non-Hispanic,75-79,NA,5,16,959
AIAN Non-Hispanic,75-79,NA,6,277,13918
AIAN Non-Hispanic,75-79,NA,8,22,1582
AIAN Non-Hispanic,75-79,NA,9,8,388
AIAN Non-Hispanic,75-79,NA,10,15,363
AIAN Non-Hispanic,75-79,NA,12,82,3829
AIAN Non-Hispanic,75-79,NA,13,32,1887
AIAN Non-Hispanic,75-79,NA,15,4,409
AIAN Non-Hispanic,75-79,NA,16,29,1384
AIAN Non-Hispanic,75-79,NA,17,11,506
AIAN Non-Hispanic,75-79,NA,18,11,683
AIAN Non-Hispanic,75-79,NA,19,8,587
AIAN Non-Hispanic,75-79,NA,20,24,801
AIAN Non-Hispanic,75-79,NA,21,9,547
AIAN Non-Hispanic,75-79,NA,22,63,2527
AIAN Non-Hispanic,75-79,NA,23,19,584
AIAN Non-Hispanic,75-79,NA,24,16,1094
AIAN Non-Hispanic,75-79,NA,25,19,1280
AIAN Non-Hispanic,75-79,NA,26,74,3131
AIAN Non-Hispanic,75-79,NA,27,62,3341
AIAN Non-Hispanic,75-79,NA,28,18,1265
AIAN Non-Hispanic,75-79,NA,29,36,1643
AIAN Non-Hispanic,75-79,NA,30,80,4309
AIAN Non-Hispanic,75-79,NA,31,11,506
AIAN Non-Hispanic,75-79,NA,32,80,2757
AIAN Non-Hispanic,75-79,NA,33,7,349
AIAN Non-Hispanic,75-79,NA,34,17,593
AIAN Non-Hispanic,75-79,NA,35,378,16178
AIAN Non-Hispanic,75-79,NA,36,58,3513
AIAN Non-Hispanic,75-79,NA,37,205,11164
AIAN Non-Hispanic,75-79,NA,38,30,2585
AIAN Non-Hispanic,75-79,NA,39,39,2054
AIAN Non-Hispanic,75-79,NA,40,395,21598
AIAN Non-Hispanic,75-79,NA,41,81,3623
AIAN Non-Hispanic,75-79,NA,42,14,732
AIAN Non-Hispanic,75-79,NA,44,3,143
AIAN Non-Hispanic,75-79,NA,45,34,1408
AIAN Non-Hispanic,75-79,NA,46,55,3908
AIAN Non-Hispanic,75-79,NA,47,19,926
AIAN Non-Hispanic,75-79,NA,48,129,4651
AIAN Non-Hispanic,75-79,NA,49,36,1500
AIAN Non-Hispanic,75-79,NA,50,1,9
AIAN Non-Hispanic,75-79,NA,51,31,1133
AIAN Non-Hispanic,75-79,NA,53,141,6127
AIAN Non-Hispanic,75-79,NA,54,4,525
AIAN Non-Hispanic,75-79,NA,55,51,3126
AIAN Non-Hispanic,75-79,NA,56,26,695
AIAN Non-Hispanic,80+,NA,1,34,1711
AIAN Non-Hispanic,80+,NA,2,139,6635
AIAN Non-Hispanic,80+,NA,4,656,22894
AIAN Non-Hispanic,80+,NA,5,22,925
AIAN Non-Hispanic,80+,NA,6,273,14336
AIAN Non-Hispanic,80+,NA,8,39,2252
AIAN Non-Hispanic,80+,NA,9,4,237
AIAN Non-Hispanic,80+,NA,10,8,150
AIAN Non-Hispanic,80+,NA,11,1,46
AIAN Non-Hispanic,80+,NA,12,74,3400
AIAN Non-Hispanic,80+,NA,13,22,1333
AIAN Non-Hispanic,80+,NA,15,2,126
AIAN Non-Hispanic,80+,NA,16,28,1086
AIAN Non-Hispanic,80+,NA,17,28,1325
AIAN Non-Hispanic,80+,NA,18,7,628
AIAN Non-Hispanic,80+,NA,19,7,350
AIAN Non-Hispanic,80+,NA,20,22,968
AIAN Non-Hispanic,80+,NA,21,13,1023
AIAN Non-Hispanic,80+,NA,22,41,1455
AIAN Non-Hispanic,80+,NA,23,18,592
AIAN Non-Hispanic,80+,NA,24,19,1092
AIAN Non-Hispanic,80+,NA,25,15,1112
AIAN Non-Hispanic,80+,NA,26,70,3198
AIAN Non-Hispanic,80+,NA,27,42,2831
AIAN Non-Hispanic,80+,NA,28,13,776
AIAN Non-Hispanic,80+,NA,29,20,979
AIAN Non-Hispanic,80+,NA,30,77,3975
AIAN Non-Hispanic,80+,NA,31,14,666
AIAN Non-Hispanic,80+,NA,32,67,1959
AIAN Non-Hispanic,80+,NA,34,25,1336
AIAN Non-Hispanic,80+,NA,35,412,18177
AIAN Non-Hispanic,80+,NA,36,56,3681
AIAN Non-Hispanic,80+,NA,37,195,9633
AIAN Non-Hispanic,80+,NA,38,21,1184
AIAN Non-Hispanic,80+,NA,39,19,693
AIAN Non-Hispanic,80+,NA,40,432,22402
AIAN Non-Hispanic,80+,NA,41,52,2321
AIAN Non-Hispanic,80+,NA,42,17,1528
AIAN Non-Hispanic,80+,NA,44,3,182
AIAN Non-Hispanic,80+,NA,45,20,466
AIAN Non-Hispanic,80+,NA,46,53,4266
AIAN Non-Hispanic,80+,NA,47,26,1448
AIAN Non-Hispanic,80+,NA,48,138,6216
AIAN Non-Hispanic,80+,NA,49,41,1683
AIAN Non-Hispanic,80+,NA,50,2,67
AIAN Non-Hispanic,80+,NA,51,40,2053
AIAN Non-Hispanic,80+,NA,53,148,5554
AIAN Non-Hispanic,80+,NA,54,2,21
AIAN Non-Hispanic,80+,NA,55,60,2899
AIAN Non-Hispanic,80+,NA,56,19,595
AIAN Hispanic,0-4,NA,1,25,5004
AIAN Hispanic,0-4,NA,2,7,822
AIAN Hispanic,0-4,NA,4,202,21830
AIAN Hispanic,0-4,NA,5,23,2345
AIAN Hispanic,0-4,NA,6,905,109739
AIAN Hispanic,0-4,NA,8,85,12448
AIAN Hispanic,0-4,NA,9,16,3039
AIAN Hispanic,0-4,NA,10,7,1432
AIAN Hispanic,0-4,NA,11,3,460
AIAN Hispanic,0-4,NA,12,143,21609
AIAN Hispanic,0-4,NA,13,93,12798
AIAN Hispanic,0-4,NA,15,4,454
AIAN Hispanic,0-4,NA,16,24,2942
AIAN Hispanic,0-4,NA,17,118,15529
AIAN Hispanic,0-4,NA,18,24,2915
AIAN Hispanic,0-4,NA,19,17,1332
AIAN Hispanic,0-4,NA,20,26,4230
AIAN Hispanic,0-4,NA,21,8,1189
AIAN Hispanic,0-4,NA,22,27,4575
AIAN Hispanic,0-4,NA,23,4,487
AIAN Hispanic,0-4,NA,24,51,7574
AIAN Hispanic,0-4,NA,25,36,6951
AIAN Hispanic,0-4,NA,26,34,4947
AIAN Hispanic,0-4,NA,27,25,6714
AIAN Hispanic,0-4,NA,28,9,1470
AIAN Hispanic,0-4,NA,29,15,2485
AIAN Hispanic,0-4,NA,30,8,822
AIAN Hispanic,0-4,NA,31,18,4002
AIAN Hispanic,0-4,NA,32,59,6325
AIAN Hispanic,0-4,NA,33,1,245
AIAN Hispanic,0-4,NA,34,91,16987
AIAN Hispanic,0-4,NA,35,86,9654
AIAN Hispanic,0-4,NA,36,164,27694
AIAN Hispanic,0-4,NA,37,58,8247
AIAN Hispanic,0-4,NA,38,9,1312
AIAN Hispanic,0-4,NA,39,15,1830
AIAN Hispanic,0-4,NA,40,94,10696
AIAN Hispanic,0-4,NA,41,41,4550
AIAN Hispanic,0-4,NA,42,31,8741
AIAN Hispanic,0-4,NA,44,16,3491
AIAN Hispanic,0-4,NA,45,31,5079
AIAN Hispanic,0-4,NA,46,24,3429
AIAN Hispanic,0-4,NA,47,27,3044
AIAN Hispanic,0-4,NA,48,397,54083
AIAN Hispanic,0-4,NA,49,29,4057
AIAN Hispanic,0-4,NA,51,42,6483
AIAN Hispanic,0-4,NA,53,95,11992
AIAN Hispanic,0-4,NA,54,3,216
AIAN Hispanic,0-4,NA,55,23,3250
AIAN Hispanic,0-4,NA,56,9,1160
AIAN Hispanic,5-9,NA,1,38,6127
AIAN Hispanic,5-9,NA,2,17,1719
AIAN Hispanic,5-9,NA,4,245,21075
AIAN Hispanic,5-9,NA,5,19,2604
AIAN Hispanic,5-9,NA,6,1200,128242
AIAN Hispanic,5-9,NA,8,100,14312
AIAN Hispanic,5-9,NA,9,18,1601
AIAN Hispanic,5-9,NA,10,6,1270
AIAN Hispanic,5-9,NA,11,1,231
AIAN Hispanic,5-9,NA,12,142,18507
AIAN Hispanic,5-9,NA,13,120,14768
AIAN Hispanic,5-9,NA,15,2,306
AIAN Hispanic,5-9,NA,16,23,2753
AIAN Hispanic,5-9,NA,17,189,25388
AIAN Hispanic,5-9,NA,18,50,8297
AIAN Hispanic,5-9,NA,19,16,1420
AIAN Hispanic,5-9,NA,20,34,5692
AIAN Hispanic,5-9,NA,21,13,1855
AIAN Hispanic,5-9,NA,22,19,2607
AIAN Hispanic,5-9,NA,23,2,313
AIAN Hispanic,5-9,NA,24,56,7528
AIAN Hispanic,5-9,NA,25,43,5358
AIAN Hispanic,5-9,NA,26,44,5532
AIAN Hispanic,5-9,NA,27,36,5014
AIAN Hispanic,5-9,NA,28,9,1188
AIAN Hispanic,5-9,NA,29,18,2296
AIAN Hispanic,5-9,NA,30,14,1427
AIAN Hispanic,5-9,NA,31,23,3744
AIAN Hispanic,5-9,NA,32,80,7668
AIAN Hispanic,5-9,NA,33,1,245
AIAN Hispanic,5-9,NA,34,121,17798
AIAN Hispanic,5-9,NA,35,114,10873
AIAN Hispanic,5-9,NA,36,154,24394
AIAN Hispanic,5-9,NA,37,110,12793
AIAN Hispanic,5-9,NA,38,6,322
AIAN Hispanic,5-9,NA,39,20,2247
AIAN Hispanic,5-9,NA,40,117,11901
AIAN Hispanic,5-9,NA,41,55,5872
AIAN Hispanic,5-9,NA,42,20,3304
AIAN Hispanic,5-9,NA,44,11,1715
AIAN Hispanic,5-9,NA,45,36,4284
AIAN Hispanic,5-9,NA,46,15,2410
AIAN Hispanic,5-9,NA,47,36,5160
AIAN Hispanic,5-9,NA,48,517,59938
AIAN Hispanic,5-9,NA,49,35,4183
AIAN Hispanic,5-9,NA,51,49,7538
AIAN Hispanic,5-9,NA,53,110,14660
AIAN Hispanic,5-9,NA,55,29,4245
AIAN Hispanic,5-9,NA,56,6,532
AIAN Hispanic,10-14,NA,1,32,4716
AIAN Hispanic,10-14,NA,2,12,1147
AIAN Hispanic,10-14,NA,4,258,26082
AIAN Hispanic,10-14,NA,5,15,1211
AIAN Hispanic,10-14,NA,6,1500,159886
AIAN Hispanic,10-14,NA,8,111,15705
AIAN Hispanic,10-14,NA,9,26,2890
AIAN Hispanic,10-14,NA,10,14,1758
AIAN Hispanic,10-14,NA,12,189,22507
AIAN Hispanic,10-14,NA,13,147,18404
AIAN Hispanic,10-14,NA,15,4,634
AIAN Hispanic,10-14,NA,16,32,3753
AIAN Hispanic,10-14,NA,17,220,30929
AIAN Hispanic,10-14,NA,18,41,5805
AIAN Hispanic,10-14,NA,19,23,2489
AIAN Hispanic,10-14,NA,20,36,5409
AIAN Hispanic,10-14,NA,21,15,1015
AIAN Hispanic,10-14,NA,22,25,4058
AIAN Hispanic,10-14,NA,23,3,37
AIAN Hispanic,10-14,NA,24,61,7407
AIAN Hispanic,10-14,NA,25,36,5426
AIAN Hispanic,10-14,NA,26,61,6923
AIAN Hispanic,10-14,NA,27,38,4352
AIAN Hispanic,10-14,NA,28,13,1661
AIAN Hispanic,10-14,NA,29,23,2298
AIAN Hispanic,10-14,NA,30,13,1519
AIAN Hispanic,10-14,NA,31,44,5721
AIAN Hispanic,10-14,NA,32,87,8604
AIAN Hispanic,10-14,NA,33,3,510
AIAN Hispanic,10-14,NA,34,118,17615
AIAN Hispanic,10-14,NA,35,135,11625
AIAN Hispanic,10-14,NA,36,228,36166
AIAN Hispanic,10-14,NA,37,91,10849
AIAN Hispanic,10-14,NA,38,4,355
AIAN Hispanic,10-14,NA,39,40,4976
AIAN Hispanic,10-14,NA,40,126,14077
AIAN Hispanic,10-14,NA,41,69,8842
AIAN Hispanic,10-14,NA,42,48,7981
AIAN Hispanic,10-14,NA,44,12,1628
AIAN Hispanic,10-14,NA,45,43,4975
AIAN Hispanic,10-14,NA,46,14,1675
AIAN Hispanic,10-14,NA,47,38,6739
AIAN Hispanic,10-14,NA,48,616,78406
AIAN Hispanic,10-14,NA,49,30,3781
AIAN Hispanic,10-14,NA,50,2,41
AIAN Hispanic,10-14,NA,51,52,8396
AIAN Hispanic,10-14,NA,53,117,14900
AIAN Hispanic,10-14,NA,55,39,4332
AIAN Hispanic,10-14,NA,56,7,1237
AIAN Hispanic,15-19,NA,1,58,6987
AIAN Hispanic,15-19,NA,2,12,944
AIAN Hispanic,15-19,NA,4,287,26553
AIAN Hispanic,15-19,NA,5,25,2182
AIAN Hispanic,15-19,NA,6,1872,175660
AIAN Hispanic,15-19,NA,8,157,16262
AIAN Hispanic,15-19,NA,9,29,3408
AIAN Hispanic,15-19,NA,10,12,1279
AIAN Hispanic,15-19,NA,11,10,728
AIAN Hispanic,15-19,NA,12,204,25896
AIAN Hispanic,15-19,NA,13,194,19695
AIAN Hispanic,15-19,NA,15,5,488
AIAN Hispanic,15-19,NA,16,38,4134
AIAN Hispanic,15-19,NA,17,311,39749
AIAN Hispanic,15-19,NA,18,66,9413
AIAN Hispanic,15-19,NA,19,23,2120
AIAN Hispanic,15-19,NA,20,48,5463
AIAN Hispanic,15-19,NA,21,30,3953
AIAN Hispanic,15-19,NA,22,46,4711
AIAN Hispanic,15-19,NA,23,4,268
AIAN Hispanic,15-19,NA,24,85,7872
AIAN Hispanic,15-19,NA,25,76,7156
AIAN Hispanic,15-19,NA,26,82,10354
AIAN Hispanic,15-19,NA,27,44,6448
AIAN Hispanic,15-19,NA,28,25,2766
AIAN Hispanic,15-19,NA,29,25,1756
AIAN Hispanic,15-19,NA,30,13,1317
AIAN Hispanic,15-19,NA,31,53,7273
AIAN Hispanic,15-19,NA,32,97,9380
AIAN Hispanic,15-19,NA,33,1,63
AIAN Hispanic,15-19,NA,34,161,19495
AIAN Hispanic,15-19,NA,35,132,11979
AIAN Hispanic,15-19,NA,36,256,34378
AIAN Hispanic,15-19,NA,37,126,14035
AIAN Hispanic,15-19,NA,38,3,241
AIAN Hispanic,15-19,NA,39,66,5814
AIAN Hispanic,15-19,NA,40,116,13460
AIAN Hispanic,15-19,NA,41,95,10109
AIAN Hispanic,15-19,NA,42,73,9258
AIAN Hispanic,15-19,NA,44,8,821
AIAN Hispanic,15-19,NA,45,54,5775
AIAN Hispanic,15-19,NA,46,14,885
AIAN Hispanic,15-19,NA,47,59,7205
AIAN Hispanic,15-19,NA,48,772,92751
AIAN Hispanic,15-19,NA,49,52,7020
AIAN Hispanic,15-19,NA,50,1,65
AIAN Hispanic,15-19,NA,51,74,7847
AIAN Hispanic,15-19,NA,53,175,17231
AIAN Hispanic,15-19,NA,54,8,602
AIAN Hispanic,15-19,NA,55,53,8573
AIAN Hispanic,15-19,NA,56,7,925
AIAN Hispanic,20-24,NA,1,48,4914
AIAN Hispanic,20-24,NA,2,6,1443
AIAN Hispanic,20-24,NA,4,214,24636
AIAN Hispanic,20-24,NA,5,26,3242
AIAN Hispanic,20-24,NA,6,1804,177003
AIAN Hispanic,20-24,NA,8,113,14824
AIAN Hispanic,20-24,NA,9,34,3515
AIAN Hispanic,20-24,NA,10,8,1013
AIAN Hispanic,20-24,NA,11,10,761
AIAN Hispanic,20-24,NA,12,234,29153
AIAN Hispanic,20-24,NA,13,222,25262
AIAN Hispanic,20-24,NA,15,18,1821
AIAN Hispanic,20-24,NA,16,34,5307
AIAN Hispanic,20-24,NA,17,245,30435
AIAN Hispanic,20-24,NA,18,74,9809
AIAN Hispanic,20-24,NA,19,18,2579
AIAN Hispanic,20-24,NA,20,41,6265
AIAN Hispanic,20-24,NA,21,27,3233
AIAN Hispanic,20-24,NA,22,45,4273
AIAN Hispanic,20-24,NA,23,2,75
AIAN Hispanic,20-24,NA,24,67,6759
AIAN Hispanic,20-24,NA,25,62,7859
AIAN Hispanic,20-24,NA,26,52,4932
AIAN Hispanic,20-24,NA,27,35,5908
AIAN Hispanic,20-24,NA,28,9,1237
AIAN Hispanic,20-24,NA,29,24,2740
AIAN Hispanic,20-24,NA,30,16,1302
AIAN Hispanic,20-24,NA,31,36,5167
AIAN Hispanic,20-24,NA,32,111,14329
AIAN Hispanic,20-24,NA,33,9,1034
AIAN Hispanic,20-24,NA,34,167,21697
AIAN Hispanic,20-24,NA,35,108,14645
AIAN Hispanic,20-24,NA,36,256,31631
AIAN Hispanic,20-24,NA,37,114,10834
AIAN Hispanic,20-24,NA,38,4,817
AIAN Hispanic,20-24,NA,39,36,3473
AIAN Hispanic,20-24,NA,40,95,12477
AIAN Hispanic,20-24,NA,41,82,11524
AIAN Hispanic,20-24,NA,42,53,10907
AIAN Hispanic,20-24,NA,44,18,3315
AIAN Hispanic,20-24,NA,45,41,5099
AIAN Hispanic,20-24,NA,46,13,2197
AIAN Hispanic,20-24,NA,47,39,4527
AIAN Hispanic,20-24,NA,48,743,89734
AIAN Hispanic,20-24,NA,49,59,8100
AIAN Hispanic,20-24,NA,50,4,245
AIAN Hispanic,20-24,NA,51,79,9917
AIAN Hispanic,20-24,NA,53,131,12625
AIAN Hispanic,20-24,NA,54,3,129
AIAN Hispanic,20-24,NA,55,41,7359
AIAN Hispanic,20-24,NA,56,7,250
AIAN Hispanic,25-29,NA,1,29,3125
AIAN Hispanic,25-29,NA,2,7,700
AIAN Hispanic,25-29,NA,4,230,26915
AIAN Hispanic,25-29,NA,5,18,1305
AIAN Hispanic,25-29,NA,6,1769,174870
AIAN Hispanic,25-29,NA,8,151,19156
AIAN Hispanic,25-29,NA,9,25,2597
AIAN Hispanic,25-29,NA,10,7,825
AIAN Hispanic,25-29,NA,11,11,902
AIAN Hispanic,25-29,NA,12,227,24699
AIAN Hispanic,25-29,NA,13,154,16224
AIAN Hispanic,25-29,NA,15,7,678
AIAN Hispanic,25-29,NA,16,27,3596
AIAN Hispanic,25-29,NA,17,243,33942
AIAN Hispanic,25-29,NA,18,49,7364
AIAN Hispanic,25-29,NA,19,24,1984
AIAN Hispanic,25-29,NA,20,33,4617
AIAN Hispanic,25-29,NA,21,11,757
AIAN Hispanic,25-29,NA,22,34,4200
AIAN Hispanic,25-29,NA,23,2,177
AIAN Hispanic,25-29,NA,24,66,6933
AIAN Hispanic,25-29,NA,25,78,10431
AIAN Hispanic,25-29,NA,26,59,6866
AIAN Hispanic,25-29,NA,27,32,7414
AIAN Hispanic,25-29,NA,28,11,970
AIAN Hispanic,25-29,NA,29,26,2620
AIAN Hispanic,25-29,NA,30,9,852
AIAN Hispanic,25-29,NA,31,33,4074
AIAN Hispanic,25-29,NA,32,104,11837
AIAN Hispanic,25-29,NA,33,1,185
AIAN Hispanic,25-29,NA,34,120,16856
AIAN Hispanic,25-29,NA,35,90,11080
AIAN Hispanic,25-29,NA,36,283,34826
AIAN Hispanic,25-29,NA,37,109,11587
AIAN Hispanic,25-29,NA,38,4,412
AIAN Hispanic,25-29,NA,39,37,3771
AIAN Hispanic,25-29,NA,40,56,6795
AIAN Hispanic,25-29,NA,41,81,9403
AIAN Hispanic,25-29,NA,42,76,13900
AIAN Hispanic,25-29,NA,44,15,2618
AIAN Hispanic,25-29,NA,45,31,3465
AIAN Hispanic,25-29,NA,46,13,1991
AIAN Hispanic,25-29,NA,47,46,5399
AIAN Hispanic,25-29,NA,48,691,82621
AIAN Hispanic,25-29,NA,49,56,6431
AIAN Hispanic,25-29,NA,50,2,87
AIAN Hispanic,25-29,NA,51,87,10412
AIAN Hispanic,25-29,NA,53,132,14240
AIAN Hispanic,25-29,NA,54,2,127
AIAN Hispanic,25-29,NA,55,48,6831
AIAN Hispanic,25-29,NA,56,5,686
AIAN Hispanic,30-34,NA,1,32,4358
AIAN Hispanic,30-34,NA,2,15,1395
AIAN Hispanic,30-34,NA,4,226,22074
AIAN Hispanic,30-34,NA,5,28,2995
AIAN Hispanic,30-34,NA,6,1840,192399
AIAN Hispanic,30-34,NA,8,150,16632
AIAN Hispanic,30-34,NA,9,28,3687
AIAN Hispanic,30-34,NA,10,10,1104
AIAN Hispanic,30-34,NA,11,5,476
AIAN Hispanic,30-34,NA,12,228,24783
AIAN Hispanic,30-34,NA,13,144,16066
AIAN Hispanic,30-34,NA,15,8,1372
AIAN Hispanic,30-34,NA,16,36,3171
AIAN Hispanic,30-34,NA,17,228,25392
AIAN Hispanic,30-34,NA,18,40,5172
AIAN Hispanic,30-34,NA,19,30,4864
AIAN Hispanic,30-34,NA,20,30,4920
AIAN Hispanic,30-34,NA,21,22,3664
AIAN Hispanic,30-34,NA,22,40,5215
AIAN Hispanic,30-34,NA,23,3,768
AIAN Hispanic,30-34,NA,24,66,8123
AIAN Hispanic,30-34,NA,25,64,9912
AIAN Hispanic,30-34,NA,26,46,6509
AIAN Hispanic,30-34,NA,27,19,3876
AIAN Hispanic,30-34,NA,28,8,1145
AIAN Hispanic,30-34,NA,29,32,3324
AIAN Hispanic,30-34,NA,30,7,976
AIAN Hispanic,30-34,NA,31,24,3892
AIAN Hispanic,30-34,NA,32,122,11948
AIAN Hispanic,30-34,NA,33,4,578
AIAN Hispanic,30-34,NA,34,157,18344
AIAN Hispanic,30-34,NA,35,91,10094
AIAN Hispanic,30-34,NA,36,307,39381
AIAN Hispanic,30-34,NA,37,99,10514
AIAN Hispanic,30-34,NA,38,7,503
AIAN Hispanic,30-34,NA,39,41,5400
AIAN Hispanic,30-34,NA,40,58,7530
AIAN Hispanic,30-34,NA,41,83,9687
AIAN Hispanic,30-34,NA,42,50,8824
AIAN Hispanic,30-34,NA,44,9,1586
AIAN Hispanic,30-34,NA,45,47,5348
AIAN Hispanic,30-34,NA,46,17,2090
AIAN Hispanic,30-34,NA,47,48,5408
AIAN Hispanic,30-34,NA,48,774,92643
AIAN Hispanic,30-34,NA,49,65,7156
AIAN Hispanic,30-34,NA,51,80,10106
AIAN Hispanic,30-34,NA,53,136,13935
AIAN Hispanic,30-34,NA,54,2,174
AIAN Hispanic,30-34,NA,55,43,4143
AIAN Hispanic,30-34,NA,56,3,736
AIAN Hispanic,35-39,NA,1,43,4545
AIAN Hispanic,35-39,NA,2,7,1097
AIAN Hispanic,35-39,NA,4,206,25369
AIAN Hispanic,35-39,NA,5,30,3923
AIAN Hispanic,35-39,NA,6,1688,173760
AIAN Hispanic,35-39,NA,8,132,19030
AIAN Hispanic,35-39,NA,9,35,4649
AIAN Hispanic,35-39,NA,10,10,1252
AIAN Hispanic,35-39,NA,11,13,999
AIAN Hispanic,35-39,NA,12,218,30749
AIAN Hispanic,35-39,NA,13,128,13106
AIAN Hispanic,35-39,NA,15,8,1546
AIAN Hispanic,35-39,NA,16,38,6137
AIAN Hispanic,35-39,NA,17,250,33374
AIAN Hispanic,35-39,NA,18,53,6142
AIAN Hispanic,35-39,NA,19,26,3435
AIAN Hispanic,35-39,NA,20,36,6901
AIAN Hispanic,35-39,NA,21,18,2206
AIAN Hispanic,35-39,NA,22,40,5654
AIAN Hispanic,35-39,NA,23,1,272
AIAN Hispanic,35-39,NA,24,77,8708
AIAN Hispanic,35-39,NA,25,44,6477
AIAN Hispanic,35-39,NA,26,47,6260
AIAN Hispanic,35-39,NA,27,25,5333
AIAN Hispanic,35-39,NA,28,12,1281
AIAN Hispanic,35-39,NA,29,26,3808
AIAN Hispanic,35-39,NA,30,11,1229
AIAN Hispanic,35-39,NA,31,36,4598
AIAN Hispanic,35-39,NA,32,100,10118
AIAN Hispanic,35-39,NA,33,5,875
AIAN Hispanic,35-39,NA,34,158,21410
AIAN Hispanic,35-39,NA,35,79,9670
AIAN Hispanic,35-39,NA,36,299,41628
AIAN Hispanic,35-39,NA,37,107,12268
AIAN Hispanic,35-39,NA,38,1,109
AIAN Hispanic,35-39,NA,39,39,4166
AIAN Hispanic,35-39,NA,40,55,6856
AIAN Hispanic,35-39,NA,41,76,10523
AIAN Hispanic,35-39,NA,42,45,8232
AIAN Hispanic,35-39,NA,44,15,3002
AIAN Hispanic,35-39,NA,45,51,4931
AIAN Hispanic,35-39,NA,46,11,889
AIAN Hispanic,35-39,NA,47,40,5327
AIAN Hispanic,35-39,NA,48,649,79526
AIAN Hispanic,35-39,NA,49,40,4909
AIAN Hispanic,35-39,NA,50,3,329
AIAN Hispanic,35-39,NA,51,52,6608
AIAN Hispanic,35-39,NA,53,133,12060
AIAN Hispanic,35-39,NA,54,1,123
AIAN Hispanic,35-39,NA,55,28,2918
AIAN Hispanic,35-39,NA,56,6,972
AIAN Hispanic,40-44,NA,1,41,4809
AIAN Hispanic,40-44,NA,2,8,861
AIAN Hispanic,40-44,NA,4,180,20175
AIAN Hispanic,40-44,NA,5,19,2268
AIAN Hispanic,40-44,NA,6,1699,171638
AIAN Hispanic,40-44,NA,8,148,17690
AIAN Hispanic,40-44,NA,9,32,3503
AIAN Hispanic,40-44,NA,10,13,884
AIAN Hispanic,40-44,NA,11,11,1380
AIAN Hispanic,40-44,NA,12,225,28962
AIAN Hispanic,40-44,NA,13,143,16655
AIAN Hispanic,40-44,NA,15,5,651
AIAN Hispanic,40-44,NA,16,24,2187
AIAN Hispanic,40-44,NA,17,256,32741
AIAN Hispanic,40-44,NA,18,53,7055
AIAN Hispanic,40-44,NA,19,18,2847
AIAN Hispanic,40-44,NA,20,30,4816
AIAN Hispanic,40-44,NA,21,14,1751
AIAN Hispanic,40-44,NA,22,25,3393
AIAN Hispanic,40-44,NA,23,6,712
AIAN Hispanic,40-44,NA,24,68,6466
AIAN Hispanic,40-44,NA,25,50,6327
AIAN Hispanic,40-44,NA,26,48,6275
AIAN Hispanic,40-44,NA,27,34,4738
AIAN Hispanic,40-44,NA,28,12,1216
AIAN Hispanic,40-44,NA,29,28,3051
AIAN Hispanic,40-44,NA,30,9,1242
AIAN Hispanic,40-44,NA,31,21,4111
AIAN Hispanic,40-44,NA,32,83,9855
AIAN Hispanic,40-44,NA,33,5,706
AIAN Hispanic,40-44,NA,34,160,20467
AIAN Hispanic,40-44,NA,35,86,8170
AIAN Hispanic,40-44,NA,36,261,37164
AIAN Hispanic,40-44,NA,37,88,9831
AIAN Hispanic,40-44,NA,39,33,3966
AIAN Hispanic,40-44,NA,40,53,6480
AIAN Hispanic,40-44,NA,41,66,7721
AIAN Hispanic,40-44,NA,42,55,11576
AIAN Hispanic,40-44,NA,44,20,2615
AIAN Hispanic,40-44,NA,45,35,3639
AIAN Hispanic,40-44,NA,46,10,677
AIAN Hispanic,40-44,NA,47,49,5299
AIAN Hispanic,40-44,NA,48,707,90009
AIAN Hispanic,40-44,NA,49,38,4815
AIAN Hispanic,40-44,NA,50,2,159
AIAN Hispanic,40-44,NA,51,64,9310
AIAN Hispanic,40-44,NA,53,121,14352
AIAN Hispanic,40-44,NA,54,3,287
AIAN Hispanic,40-44,NA,55,36,6235
AIAN Hispanic,40-44,NA,56,11,1346
AIAN Hispanic,45-49,NA,1,29,3309
AIAN Hispanic,45-49,NA,2,3,178
AIAN Hispanic,45-49,NA,4,195,17533
AIAN Hispanic,45-49,NA,5,22,2183
AIAN Hispanic,45-49,NA,6,1661,162688
AIAN Hispanic,45-49,NA,8,94,13350
AIAN Hispanic,45-49,NA,9,40,3701
AIAN Hispanic,45-49,NA,10,8,661
AIAN Hispanic,45-49,NA,11,9,1028
AIAN Hispanic,45-49,NA,12,192,23007
AIAN Hispanic,45-49,NA,13,124,12728
AIAN Hispanic,45-49,NA,15,8,873
AIAN Hispanic,45-49,NA,16,20,2078
AIAN Hispanic,45-49,NA,17,270,35896
AIAN Hispanic,45-49,NA,18,74,9182
AIAN Hispanic,45-49,NA,19,15,1465
AIAN Hispanic,45-49,NA,20,23,3338
AIAN Hispanic,45-49,NA,21,14,2396
AIAN Hispanic,45-49,NA,22,24,2692
AIAN Hispanic,45-49,NA,23,14,393
AIAN Hispanic,45-49,NA,24,62,8747
AIAN Hispanic,45-49,NA,25,41,4131
AIAN Hispanic,45-49,NA,26,61,7592
AIAN Hispanic,45-49,NA,27,22,2765
AIAN Hispanic,45-49,NA,28,8,600
AIAN Hispanic,45-49,NA,29,19,1819
AIAN Hispanic,45-49,NA,30,2,160
AIAN Hispanic,45-49,NA,31,28,5345
AIAN Hispanic,45-49,NA,32,101,11287
AIAN Hispanic,45-49,NA,33,4,425
AIAN Hispanic,45-49,NA,34,152,20248
AIAN Hispanic,45-49,NA,35,60,5687
AIAN Hispanic,45-49,NA,36,249,31628
AIAN Hispanic,45-49,NA,37,86,11077
AIAN Hispanic,45-49,NA,38,1,47
AIAN Hispanic,45-49,NA,39,30,3186
AIAN Hispanic,45-49,NA,40,52,5690
AIAN Hispanic,45-49,NA,41,58,8369
AIAN Hispanic,45-49,NA,42,50,7646
AIAN Hispanic,45-49,NA,44,7,1088
AIAN Hispanic,45-49,NA,45,36,4046
AIAN Hispanic,45-49,NA,46,3,179
AIAN Hispanic,45-49,NA,47,25,3884
AIAN Hispanic,45-49,NA,48,664,76269
AIAN Hispanic,45-49,NA,49,36,4403
AIAN Hispanic,45-49,NA,50,1,80
AIAN Hispanic,45-49,NA,51,49,6297
AIAN Hispanic,45-49,NA,53,77,8118
AIAN Hispanic,45-49,NA,54,1,219
AIAN Hispanic,45-49,NA,55,24,3356
AIAN Hispanic,45-49,NA,56,3,72
AIAN Hispanic,50-54,NA,1,25,2442
AIAN Hispanic,50-54,NA,2,4,762
AIAN Hispanic,50-54,NA,4,127,12113
AIAN Hispanic,50-54,NA,5,11,673
AIAN Hispanic,50-54,NA,6,1503,137128
AIAN Hispanic,50-54,NA,8,129,13106
AIAN Hispanic,50-54,NA,9,26,4269
AIAN Hispanic,50-54,NA,10,3,662
AIAN Hispanic,50-54,NA,11,5,471
AIAN Hispanic,50-54,NA,12,149,17721
AIAN Hispanic,50-54,NA,13,94,12703
AIAN Hispanic,50-54,NA,15,9,884
AIAN Hispanic,50-54,NA,16,23,2837
AIAN Hispanic,50-54,NA,17,230,27015
AIAN Hispanic,50-54,NA,18,43,5079
AIAN Hispanic,50-54,NA,19,10,2095
AIAN Hispanic,50-54,NA,20,23,2610
AIAN Hispanic,50-54,NA,21,7,799
AIAN Hispanic,50-54,NA,22,19,2889
AIAN Hispanic,50-54,NA,23,2,162
AIAN Hispanic,50-54,NA,24,50,5409
AIAN Hispanic,50-54,NA,25,34,4364
AIAN Hispanic,50-54,NA,26,35,3916
AIAN Hispanic,50-54,NA,27,18,3767
AIAN Hispanic,50-54,NA,28,6,696
AIAN Hispanic,50-54,NA,29,25,2904
AIAN Hispanic,50-54,NA,30,4,349
AIAN Hispanic,50-54,NA,31,16,1790
AIAN Hispanic,50-54,NA,32,78,8237
AIAN Hispanic,50-54,NA,34,109,14128
AIAN Hispanic,50-54,NA,35,70,7546
AIAN Hispanic,50-54,NA,36,229,30816
AIAN Hispanic,50-54,NA,37,63,7758
AIAN Hispanic,50-54,NA,39,34,3658
AIAN Hispanic,50-54,NA,40,39,4841
AIAN Hispanic,50-54,NA,41,57,7748
AIAN Hispanic,50-54,NA,42,43,5796
AIAN Hispanic,50-54,NA,44,4,599
AIAN Hispanic,50-54,NA,45,18,2233
AIAN Hispanic,50-54,NA,46,7,964
AIAN Hispanic,50-54,NA,47,22,2231
AIAN Hispanic,50-54,NA,48,588,66853
AIAN Hispanic,50-54,NA,49,26,3975
AIAN Hispanic,50-54,NA,50,2,187
AIAN Hispanic,50-54,NA,51,42,4441
AIAN Hispanic,50-54,NA,53,79,7867
AIAN Hispanic,50-54,NA,54,7,744
AIAN Hispanic,50-54,NA,55,27,4515
AIAN Hispanic,50-54,NA,56,7,614
AIAN Hispanic,55-59,NA,1,17,1630
AIAN Hispanic,55-59,NA,2,6,625
AIAN Hispanic,55-59,NA,4,137,13178
AIAN Hispanic,55-59,NA,5,16,1808
AIAN Hispanic,55-59,NA,6,1372,122979
AIAN Hispanic,55-59,NA,8,114,13156
AIAN Hispanic,55-59,NA,9,24,2651
AIAN Hispanic,55-59,NA,10,3,173
AIAN Hispanic,55-59,NA,11,2,399
AIAN Hispanic,55-59,NA,12,138,12801
AIAN Hispanic,55-59,NA,13,63,7128
AIAN Hispanic,55-59,NA,15,7,857
AIAN Hispanic,55-59,NA,16,21,2494
AIAN Hispanic,55-59,NA,17,155,17880
AIAN Hispanic,55-59,NA,18,27,2857
AIAN Hispanic,55-59,NA,19,12,1261
AIAN Hispanic,55-59,NA,20,11,1407
AIAN Hispanic,55-59,NA,21,8,756
AIAN Hispanic,55-59,NA,22,21,2047
AIAN Hispanic,55-59,NA,23,1,472
AIAN Hispanic,55-59,NA,24,41,6038
AIAN Hispanic,55-59,NA,25,27,3251
AIAN Hispanic,55-59,NA,26,33,3553
AIAN Hispanic,55-59,NA,27,14,2075
AIAN Hispanic,55-59,NA,28,5,534
AIAN Hispanic,55-59,NA,29,17,1787
AIAN Hispanic,55-59,NA,30,4,433
AIAN Hispanic,55-59,NA,31,15,1182
AIAN Hispanic,55-59,NA,32,59,5932
AIAN Hispanic,55-59,NA,34,74,9186
AIAN Hispanic,55-59,NA,35,58,5626
AIAN Hispanic,55-59,NA,36,194,24946
AIAN Hispanic,55-59,NA,37,57,6452
AIAN Hispanic,55-59,NA,39,30,3760
AIAN Hispanic,55-59,NA,40,22,2263
AIAN Hispanic,55-59,NA,41,54,6226
AIAN Hispanic,55-59,NA,42,28,4007
AIAN Hispanic,55-59,NA,44,9,1428
AIAN Hispanic,55-59,NA,45,23,1813
AIAN Hispanic,55-59,NA,46,2,216
AIAN Hispanic,55-59,NA,47,12,1566
AIAN Hispanic,55-59,NA,48,458,46274
AIAN Hispanic,55-59,NA,49,27,2793
AIAN Hispanic,55-59,NA,51,45,4710
AIAN Hispanic,55-59,NA,53,62,6951
AIAN Hispanic,55-59,NA,54,1,55
AIAN Hispanic,55-59,NA,55,18,2373
AIAN Hispanic,55-59,NA,56,5,312
AIAN Hispanic,60-64,NA,1,7,1055
AIAN Hispanic,60-64,NA,2,2,258
AIAN Hispanic,60-64,NA,4,119,11601
AIAN Hispanic,60-64,NA,5,6,711
AIAN Hispanic,60-64,NA,6,1220,107499
AIAN Hispanic,60-64,NA,8,109,10737
AIAN Hispanic,60-64,NA,9,16,1559
AIAN Hispanic,60-64,NA,10,3,525
AIAN Hispanic,60-64,NA,12,99,9826
AIAN Hispanic,60-64,NA,13,38,4421
AIAN Hispanic,60-64,NA,15,8,911
AIAN Hispanic,60-64,NA,16,19,2652
AIAN Hispanic,60-64,NA,17,129,14658
AIAN Hispanic,60-64,NA,18,20,2611
AIAN Hispanic,60-64,NA,19,8,579
AIAN Hispanic,60-64,NA,20,10,1249
AIAN Hispanic,60-64,NA,21,3,70
AIAN Hispanic,60-64,NA,22,16,1375
AIAN Hispanic,60-64,NA,23,1,67
AIAN Hispanic,60-64,NA,24,27,3073
AIAN Hispanic,60-64,NA,25,18,1966
AIAN Hispanic,60-64,NA,26,37,3822
AIAN Hispanic,60-64,NA,27,7,949
AIAN Hispanic,60-64,NA,28,3,134
AIAN Hispanic,60-64,NA,29,8,512
AIAN Hispanic,60-64,NA,30,8,963
AIAN Hispanic,60-64,NA,31,11,1214
AIAN Hispanic,60-64,NA,32,59,5117
AIAN Hispanic,60-64,NA,34,68,7578
AIAN Hispanic,60-64,NA,35,56,4836
AIAN Hispanic,60-64,NA,36,152,19250
AIAN Hispanic,60-64,NA,37,22,2751
AIAN Hispanic,60-64,NA,38,1,157
AIAN Hispanic,60-64,NA,39,28,2742
AIAN Hispanic,60-64,NA,40,19,1487
AIAN Hispanic,60-64,NA,41,37,4097
AIAN Hispanic,60-64,NA,42,26,2719
AIAN Hispanic,60-64,NA,44,4,772
AIAN Hispanic,60-64,NA,45,9,920
AIAN Hispanic,60-64,NA,46,4,597
AIAN Hispanic,60-64,NA,47,18,2186
AIAN Hispanic,60-64,NA,48,416,42779
AIAN Hispanic,60-64,NA,49,29,3008
AIAN Hispanic,60-64,NA,51,31,5223
AIAN Hispanic,60-64,NA,53,67,7305
AIAN Hispanic,60-64,NA,54,1,65
AIAN Hispanic,60-64,NA,55,13,3590
AIAN Hispanic,60-64,NA,56,11,876
AIAN Hispanic,65-69,NA,1,5,965
AIAN Hispanic,65-69,NA,2,4,287
AIAN Hispanic,65-69,NA,4,120,9752
AIAN Hispanic,65-69,NA,5,6,962
AIAN Hispanic,65-69,NA,6,978,84349
AIAN Hispanic,65-69,NA,8,89,8558
AIAN Hispanic,65-69,NA,9,9,1112
AIAN Hispanic,65-69,NA,10,3,398
AIAN Hispanic,65-69,NA,11,1,60
AIAN Hispanic,65-69,NA,12,80,6813
AIAN Hispanic,65-69,NA,13,18,1658
AIAN Hispanic,65-69,NA,15,5,145
AIAN Hispanic,65-69,NA,16,17,1370
AIAN Hispanic,65-69,NA,17,74,8218
AIAN Hispanic,65-69,NA,18,19,1907
AIAN Hispanic,65-69,NA,19,5,616
AIAN Hispanic,65-69,NA,20,14,1228
AIAN Hispanic,65-69,NA,21,7,845
AIAN Hispanic,65-69,NA,22,12,891
AIAN Hispanic,65-69,NA,24,13,1171
AIAN Hispanic,65-69,NA,25,18,1815
AIAN Hispanic,65-69,NA,26,17,1477
AIAN Hispanic,65-69,NA,27,7,1087
AIAN Hispanic,65-69,NA,28,4,276
AIAN Hispanic,65-69,NA,29,13,1127
AIAN Hispanic,65-69,NA,30,7,564
AIAN Hispanic,65-69,NA,31,4,977
AIAN Hispanic,65-69,NA,32,44,4138
AIAN Hispanic,65-69,NA,34,38,4637
AIAN Hispanic,65-69,NA,35,59,4325
AIAN Hispanic,65-69,NA,36,115,18089
AIAN Hispanic,65-69,NA,37,14,1581
AIAN Hispanic,65-69,NA,38,2,479
AIAN Hispanic,65-69,NA,39,18,1868
AIAN Hispanic,65-69,NA,40,17,1803
AIAN Hispanic,65-69,NA,41,28,2213
AIAN Hispanic,65-69,NA,42,13,1684
AIAN Hispanic,65-69,NA,44,6,945
AIAN Hispanic,65-69,NA,45,5,746
AIAN Hispanic,65-69,NA,46,1,33
AIAN Hispanic,65-69,NA,47,10,947
AIAN Hispanic,65-69,NA,48,349,28243
AIAN Hispanic,65-69,NA,49,20,1773
AIAN Hispanic,65-69,NA,51,18,2450
AIAN Hispanic,65-69,NA,53,39,4498
AIAN Hispanic,65-69,NA,55,9,831
AIAN Hispanic,65-69,NA,56,6,548
AIAN Hispanic,70-74,NA,1,2,162
AIAN Hispanic,70-74,NA,2,2,124
AIAN Hispanic,70-74,NA,4,69,5626
AIAN Hispanic,70-74,NA,5,8,817
AIAN Hispanic,70-74,NA,6,619,51532
AIAN Hispanic,70-74,NA,8,72,5292
AIAN Hispanic,70-74,NA,9,4,395
AIAN Hispanic,70-74,NA,10,3,259
AIAN Hispanic,70-74,NA,11,2,102
AIAN Hispanic,70-74,NA,12,51,4594
AIAN Hispanic,70-74,NA,13,20,1994
AIAN Hispanic,70-74,NA,15,3,276
AIAN Hispanic,70-74,NA,16,5,777
AIAN Hispanic,70-74,NA,17,54,6607
AIAN Hispanic,70-74,NA,18,12,1624
AIAN Hispanic,70-74,NA,19,4,617
AIAN Hispanic,70-74,NA,20,8,938
AIAN Hispanic,70-74,NA,21,1,72
AIAN Hispanic,70-74,NA,22,8,467
AIAN Hispanic,70-74,NA,24,15,1738
AIAN Hispanic,70-74,NA,25,12,927
AIAN Hispanic,70-74,NA,26,20,2327
AIAN Hispanic,70-74,NA,27,8,577
AIAN Hispanic,70-74,NA,29,4,122
AIAN Hispanic,70-74,NA,30,3,175
AIAN Hispanic,70-74,NA,31,3,123
AIAN Hispanic,70-74,NA,32,36,2867
AIAN Hispanic,70-74,NA,34,27,2672
AIAN Hispanic,70-74,NA,35,46,4472
AIAN Hispanic,70-74,NA,36,73,8944
AIAN Hispanic,70-74,NA,37,15,1755
AIAN Hispanic,70-74,NA,39,10,1061
AIAN Hispanic,70-74,NA,40,11,1166
AIAN Hispanic,70-74,NA,41,17,1437
AIAN Hispanic,70-74,NA,42,16,2093
AIAN Hispanic,70-74,NA,44,3,410
AIAN Hispanic,70-74,NA,45,7,478
AIAN Hispanic,70-74,NA,46,1,159
AIAN Hispanic,70-74,NA,47,12,1342
AIAN Hispanic,70-74,NA,48,227,18980
AIAN Hispanic,70-74,NA,49,17,1660
AIAN Hispanic,70-74,NA,50,1,23
AIAN Hispanic,70-74,NA,51,12,1361
AIAN Hispanic,70-74,NA,53,21,1779
AIAN Hispanic,70-74,NA,54,2,157
AIAN Hispanic,70-74,NA,55,10,721
AIAN Hispanic,70-74,NA,56,3,138
AIAN Hispanic,75-79,NA,4,38,2344
AIAN Hispanic,75-79,NA,5,6,1200
AIAN Hispanic,75-79,NA,6,364,28105
AIAN Hispanic,75-79,NA,8,37,3247
AIAN Hispanic,75-79,NA,10,1,192
AIAN Hispanic,75-79,NA,11,1,52
AIAN Hispanic,75-79,NA,12,30,2317
AIAN Hispanic,75-79,NA,13,5,669
AIAN Hispanic,75-79,NA,15,4,573
AIAN Hispanic,75-79,NA,16,7,471
AIAN Hispanic,75-79,NA,17,37,5702
AIAN Hispanic,75-79,NA,18,8,938
AIAN Hispanic,75-79,NA,19,1,70
AIAN Hispanic,75-79,NA,20,3,196
AIAN Hispanic,75-79,NA,22,2,204
AIAN Hispanic,75-79,NA,24,7,706
AIAN Hispanic,75-79,NA,25,9,786
AIAN Hispanic,75-79,NA,26,8,881
AIAN Hispanic,75-79,NA,27,9,549
AIAN Hispanic,75-79,NA,29,3,235
AIAN Hispanic,75-79,NA,30,2,92
AIAN Hispanic,75-79,NA,31,2,131
AIAN Hispanic,75-79,NA,32,15,1699
AIAN Hispanic,75-79,NA,33,1,8
AIAN Hispanic,75-79,NA,34,10,1100
AIAN Hispanic,75-79,NA,35,27,2014
AIAN Hispanic,75-79,NA,36,38,4326
AIAN Hispanic,75-79,NA,37,9,713
AIAN Hispanic,75-79,NA,39,6,590
AIAN Hispanic,75-79,NA,40,7,344
AIAN Hispanic,75-79,NA,41,12,1329
AIAN Hispanic,75-79,NA,42,9,814
AIAN Hispanic,75-79,NA,44,1,285
AIAN Hispanic,75-79,NA,45,2,62
AIAN Hispanic,75-79,NA,47,6,449
AIAN Hispanic,75-79,NA,48,133,11911
AIAN Hispanic,75-79,NA,49,4,400
AIAN Hispanic,75-79,NA,50,1,259
AIAN Hispanic,75-79,NA,51,8,750
AIAN Hispanic,75-79,NA,53,12,1141
AIAN Hispanic,75-79,NA,54,1,84
AIAN Hispanic,75-79,NA,55,2,243
AIAN Hispanic,75-79,NA,56,1,55
AIAN Hispanic,80+,NA,1,3,367
AIAN Hispanic,80+,NA,2,1,22
AIAN Hispanic,80+,NA,4,41,3130
AIAN Hispanic,80+,NA,5,5,597
AIAN Hispanic,80+,NA,6,398,33525
AIAN Hispanic,80+,NA,8,32,3001
AIAN Hispanic,80+,NA,9,1,27
AIAN Hispanic,80+,NA,11,2,77
AIAN Hispanic,80+,NA,12,31,3357
AIAN Hispanic,80+,NA,13,5,728
AIAN Hispanic,80+,NA,15,2,54
AIAN Hispanic,80+,NA,16,2,190
AIAN Hispanic,80+,NA,17,36,3844
AIAN Hispanic,80+,NA,18,5,977
AIAN Hispanic,80+,NA,19,1,82
AIAN Hispanic,80+,NA,20,7,762
AIAN Hispanic,80+,NA,22,4,151
AIAN Hispanic,80+,NA,23,1,44
AIAN Hispanic,80+,NA,24,13,1589
AIAN Hispanic,80+,NA,25,11,792
AIAN Hispanic,80+,NA,26,11,698
AIAN Hispanic,80+,NA,27,1,19
AIAN Hispanic,80+,NA,28,1,136
AIAN Hispanic,80+,NA,29,5,602
AIAN Hispanic,80+,NA,31,6,628
AIAN Hispanic,80+,NA,32,12,971
AIAN Hispanic,80+,NA,34,13,1336
AIAN Hispanic,80+,NA,35,17,1586
AIAN Hispanic,80+,NA,36,47,6260
AIAN Hispanic,80+,NA,37,4,328
AIAN Hispanic,80+,NA,39,6,690
AIAN Hispanic,80+,NA,40,4,217
AIAN Hispanic,80+,NA,41,4,522
AIAN Hispanic,80+,NA,42,6,782
AIAN Hispanic,80+,NA,44,2,434
AIAN Hispanic,80+,NA,45,7,450
AIAN Hispanic,80+,NA,47,2,102
AIAN Hispanic,80+,NA,48,109,8446
AIAN Hispanic,80+,NA,49,4,334
AIAN Hispanic,80+,NA,51,5,413
AIAN Hispanic,80+,NA,53,17,1238
AIAN Hispanic,80+,NA,55,1,194
AIAN Hispanic,80+,NA,56,2,89
Asian Non-Hispanic,0-4,NA,1,133,14035
Asian Non-Hispanic,0-4,NA,2,46,10955
Asian Non-Hispanic,0-4,NA,4,392,41664
Asian Non-Hispanic,0-4,NA,5,79,9572
Asian Non-Hispanic,0-4,NA,6,9619,1017217
Asian Non-Hispanic,0-4,NA,8,271,35067
Asian Non-Hispanic,0-4,NA,9,333,29697
Asian Non-Hispanic,0-4,NA,10,72,8881
Asian Non-Hispanic,0-4,NA,11,35,3378
Asian Non-Hispanic,0-4,NA,12,889,104403
Asian Non-Hispanic,0-4,NA,13,893,97070
Asian Non-Hispanic,0-4,NA,15,511,62135
Asian Non-Hispanic,0-4,NA,16,47,5043
Asian Non-Hispanic,0-4,NA,17,1138,132217
Asian Non-Hispanic,0-4,NA,18,318,40449
Asian Non-Hispanic,0-4,NA,19,90,15030
Asian Non-Hispanic,0-4,NA,20,142,18891
Asian Non-Hispanic,0-4,NA,21,147,15071
Asian Non-Hispanic,0-4,NA,22,110,9574
Asian Non-Hispanic,0-4,NA,23,12,1166
Asian Non-Hispanic,0-4,NA,24,760,75189
Asian Non-Hispanic,0-4,NA,25,881,93414
Asian Non-Hispanic,0-4,NA,26,460,61327
Asian Non-Hispanic,0-4,NA,27,364,72295
Asian Non-Hispanic,0-4,NA,28,53,4849
Asian Non-Hispanic,0-4,NA,29,178,20648
Asian Non-Hispanic,0-4,NA,30,8,645
Asian Non-Hispanic,0-4,NA,31,74,9640
Asian Non-Hispanic,0-4,NA,32,311,42712
Asian Non-Hispanic,0-4,NA,33,38,5812
Asian Non-Hispanic,0-4,NA,34,1845,186541
Asian Non-Hispanic,0-4,NA,35,67,6963
Asian Non-Hispanic,0-4,NA,36,3031,334296
Asian Non-Hispanic,0-4,NA,37,671,76179
Asian Non-Hispanic,0-4,NA,38,15,2325
Asian Non-Hispanic,0-4,NA,39,457,63125
Asian Non-Hispanic,0-4,NA,40,166,19437
Asian Non-Hispanic,0-4,NA,41,279,34257
Asian Non-Hispanic,0-4,NA,42,716,101835
Asian Non-Hispanic,0-4,NA,44,45,6217
Asian Non-Hispanic,0-4,NA,45,139,14454
Asian Non-Hispanic,0-4,NA,46,18,2469
Asian Non-Hispanic,0-4,NA,47,204,22083
Asian Non-Hispanic,0-4,NA,48,3160,344726
Asian Non-Hispanic,0-4,NA,49,119,16195
Asian Non-Hispanic,0-4,NA,50,13,1927
Asian Non-Hispanic,0-4,NA,51,1047,104050
Asian Non-Hispanic,0-4,NA,53,1379,148392
Asian Non-Hispanic,0-4,NA,54,17,1540
Asian Non-Hispanic,0-4,NA,55,216,39501
Asian Non-Hispanic,0-4,NA,56,5,320
Asian Non-Hispanic,5-9,NA,1,159,17654
Asian Non-Hispanic,5-9,NA,2,61,9622
Asian Non-Hispanic,5-9,NA,4,521,49971
Asian Non-Hispanic,5-9,NA,5,103,12718
Asian Non-Hispanic,5-9,NA,6,11785,1175177
Asian Non-Hispanic,5-9,NA,8,320,31081
Asian Non-Hispanic,5-9,NA,9,414,36552
Asian Non-Hispanic,5-9,NA,10,82,9336
Asian Non-Hispanic,5-9,NA,11,28,1756
Asian Non-Hispanic,5-9,NA,12,1144,120404
Asian Non-Hispanic,5-9,NA,13,1266,117593
Asian Non-Hispanic,5-9,NA,15,632,63421
Asian Non-Hispanic,5-9,NA,16,54,5633
Asian Non-Hispanic,5-9,NA,17,1405,154699
Asian Non-Hispanic,5-9,NA,18,334,43178
Asian Non-Hispanic,5-9,NA,19,121,18408
Asian Non-Hispanic,5-9,NA,20,146,16210
Asian Non-Hispanic,5-9,NA,21,163,17464
Asian Non-Hispanic,5-9,NA,22,192,16756
Asian Non-Hispanic,5-9,NA,23,13,2538
Asian Non-Hispanic,5-9,NA,24,1001,90305
Asian Non-Hispanic,5-9,NA,25,1024,102889
Asian Non-Hispanic,5-9,NA,26,556,71304
Asian Non-Hispanic,5-9,NA,27,407,76196
Asian Non-Hispanic,5-9,NA,28,57,4698
Asian Non-Hispanic,5-9,NA,29,213,26903
Asian Non-Hispanic,5-9,NA,30,12,801
Asian Non-Hispanic,5-9,NA,31,102,13175
Asian Non-Hispanic,5-9,NA,32,383,42226
Asian Non-Hispanic,5-9,NA,33,50,7384
Asian Non-Hispanic,5-9,NA,34,2352,219139
Asian Non-Hispanic,5-9,NA,35,60,6948
Asian Non-Hispanic,5-9,NA,36,3783,376151
Asian Non-Hispanic,5-9,NA,37,821,87986
Asian Non-Hispanic,5-9,NA,38,18,1873
Asian Non-Hispanic,5-9,NA,39,591,70712
Asian Non-Hispanic,5-9,NA,40,198,25244
Asian Non-Hispanic,5-9,NA,41,326,36822
Asian Non-Hispanic,5-9,NA,42,899,120959
Asian Non-Hispanic,5-9,NA,44,63,6895
Asian Non-Hispanic,5-9,NA,45,200,20129
Asian Non-Hispanic,5-9,NA,46,17,2637
Asian Non-Hispanic,5-9,NA,47,291,29650
Asian Non-Hispanic,5-9,NA,48,4025,414608
Asian Non-Hispanic,5-9,NA,49,155,18992
Asian Non-Hispanic,5-9,NA,50,13,1750
Asian Non-Hispanic,5-9,NA,51,1407,130931
Asian Non-Hispanic,5-9,NA,53,1616,151475
Asian Non-Hispanic,5-9,NA,54,26,2206
Asian Non-Hispanic,5-9,NA,55,315,58011
Asian Non-Hispanic,5-9,NA,56,7,420
Asian Non-Hispanic,10-14,NA,1,157,14937
Asian Non-Hispanic,10-14,NA,2,63,9403
Asian Non-Hispanic,10-14,NA,4,568,53800
Asian Non-Hispanic,10-14,NA,5,100,11929
Asian Non-Hispanic,10-14,NA,6,13193,1301940
Asian Non-Hispanic,10-14,NA,8,357,40862
Asian Non-Hispanic,10-14,NA,9,497,44770
Asian Non-Hispanic,10-14,NA,10,84,10013
Asian Non-Hispanic,10-14,NA,11,23,2775
Asian Non-Hispanic,10-14,NA,12,1412,143240
Asian Non-Hispanic,10-14,NA,13,1353,121528
Asian Non-Hispanic,10-14,NA,15,818,81668
Asian Non-Hispanic,10-14,NA,16,50,4772
Asian Non-Hispanic,10-14,NA,17,1571,171964
Asian Non-Hispanic,10-14,NA,18,363,49204
Asian Non-Hispanic,10-14,NA,19,101,15709
Asian Non-Hispanic,10-14,NA,20,151,19703
Asian Non-Hispanic,10-14,NA,21,185,17913
Asian Non-Hispanic,10-14,NA,22,184,17404
Asian Non-Hispanic,10-14,NA,23,11,2006
Asian Non-Hispanic,10-14,NA,24,1066,91432
Asian Non-Hispanic,10-14,NA,25,1111,110339
Asian Non-Hispanic,10-14,NA,26,637,82223
Asian Non-Hispanic,10-14,NA,27,486,100444
Asian Non-Hispanic,10-14,NA,28,64,5697
Asian Non-Hispanic,10-14,NA,29,279,31081
Asian Non-Hispanic,10-14,NA,30,21,2135
Asian Non-Hispanic,10-14,NA,31,115,13545
Asian Non-Hispanic,10-14,NA,32,439,50884
Asian Non-Hispanic,10-14,NA,33,54,8065
Asian Non-Hispanic,10-14,NA,34,2580,236649
Asian Non-Hispanic,10-14,NA,35,60,6597
Asian Non-Hispanic,10-14,NA,36,4032,387912
Asian Non-Hispanic,10-14,NA,37,892,88958
Asian Non-Hispanic,10-14,NA,38,14,1836
Asian Non-Hispanic,10-14,NA,39,654,71873
Asian Non-Hispanic,10-14,NA,40,193,21223
Asian Non-Hispanic,10-14,NA,41,338,34493
Asian Non-Hispanic,10-14,NA,42,925,119933
Asian Non-Hispanic,10-14,NA,44,67,7975
Asian Non-Hispanic,10-14,NA,45,221,22567
Asian Non-Hispanic,10-14,NA,46,20,3559
Asian Non-Hispanic,10-14,NA,47,328,31232
Asian Non-Hispanic,10-14,NA,48,4302,436577
Asian Non-Hispanic,10-14,NA,49,160,19394
Asian Non-Hispanic,10-14,NA,50,24,3270
Asian Non-Hispanic,10-14,NA,51,1534,134065
Asian Non-Hispanic,10-14,NA,53,1574,147107
Asian Non-Hispanic,10-14,NA,54,33,2579
Asian Non-Hispanic,10-14,NA,55,307,53601
Asian Non-Hispanic,10-14,NA,56,10,597
Asian Non-Hispanic,15-19,NA,1,213,19432
Asian Non-Hispanic,15-19,NA,2,88,12539
Asian Non-Hispanic,15-19,NA,4,705,61458
Asian Non-Hispanic,15-19,NA,5,137,13667
Asian Non-Hispanic,15-19,NA,6,15378,1271802
Asian Non-Hispanic,15-19,NA,8,529,44919
Asian Non-Hispanic,15-19,NA,9,543,45465
Asian Non-Hispanic,15-19,NA,10,98,9033
Asian Non-Hispanic,15-19,NA,11,104,6341
Asian Non-Hispanic,15-19,NA,12,1672,146158
Asian Non-Hispanic,15-19,NA,13,1597,132275
Asian Non-Hispanic,15-19,NA,15,937,82289
Asian Non-Hispanic,15-19,NA,16,73,7712
Asian Non-Hispanic,15-19,NA,17,1707,172919
Asian Non-Hispanic,15-19,NA,18,618,61476
Asian Non-Hispanic,15-19,NA,19,194,25861
Asian Non-Hispanic,15-19,NA,20,214,22034
Asian Non-Hispanic,15-19,NA,21,196,16193
Asian Non-Hispanic,15-19,NA,22,204,18610
Asian Non-Hispanic,15-19,NA,23,71,4347
Asian Non-Hispanic,15-19,NA,24,1262,102952
Asian Non-Hispanic,15-19,NA,25,2030,148955
Asian Non-Hispanic,15-19,NA,26,889,102606
Asian Non-Hispanic,15-19,NA,27,650,87167
Asian Non-Hispanic,15-19,NA,28,75,6933
Asian Non-Hispanic,15-19,NA,29,373,34947
Asian Non-Hispanic,15-19,NA,30,30,2810
Asian Non-Hispanic,15-19,NA,31,116,12972
Asian Non-Hispanic,15-19,NA,32,525,48976
Asian Non-Hispanic,15-19,NA,33,92,9276
Asian Non-Hispanic,15-19,NA,34,2422,213307
Asian Non-Hispanic,15-19,NA,35,85,8029
Asian Non-Hispanic,15-19,NA,36,5704,405495
Asian Non-Hispanic,15-19,NA,37,1203,91851
Asian Non-Hispanic,15-19,NA,38,28,3031
Asian Non-Hispanic,15-19,NA,39,878,83236
Asian Non-Hispanic,15-19,NA,40,195,22095
Asian Non-Hispanic,15-19,NA,41,468,40160
Asian Non-Hispanic,15-19,NA,42,1321,135112
Asian Non-Hispanic,15-19,NA,44,142,9448
Asian Non-Hispanic,15-19,NA,45,242,21229
Asian Non-Hispanic,15-19,NA,46,27,4466
Asian Non-Hispanic,15-19,NA,47,416,36076
Asian Non-Hispanic,15-19,NA,48,4569,402889
Asian Non-Hispanic,15-19,NA,49,192,18922
Asian Non-Hispanic,15-19,NA,50,55,4657
Asian Non-Hispanic,15-19,NA,51,1800,157067
Asian Non-Hispanic,15-19,NA,53,1884,156265
Asian Non-Hispanic,15-19,NA,54,33,3114
Asian Non-Hispanic,15-19,NA,55,434,49156
Asian Non-Hispanic,15-19,NA,56,6,316
Asian Non-Hispanic,20-24,NA,1,203,18813
Asian Non-Hispanic,20-24,NA,2,65,12069
Asian Non-Hispanic,20-24,NA,4,672,73675
Asian Non-Hispanic,20-24,NA,5,146,15217
Asian Non-Hispanic,20-24,NA,6,15161,1327179
Asian Non-Hispanic,20-24,NA,8,541,49982
Asian Non-Hispanic,20-24,NA,9,522,48406
Asian Non-Hispanic,20-24,NA,10,100,10328
Asian Non-Hispanic,20-24,NA,11,227,12552
Asian Non-Hispanic,20-24,NA,12,1417,143487
Asian Non-Hispanic,20-24,NA,13,1382,123207
Asian Non-Hispanic,20-24,NA,15,930,92931
Asian Non-Hispanic,20-24,NA,16,70,6860
Asian Non-Hispanic,20-24,NA,17,1902,210811
Asian Non-Hispanic,20-24,NA,18,600,67783
Asian Non-Hispanic,20-24,NA,19,176,26210
Asian Non-Hispanic,20-24,NA,20,185,26093
Asian Non-Hispanic,20-24,NA,21,180,18996
Asian Non-Hispanic,20-24,NA,22,256,24186
Asian Non-Hispanic,20-24,NA,23,83,5863
Asian Non-Hispanic,20-24,NA,24,1057,89431
Asian Non-Hispanic,20-24,NA,25,2369,167614
Asian Non-Hispanic,20-24,NA,26,780,117682
Asian Non-Hispanic,20-24,NA,27,547,81690
Asian Non-Hispanic,20-24,NA,28,91,7687
Asian Non-Hispanic,20-24,NA,29,402,40631
Asian Non-Hispanic,20-24,NA,30,21,2167
Asian Non-Hispanic,20-24,NA,31,138,17021
Asian Non-Hispanic,20-24,NA,32,589,56935
Asian Non-Hispanic,20-24,NA,33,91,10045
Asian Non-Hispanic,20-24,NA,34,2182,200292
Asian Non-Hispanic,20-24,NA,35,75,6331
Asian Non-Hispanic,20-24,NA,36,6055,457962
Asian Non-Hispanic,20-24,NA,37,1081,99874
Asian Non-Hispanic,20-24,NA,38,44,4703
Asian Non-Hispanic,20-24,NA,39,922,94461
Asian Non-Hispanic,20-24,NA,40,227,30855
Asian Non-Hispanic,20-24,NA,41,469,55525
Asian Non-Hispanic,20-24,NA,42,1326,136583
Asian Non-Hispanic,20-24,NA,44,161,13039
Asian Non-Hispanic,20-24,NA,45,229,26740
Asian Non-Hispanic,20-24,NA,46,25,5758
Asian Non-Hispanic,20-24,NA,47,374,35310
Asian Non-Hispanic,20-24,NA,48,3977,373992
Asian Non-Hispanic,20-24,NA,49,269,33120
Asian Non-Hispanic,20-24,NA,50,57,4549
Asian Non-Hispanic,20-24,NA,51,1631,153967
Asian Non-Hispanic,20-24,NA,53,1792,190036
Asian Non-Hispanic,20-24,NA,54,40,3200
Asian Non-Hispanic,20-24,NA,55,425,66869
Asian Non-Hispanic,20-24,NA,56,15,2351
Asian Non-Hispanic,25-29,NA,1,226,24414
Asian Non-Hispanic,25-29,NA,2,78,14084
Asian Non-Hispanic,25-29,NA,4,767,82081
Asian Non-Hispanic,25-29,NA,5,110,13367
Asian Non-Hispanic,25-29,NA,6,17163,1636122
Asian Non-Hispanic,25-29,NA,8,690,63134
Asian Non-Hispanic,25-29,NA,9,511,54297
Asian Non-Hispanic,25-29,NA,10,95,14628
Asian Non-Hispanic,25-29,NA,11,220,15139
Asian Non-Hispanic,25-29,NA,12,1578,163994
Asian Non-Hispanic,25-29,NA,13,1444,137963
Asian Non-Hispanic,25-29,NA,15,983,103682
Asian Non-Hispanic,25-29,NA,16,75,9965
Asian Non-Hispanic,25-29,NA,17,1939,222452
Asian Non-Hispanic,25-29,NA,18,460,60195
Asian Non-Hispanic,25-29,NA,19,149,29383
Asian Non-Hispanic,25-29,NA,20,166,28156
Asian Non-Hispanic,25-29,NA,21,207,24127
Asian Non-Hispanic,25-29,NA,22,255,28972
Asian Non-Hispanic,25-29,NA,23,28,4254
Asian Non-Hispanic,25-29,NA,24,1116,102043
Asian Non-Hispanic,25-29,NA,25,1913,171750
Asian Non-Hispanic,25-29,NA,26,776,107273
Asian Non-Hispanic,25-29,NA,27,525,104326
Asian Non-Hispanic,25-29,NA,28,91,9026
Asian Non-Hispanic,25-29,NA,29,376,50391
Asian Non-Hispanic,25-29,NA,30,23,2987
Asian Non-Hispanic,25-29,NA,31,114,18191
Asian Non-Hispanic,25-29,NA,32,677,74148
Asian Non-Hispanic,25-29,NA,33,85,11614
Asian Non-Hispanic,25-29,NA,34,2633,246662
Asian Non-Hispanic,25-29,NA,35,90,10764
Asian Non-Hispanic,25-29,NA,36,5873,544229
Asian Non-Hispanic,25-29,NA,37,915,97313
Asian Non-Hispanic,25-29,NA,38,39,5502
Asian Non-Hispanic,25-29,NA,39,744,95337
Asian Non-Hispanic,25-29,NA,40,219,32788
Asian Non-Hispanic,25-29,NA,41,542,61820
Asian Non-Hispanic,25-29,NA,42,1111,148244
Asian Non-Hispanic,25-29,NA,44,99,12370
Asian Non-Hispanic,25-29,NA,45,201,23922
Asian Non-Hispanic,25-29,NA,46,24,7135
Asian Non-Hispanic,25-29,NA,47,370,39210
Asian Non-Hispanic,25-29,NA,48,4483,482386
Asian Non-Hispanic,25-29,NA,49,281,33123
Asian Non-Hispanic,25-29,NA,50,31,4344
Asian Non-Hispanic,25-29,NA,51,1616,164710
Asian Non-Hispanic,25-29,NA,53,2402,293828
Asian Non-Hispanic,25-29,NA,54,47,4579
Asian Non-Hispanic,25-29,NA,55,347,63331
Asian Non-Hispanic,25-29,NA,56,14,1801
Asian Non-Hispanic,30-34,NA,1,252,25643
Asian Non-Hispanic,30-34,NA,2,94,14202
Asian Non-Hispanic,30-34,NA,4,796,89518
Asian Non-Hispanic,30-34,NA,5,152,21892
Asian Non-Hispanic,30-34,NA,6,20114,1988678
Asian Non-Hispanic,30-34,NA,8,740,73063
Asian Non-Hispanic,30-34,NA,9,576,61175
Asian Non-Hispanic,30-34,NA,10,135,15507
Asian Non-Hispanic,30-34,NA,11,216,17447
Asian Non-Hispanic,30-34,NA,12,1750,193458
Asian Non-Hispanic,30-34,NA,13,1521,160433
Asian Non-Hispanic,30-34,NA,15,1069,114194
Asian Non-Hispanic,30-34,NA,16,77,8840
Asian Non-Hispanic,30-34,NA,17,2025,251372
Asian Non-Hispanic,30-34,NA,18,471,60638
Asian Non-Hispanic,30-34,NA,19,204,32658
Asian Non-Hispanic,30-34,NA,20,212,38423
Asian Non-Hispanic,30-34,NA,21,231,26347
Asian Non-Hispanic,30-34,NA,22,266,29506
Asian Non-Hispanic,30-34,NA,23,26,4244
Asian Non-Hispanic,30-34,NA,24,1238,119666
Asian Non-Hispanic,30-34,NA,25,1950,192578
Asian Non-Hispanic,30-34,NA,26,890,120692
Asian Non-Hispanic,30-34,NA,27,624,128306
Asian Non-Hispanic,30-34,NA,28,109,10513
Asian Non-Hispanic,30-34,NA,29,414,48572
Asian Non-Hispanic,30-34,NA,30,17,1897
Asian Non-Hispanic,30-34,NA,31,111,16341
Asian Non-Hispanic,30-34,NA,32,793,87641
Asian Non-Hispanic,30-34,NA,33,97,14856
Asian Non-Hispanic,30-34,NA,34,3095,299854
Asian Non-Hispanic,30-34,NA,35,122,15025
Asian Non-Hispanic,30-34,NA,36,6282,600930
Asian Non-Hispanic,30-34,NA,37,1105,126326
Asian Non-Hispanic,30-34,NA,38,45,7767
Asian Non-Hispanic,30-34,NA,39,794,112377
Asian Non-Hispanic,30-34,NA,40,281,36345
Asian Non-Hispanic,30-34,NA,41,620,69056
Asian Non-Hispanic,30-34,NA,42,1237,180751
Asian Non-Hispanic,30-34,NA,44,128,16113
Asian Non-Hispanic,30-34,NA,45,268,30021
Asian Non-Hispanic,30-34,NA,46,26,4819
Asian Non-Hispanic,30-34,NA,47,431,47040
Asian Non-Hispanic,30-34,NA,48,5393,604388
Asian Non-Hispanic,30-34,NA,49,284,34240
Asian Non-Hispanic,30-34,NA,50,31,3880
Asian Non-Hispanic,30-34,NA,51,1798,185741
Asian Non-Hispanic,30-34,NA,53,2918,349098
Asian Non-Hispanic,30-34,NA,54,49,4612
Asian Non-Hispanic,30-34,NA,55,402,80073
Asian Non-Hispanic,30-34,NA,56,12,1020
Asian Non-Hispanic,35-39,NA,1,244,28795
Asian Non-Hispanic,35-39,NA,2,87,14334
Asian Non-Hispanic,35-39,NA,4,848,94515
Asian Non-Hispanic,35-39,NA,5,159,20148
Asian Non-Hispanic,35-39,NA,6,19958,1920491
Asian Non-Hispanic,35-39,NA,8,742,81904
Asian Non-Hispanic,35-39,NA,9,633,61849
Asian Non-Hispanic,35-39,NA,10,127,17584
Asian Non-Hispanic,35-39,NA,11,150,13063
Asian Non-Hispanic,35-39,NA,12,2001,219015
Asian Non-Hispanic,35-39,NA,13,1776,190008
Asian Non-Hispanic,35-39,NA,15,1119,119937
Asian Non-Hispanic,35-39,NA,16,105,12902
Asian Non-Hispanic,35-39,NA,17,2212,270433
Asian Non-Hispanic,35-39,NA,18,490,65211
Asian Non-Hispanic,35-39,NA,19,157,31626
Asian Non-Hispanic,35-39,NA,20,234,32231
Asian Non-Hispanic,35-39,NA,21,264,30999
Asian Non-Hispanic,35-39,NA,22,264,28821
Asian Non-Hispanic,35-39,NA,23,36,6197
Asian Non-Hispanic,35-39,NA,24,1398,134399
Asian Non-Hispanic,35-39,NA,25,1835,188802
Asian Non-Hispanic,35-39,NA,26,820,114803
Asian Non-Hispanic,35-39,NA,27,570,115873
Asian Non-Hispanic,35-39,NA,28,95,9205
Asian Non-Hispanic,35-39,NA,29,367,47532
Asian Non-Hispanic,35-39,NA,30,21,2978
Asian Non-Hispanic,35-39,NA,31,123,18830
Asian Non-Hispanic,35-39,NA,32,826,90672
Asian Non-Hispanic,35-39,NA,33,94,15770
Asian Non-Hispanic,35-39,NA,34,3520,339287
Asian Non-Hispanic,35-39,NA,35,113,13432
Asian Non-Hispanic,35-39,NA,36,5992,579200
Asian Non-Hispanic,35-39,NA,37,1279,148546
Asian Non-Hispanic,35-39,NA,38,40,6942
Asian Non-Hispanic,35-39,NA,39,886,118034
Asian Non-Hispanic,35-39,NA,40,257,35898
Asian Non-Hispanic,35-39,NA,41,695,73552
Asian Non-Hispanic,35-39,NA,42,1307,193543
Asian Non-Hispanic,35-39,NA,44,109,14036
Asian Non-Hispanic,35-39,NA,45,336,41291
Asian Non-Hispanic,35-39,NA,46,24,4004
Asian Non-Hispanic,35-39,NA,47,449,49540
Asian Non-Hispanic,35-39,NA,48,5706,634149
Asian Non-Hispanic,35-39,NA,49,276,36565
Asian Non-Hispanic,35-39,NA,50,25,3931
Asian Non-Hispanic,35-39,NA,51,2028,209892
Asian Non-Hispanic,35-39,NA,53,2905,305598
Asian Non-Hispanic,35-39,NA,54,46,4294
Asian Non-Hispanic,35-39,NA,55,376,72544
Asian Non-Hispanic,35-39,NA,56,18,2032
Asian Non-Hispanic,40-44,NA,1,246,25494
Asian Non-Hispanic,40-44,NA,2,82,14964
Asian Non-Hispanic,40-44,NA,4,838,90916
Asian Non-Hispanic,40-44,NA,5,139,16924
Asian Non-Hispanic,40-44,NA,6,19737,1878146
Asian Non-Hispanic,40-44,NA,8,558,62888
Asian Non-Hispanic,40-44,NA,9,630,64219
Asian Non-Hispanic,40-44,NA,10,123,15628
Asian Non-Hispanic,40-44,NA,11,157,13549
Asian Non-Hispanic,40-44,NA,12,1995,211969
Asian Non-Hispanic,40-44,NA,13,1754,173604
Asian Non-Hispanic,40-44,NA,15,1228,132351
Asian Non-Hispanic,40-44,NA,16,66,7753
Asian Non-Hispanic,40-44,NA,17,2168,257273
Asian Non-Hispanic,40-44,NA,18,386,55949
Asian Non-Hispanic,40-44,NA,19,126,23697
Asian Non-Hispanic,40-44,NA,20,213,26777
Asian Non-Hispanic,40-44,NA,21,211,21061
Asian Non-Hispanic,40-44,NA,22,242,24342
Asian Non-Hispanic,40-44,NA,23,51,5371
Asian Non-Hispanic,40-44,NA,24,1515,142240
Asian Non-Hispanic,40-44,NA,25,1687,174106
Asian Non-Hispanic,40-44,NA,26,790,113992
Asian Non-Hispanic,40-44,NA,27,478,100742
Asian Non-Hispanic,40-44,NA,28,104,10200
Asian Non-Hispanic,40-44,NA,29,373,43634
Asian Non-Hispanic,40-44,NA,30,23,2446
Asian Non-Hispanic,40-44,NA,31,111,17402
Asian Non-Hispanic,40-44,NA,32,829,88308
Asian Non-Hispanic,40-44,NA,33,93,11526
Asian Non-Hispanic,40-44,NA,34,3558,328855
Asian Non-Hispanic,40-44,NA,35,97,12157
Asian Non-Hispanic,40-44,NA,36,5574,531842
Asian Non-Hispanic,40-44,NA,37,1205,138221
Asian Non-Hispanic,40-44,NA,38,30,3692
Asian Non-Hispanic,40-44,NA,39,801,104515
Asian Non-Hispanic,40-44,NA,40,206,29543
Asian Non-Hispanic,40-44,NA,41,621,65307
Asian Non-Hispanic,40-44,NA,42,1240,171546
Asian Non-Hispanic,40-44,NA,44,109,13759
Asian Non-Hispanic,40-44,NA,45,307,35043
Asian Non-Hispanic,40-44,NA,46,21,5725
Asian Non-Hispanic,40-44,NA,47,428,45652
Asian Non-Hispanic,40-44,NA,48,5717,614082
Asian Non-Hispanic,40-44,NA,49,204,23431
Asian Non-Hispanic,40-44,NA,50,31,3974
Asian Non-Hispanic,40-44,NA,51,2087,211888
Asian Non-Hispanic,40-44,NA,53,2542,257129
Asian Non-Hispanic,40-44,NA,54,51,5006
Asian Non-Hispanic,40-44,NA,55,299,56732
Asian Non-Hispanic,40-44,NA,56,10,933
Asian Non-Hispanic,45-49,NA,1,228,21174
Asian Non-Hispanic,45-49,NA,2,77,10883
Asian Non-Hispanic,45-49,NA,4,867,84267
Asian Non-Hispanic,45-49,NA,5,115,14288
Asian Non-Hispanic,45-49,NA,6,19187,1728771
Asian Non-Hispanic,45-49,NA,8,604,56574
Asian Non-Hispanic,45-49,NA,9,612,52772
Asian Non-Hispanic,45-49,NA,10,110,11825
Asian Non-Hispanic,45-49,NA,11,99,8372
Asian Non-Hispanic,45-49,NA,12,2104,203495
Asian Non-Hispanic,45-49,NA,13,1736,159878
Asian Non-Hispanic,45-49,NA,15,1334,130547
Asian Non-Hispanic,45-49,NA,16,77,8408
Asian Non-Hispanic,45-49,NA,17,2077,222755
Asian Non-Hispanic,45-49,NA,18,405,51965
Asian Non-Hispanic,45-49,NA,19,132,20269
Asian Non-Hispanic,45-49,NA,20,209,24926
Asian Non-Hispanic,45-49,NA,21,205,20666
Asian Non-Hispanic,45-49,NA,22,252,23623
Asian Non-Hispanic,45-49,NA,23,37,5367
Asian Non-Hispanic,45-49,NA,24,1499,129148
Asian Non-Hispanic,45-49,NA,25,1501,148098
Asian Non-Hispanic,45-49,NA,26,774,107902
Asian Non-Hispanic,45-49,NA,27,440,77656
Asian Non-Hispanic,45-49,NA,28,88,8204
Asian Non-Hispanic,45-49,NA,29,341,41168
Asian Non-Hispanic,45-49,NA,30,31,2438
Asian Non-Hispanic,45-49,NA,31,101,12148
Asian Non-Hispanic,45-49,NA,32,868,82168
Asian Non-Hispanic,45-49,NA,33,95,12204
Asian Non-Hispanic,45-49,NA,34,3430,305073
Asian Non-Hispanic,45-49,NA,35,97,9959
Asian Non-Hispanic,45-49,NA,36,5520,496643
Asian Non-Hispanic,45-49,NA,37,1151,115443
Asian Non-Hispanic,45-49,NA,38,20,2166
Asian Non-Hispanic,45-49,NA,39,762,90590
Asian Non-Hispanic,45-49,NA,40,179,23634
Asian Non-Hispanic,45-49,NA,41,583,61137
Asian Non-Hispanic,45-49,NA,42,1114,144582
Asian Non-Hispanic,45-49,NA,44,94,10725
Asian Non-Hispanic,45-49,NA,45,274,27909
Asian Non-Hispanic,45-49,NA,46,30,6399
Asian Non-Hispanic,45-49,NA,47,397,40939
Asian Non-Hispanic,45-49,NA,48,5309,533226
Asian Non-Hispanic,45-49,NA,49,193,24439
Asian Non-Hispanic,45-49,NA,50,30,3847
Asian Non-Hispanic,45-49,NA,51,2092,195324
Asian Non-Hispanic,45-49,NA,53,2310,215652
Asian Non-Hispanic,45-49,NA,54,35,3144
Asian Non-Hispanic,45-49,NA,55,285,46504
Asian Non-Hispanic,45-49,NA,56,12,1176
Asian Non-Hispanic,50-54,NA,1,214,21429
Asian Non-Hispanic,50-54,NA,2,86,11819
Asian Non-Hispanic,50-54,NA,4,850,73090
Asian Non-Hispanic,50-54,NA,5,132,12783
Asian Non-Hispanic,50-54,NA,6,19621,1689384
Asian Non-Hispanic,50-54,NA,8,626,54879
Asian Non-Hispanic,50-54,NA,9,553,48967
Asian Non-Hispanic,50-54,NA,10,118,10892
Asian Non-Hispanic,50-54,NA,11,81,5810
Asian Non-Hispanic,50-54,NA,12,2130,202584
Asian Non-Hispanic,50-54,NA,13,1609,144731
Asian Non-Hispanic,50-54,NA,15,1606,147585
Asian Non-Hispanic,50-54,NA,16,79,7194
Asian Non-Hispanic,50-54,NA,17,2009,202732
Asian Non-Hispanic,50-54,NA,18,357,38762
Asian Non-Hispanic,50-54,NA,19,132,18787
Asian Non-Hispanic,50-54,NA,20,199,22515
Asian Non-Hispanic,50-54,NA,21,221,22610
Asian Non-Hispanic,50-54,NA,22,237,21317
Asian Non-Hispanic,50-54,NA,23,34,5257
Asian Non-Hispanic,50-54,NA,24,1374,119489
Asian Non-Hispanic,50-54,NA,25,1513,136479
Asian Non-Hispanic,50-54,NA,26,742,91930
Asian Non-Hispanic,50-54,NA,27,414,71065
Asian Non-Hispanic,50-54,NA,28,100,9838
Asian Non-Hispanic,50-54,NA,29,328,33045
Asian Non-Hispanic,50-54,NA,30,20,1903
Asian Non-Hispanic,50-54,NA,31,101,13095
Asian Non-Hispanic,50-54,NA,32,902,85205
Asian Non-Hispanic,50-54,NA,33,91,12564
Asian Non-Hispanic,50-54,NA,34,3201,272042
Asian Non-Hispanic,50-54,NA,35,95,8765
Asian Non-Hispanic,50-54,NA,36,5729,488343
Asian Non-Hispanic,50-54,NA,37,1007,96429
Asian Non-Hispanic,50-54,NA,38,17,2803
Asian Non-Hispanic,50-54,NA,39,678,71624
Asian Non-Hispanic,50-54,NA,40,188,24345
Asian Non-Hispanic,50-54,NA,41,563,57657
Asian Non-Hispanic,50-54,NA,42,1062,134249
Asian Non-Hispanic,50-54,NA,44,69,7445
Asian Non-Hispanic,50-54,NA,45,270,26519
Asian Non-Hispanic,50-54,NA,46,11,2489
Asian Non-Hispanic,50-54,NA,47,420,36634
Asian Non-Hispanic,50-54,NA,48,4914,469527
Asian Non-Hispanic,50-54,NA,49,196,20036
Asian Non-Hispanic,50-54,NA,50,27,2956
Asian Non-Hispanic,50-54,NA,51,1993,177954
Asian Non-Hispanic,50-54,NA,53,2094,196126
Asian Non-Hispanic,50-54,NA,54,48,4614
Asian Non-Hispanic,50-54,NA,55,253,35635
Asian Non-Hispanic,50-54,NA,56,12,1406
Asian Non-Hispanic,55-59,NA,1,222,19679
Asian Non-Hispanic,55-59,NA,2,90,14253
Asian Non-Hispanic,55-59,NA,4,677,59521
Asian Non-Hispanic,55-59,NA,5,117,9641
Asian Non-Hispanic,55-59,NA,6,18722,1550276
Asian Non-Hispanic,55-59,NA,8,465,43519
Asian Non-Hispanic,55-59,NA,9,450,38550
Asian Non-Hispanic,55-59,NA,10,97,10462
Asian Non-Hispanic,55-59,NA,11,45,3410
Asian Non-Hispanic,55-59,NA,12,1990,167840
Asian Non-Hispanic,55-59,NA,13,1268,111465
Asian Non-Hispanic,55-59,NA,15,1786,156526
Asian Non-Hispanic,55-59,NA,16,60,5220
Asian Non-Hispanic,55-59,NA,17,1656,170040
Asian Non-Hispanic,55-59,NA,18,309,31033
Asian Non-Hispanic,55-59,NA,19,103,14149
Asian Non-Hispanic,55-59,NA,20,152,18982
Asian Non-Hispanic,55-59,NA,21,151,12253
Asian Non-Hispanic,55-59,NA,22,241,20912
Asian Non-Hispanic,55-59,NA,23,40,4606
Asian Non-Hispanic,55-59,NA,24,1290,107434
Asian Non-Hispanic,55-59,NA,25,1282,115378
Asian Non-Hispanic,55-59,NA,26,633,78134
Asian Non-Hispanic,55-59,NA,27,319,51303
Asian Non-Hispanic,55-59,NA,28,95,7307
Asian Non-Hispanic,55-59,NA,29,290,29655
Asian Non-Hispanic,55-59,NA,30,15,1457
Asian Non-Hispanic,55-59,NA,31,80,10091
Asian Non-Hispanic,55-59,NA,32,917,80697
Asian Non-Hispanic,55-59,NA,33,80,10067
Asian Non-Hispanic,55-59,NA,34,2732,229096
Asian Non-Hispanic,55-59,NA,35,122,11563
Asian Non-Hispanic,55-59,NA,36,5291,458114
Asian Non-Hispanic,55-59,NA,37,741,65770
Asian Non-Hispanic,55-59,NA,38,17,1688
Asian Non-Hispanic,55-59,NA,39,568,61388
Asian Non-Hispanic,55-59,NA,40,197,23068
Asian Non-Hispanic,55-59,NA,41,521,48427
Asian Non-Hispanic,55-59,NA,42,874,107063
Asian Non-Hispanic,55-59,NA,44,100,8374
Asian Non-Hispanic,55-59,NA,45,222,19406
Asian Non-Hispanic,55-59,NA,46,14,2215
Asian Non-Hispanic,55-59,NA,47,309,27781
Asian Non-Hispanic,55-59,NA,48,4096,364268
Asian Non-Hispanic,55-59,NA,49,181,18061
Asian Non-Hispanic,55-59,NA,50,20,2412
Asian Non-Hispanic,55-59,NA,51,1601,144177
Asian Non-Hispanic,55-59,NA,53,1769,160305
Asian Non-Hispanic,55-59,NA,54,35,3040
Asian Non-Hispanic,55-59,NA,55,216,32169
Asian Non-Hispanic,55-59,NA,56,12,931
Asian Non-Hispanic,60-64,NA,1,164,15650
Asian Non-Hispanic,60-64,NA,2,90,12386
Asian Non-Hispanic,60-64,NA,4,604,51978
Asian Non-Hispanic,60-64,NA,5,99,8614
Asian Non-Hispanic,60-64,NA,6,18239,1465695
Asian Non-Hispanic,60-64,NA,8,414,35365
Asian Non-Hispanic,60-64,NA,9,385,34293
Asian Non-Hispanic,60-64,NA,10,91,9265
Asian Non-Hispanic,60-64,NA,11,38,3388
Asian Non-Hispanic,60-64,NA,12,1802,153503
Asian Non-Hispanic,60-64,NA,13,1106,97779
Asian Non-Hispanic,60-64,NA,15,1938,162343
Asian Non-Hispanic,60-64,NA,16,64,6629
Asian Non-Hispanic,60-64,NA,17,1419,142266
Asian Non-Hispanic,60-64,NA,18,231,21982
Asian Non-Hispanic,60-64,NA,19,83,12090
Asian Non-Hispanic,60-64,NA,20,101,11570
Asian Non-Hispanic,60-64,NA,21,115,10495
Asian Non-Hispanic,60-64,NA,22,218,18634
Asian Non-Hispanic,60-64,NA,23,31,3960
Asian Non-Hispanic,60-64,NA,24,1109,93698
Asian Non-Hispanic,60-64,NA,25,983,93606
Asian Non-Hispanic,60-64,NA,26,499,60282
Asian Non-Hispanic,60-64,NA,27,256,38379
Asian Non-Hispanic,60-64,NA,28,65,4766
Asian Non-Hispanic,60-64,NA,29,222,21180
Asian Non-Hispanic,60-64,NA,30,28,2639
Asian Non-Hispanic,60-64,NA,31,62,6387
Asian Non-Hispanic,60-64,NA,32,950,78215
Asian Non-Hispanic,60-64,NA,33,72,7245
Asian Non-Hispanic,60-64,NA,34,2439,206348
Asian Non-Hispanic,60-64,NA,35,75,5968
Asian Non-Hispanic,60-64,NA,36,5019,432252
Asian Non-Hispanic,60-64,NA,37,681,62453
Asian Non-Hispanic,60-64,NA,38,8,464
Asian Non-Hispanic,60-64,NA,39,464,48890
Asian Non-Hispanic,60-64,NA,40,147,16247
Asian Non-Hispanic,60-64,NA,41,424,41256
Asian Non-Hispanic,60-64,NA,42,783,96469
Asian Non-Hispanic,60-64,NA,44,81,6402
Asian Non-Hispanic,60-64,NA,45,245,21555
Asian Non-Hispanic,60-64,NA,46,13,1770
Asian Non-Hispanic,60-64,NA,47,266,26017
Asian Non-Hispanic,60-64,NA,48,3500,301325
Asian Non-Hispanic,60-64,NA,49,181,17155
Asian Non-Hispanic,60-64,NA,50,14,915
Asian Non-Hispanic,60-64,NA,51,1455,128594
Asian Non-Hispanic,60-64,NA,53,1699,152903
Asian Non-Hispanic,60-64,NA,54,28,2466
Asian Non-Hispanic,60-64,NA,55,136,17674
Asian Non-Hispanic,60-64,NA,56,11,1032
Asian Non-Hispanic,65-69,NA,1,117,9568
Asian Non-Hispanic,65-69,NA,2,52,9734
Asian Non-Hispanic,65-69,NA,4,508,46237
Asian Non-Hispanic,65-69,NA,5,71,6073
Asian Non-Hispanic,65-69,NA,6,16772,1356206
Asian Non-Hispanic,65-69,NA,8,346,32545
Asian Non-Hispanic,65-69,NA,9,299,28189
Asian Non-Hispanic,65-69,NA,10,79,7884
Asian Non-Hispanic,65-69,NA,11,37,3124
Asian Non-Hispanic,65-69,NA,12,1577,143475
Asian Non-Hispanic,65-69,NA,13,920,81876
Asian Non-Hispanic,65-69,NA,15,1985,166429
Asian Non-Hispanic,65-69,NA,16,52,4625
Asian Non-Hispanic,65-69,NA,17,1409,148962
Asian Non-Hispanic,65-69,NA,18,193,19212
Asian Non-Hispanic,65-69,NA,19,63,10095
Asian Non-Hispanic,65-69,NA,20,112,10864
Asian Non-Hispanic,65-69,NA,21,96,7712
Asian Non-Hispanic,65-69,NA,22,184,15441
Asian Non-Hispanic,65-69,NA,23,33,4091
Asian Non-Hispanic,65-69,NA,24,956,87062
Asian Non-Hispanic,65-69,NA,25,815,75595
Asian Non-Hispanic,65-69,NA,26,398,46390
Asian Non-Hispanic,65-69,NA,27,203,31356
Asian Non-Hispanic,65-69,NA,28,77,7032
Asian Non-Hispanic,65-69,NA,29,201,18806
Asian Non-Hispanic,65-69,NA,30,22,2028
Asian Non-Hispanic,65-69,NA,31,58,5412
Asian Non-Hispanic,65-69,NA,32,886,78173
Asian Non-Hispanic,65-69,NA,33,45,6481
Asian Non-Hispanic,65-69,NA,34,2004,173364
Asian Non-Hispanic,65-69,NA,35,68,6232
Asian Non-Hispanic,65-69,NA,36,4494,388349
Asian Non-Hispanic,65-69,NA,37,498,44102
Asian Non-Hispanic,65-69,NA,38,6,278
Asian Non-Hispanic,65-69,NA,39,360,40262
Asian Non-Hispanic,65-69,NA,40,100,11376
Asian Non-Hispanic,65-69,NA,41,404,36945
Asian Non-Hispanic,65-69,NA,42,623,77406
Asian Non-Hispanic,65-69,NA,44,59,6541
Asian Non-Hispanic,65-69,NA,45,183,15928
Asian Non-Hispanic,65-69,NA,46,6,689
Asian Non-Hispanic,65-69,NA,47,207,18500
Asian Non-Hispanic,65-69,NA,48,3046,267974
Asian Non-Hispanic,65-69,NA,49,161,14231
Asian Non-Hispanic,65-69,NA,50,13,2322
Asian Non-Hispanic,65-69,NA,51,1217,108383
Asian Non-Hispanic,65-69,NA,53,1496,133495
Asian Non-Hispanic,65-69,NA,54,25,2126
Asian Non-Hispanic,65-69,NA,55,105,13491
Asian Non-Hispanic,65-69,NA,56,11,807
Asian Non-Hispanic,70-74,NA,1,80,6515
Asian Non-Hispanic,70-74,NA,2,32,3857
Asian Non-Hispanic,70-74,NA,4,473,42712
Asian Non-Hispanic,70-74,NA,5,63,4805
Asian Non-Hispanic,70-74,NA,6,13833,1101774
Asian Non-Hispanic,70-74,NA,8,250,22130
Asian Non-Hispanic,70-74,NA,9,205,18730
Asian Non-Hispanic,70-74,NA,10,82,6754
Asian Non-Hispanic,70-74,NA,11,33,2724
Asian Non-Hispanic,70-74,NA,12,1353,123020
Asian Non-Hispanic,70-74,NA,13,704,61504
Asian Non-Hispanic,70-74,NA,15,1773,140115
Asian Non-Hispanic,70-74,NA,16,51,5524
Asian Non-Hispanic,70-74,NA,17,1075,109486
Asian Non-Hispanic,70-74,NA,18,156,16689
Asian Non-Hispanic,70-74,NA,19,56,8022
Asian Non-Hispanic,70-74,NA,20,84,8871
Asian Non-Hispanic,70-74,NA,21,86,7666
Asian Non-Hispanic,70-74,NA,22,138,11522
Asian Non-Hispanic,70-74,NA,23,20,1842
Asian Non-Hispanic,70-74,NA,24,747,64870
Asian Non-Hispanic,70-74,NA,25,664,58752
Asian Non-Hispanic,70-74,NA,26,316,36203
Asian Non-Hispanic,70-74,NA,27,117,20187
Asian Non-Hispanic,70-74,NA,28,51,3398
Asian Non-Hispanic,70-74,NA,29,132,14182
Asian Non-Hispanic,70-74,NA,30,20,1748
Asian Non-Hispanic,70-74,NA,31,42,5059
Asian Non-Hispanic,70-74,NA,32,715,60305
Asian Non-Hispanic,70-74,NA,33,25,3368
Asian Non-Hispanic,70-74,NA,34,1630,139215
Asian Non-Hispanic,70-74,NA,35,51,5250
Asian Non-Hispanic,70-74,NA,36,3342,294609
Asian Non-Hispanic,70-74,NA,37,412,34407
Asian Non-Hispanic,70-74,NA,38,6,517
Asian Non-Hispanic,70-74,NA,39,317,30328
Asian Non-Hispanic,70-74,NA,40,98,12151
Asian Non-Hispanic,70-74,NA,41,284,26751
Asian Non-Hispanic,70-74,NA,42,515,61516
Asian Non-Hispanic,70-74,NA,44,38,3338
Asian Non-Hispanic,70-74,NA,45,151,12962
Asian Non-Hispanic,70-74,NA,46,9,1151
Asian Non-Hispanic,70-74,NA,47,192,18181
Asian Non-Hispanic,70-74,NA,48,2445,207764
Asian Non-Hispanic,70-74,NA,49,106,8648
Asian Non-Hispanic,70-74,NA,50,6,598
Asian Non-Hispanic,70-74,NA,51,945,82928
Asian Non-Hispanic,70-74,NA,53,1184,105350
Asian Non-Hispanic,70-74,NA,54,19,1510
Asian Non-Hispanic,70-74,NA,55,88,11860
Asian Non-Hispanic,70-74,NA,56,9,630
Asian Non-Hispanic,75-79,NA,1,66,5970
Asian Non-Hispanic,75-79,NA,2,28,2657
Asian Non-Hispanic,75-79,NA,4,278,24620
Asian Non-Hispanic,75-79,NA,5,37,3984
Asian Non-Hispanic,75-79,NA,6,9180,771393
Asian Non-Hispanic,75-79,NA,8,188,17287
Asian Non-Hispanic,75-79,NA,9,136,12220
Asian Non-Hispanic,75-79,NA,10,41,3243
Asian Non-Hispanic,75-79,NA,11,17,1593
Asian Non-Hispanic,75-79,NA,12,924,85753
Asian Non-Hispanic,75-79,NA,13,459,40166
Asian Non-Hispanic,75-79,NA,15,1366,116946
Asian Non-Hispanic,75-79,NA,16,20,2010
Asian Non-Hispanic,75-79,NA,17,774,85594
Asian Non-Hispanic,75-79,NA,18,87,9002
Asian Non-Hispanic,75-79,NA,19,26,3071
Asian Non-Hispanic,75-79,NA,20,48,5041
Asian Non-Hispanic,75-79,NA,21,46,4940
Asian Non-Hispanic,75-79,NA,22,93,8236
Asian Non-Hispanic,75-79,NA,23,6,1323
Asian Non-Hispanic,75-79,NA,24,548,48731
Asian Non-Hispanic,75-79,NA,25,411,35972
Asian Non-Hispanic,75-79,NA,26,235,26988
Asian Non-Hispanic,75-79,NA,27,98,13676
Asian Non-Hispanic,75-79,NA,28,32,2353
Asian Non-Hispanic,75-79,NA,29,96,9218
Asian Non-Hispanic,75-79,NA,30,6,318
Asian Non-Hispanic,75-79,NA,31,32,2989
Asian Non-Hispanic,75-79,NA,32,515,45342
Asian Non-Hispanic,75-79,NA,33,16,1632
Asian Non-Hispanic,75-79,NA,34,986,95817
Asian Non-Hispanic,75-79,NA,35,31,2480
Asian Non-Hispanic,75-79,NA,36,2143,201672
Asian Non-Hispanic,75-79,NA,37,296,24988
Asian Non-Hispanic,75-79,NA,38,7,752
Asian Non-Hispanic,75-79,NA,39,197,20338
Asian Non-Hispanic,75-79,NA,40,53,6217
Asian Non-Hispanic,75-79,NA,41,192,16326
Asian Non-Hispanic,75-79,NA,42,349,40327
Asian Non-Hispanic,75-79,NA,44,23,2262
Asian Non-Hispanic,75-79,NA,45,109,8736
Asian Non-Hispanic,75-79,NA,46,6,826
Asian Non-Hispanic,75-79,NA,47,101,9475
Asian Non-Hispanic,75-79,NA,48,1546,143335
Asian Non-Hispanic,75-79,NA,49,71,7587
Asian Non-Hispanic,75-79,NA,50,5,433
Asian Non-Hispanic,75-79,NA,51,653,57730
Asian Non-Hispanic,75-79,NA,53,719,69994
Asian Non-Hispanic,75-79,NA,54,17,1263
Asian Non-Hispanic,75-79,NA,55,54,7456
Asian Non-Hispanic,75-79,NA,56,5,319
Asian Non-Hispanic,80+,NA,1,67,7129
Asian Non-Hispanic,80+,NA,2,35,4203
Asian Non-Hispanic,80+,NA,4,298,26247
Asian Non-Hispanic,80+,NA,5,29,1984
Asian Non-Hispanic,80+,NA,6,12124,1006223
Asian Non-Hispanic,80+,NA,8,191,17986
Asian Non-Hispanic,80+,NA,9,163,13772
Asian Non-Hispanic,80+,NA,10,57,5334
Asian Non-Hispanic,80+,NA,11,25,2870
Asian Non-Hispanic,80+,NA,12,940,86101
Asian Non-Hispanic,80+,NA,13,429,37607
Asian Non-Hispanic,80+,NA,15,2102,178370
Asian Non-Hispanic,80+,NA,16,21,2241
Asian Non-Hispanic,80+,NA,17,880,95168
Asian Non-Hispanic,80+,NA,18,108,8649
Asian Non-Hispanic,80+,NA,19,32,3387
Asian Non-Hispanic,80+,NA,20,76,9020
Asian Non-Hispanic,80+,NA,21,51,3860
Asian Non-Hispanic,80+,NA,22,67,4261
Asian Non-Hispanic,80+,NA,23,11,1291
Asian Non-Hispanic,80+,NA,24,590,52854
Asian Non-Hispanic,80+,NA,25,551,48226
Asian Non-Hispanic,80+,NA,26,222,28590
Asian Non-Hispanic,80+,NA,27,119,16884
Asian Non-Hispanic,80+,NA,28,36,2215
Asian Non-Hispanic,80+,NA,29,98,10369
Asian Non-Hispanic,80+,NA,30,8,599
Asian Non-Hispanic,80+,NA,31,30,4005
Asian Non-Hispanic,80+,NA,32,478,41573
Asian Non-Hispanic,80+,NA,33,22,1969
Asian Non-Hispanic,80+,NA,34,1129,103741
Asian Non-Hispanic,80+,NA,35,43,4736
Asian Non-Hispanic,80+,NA,36,2495,229020
Asian Non-Hispanic,80+,NA,37,256,22843
Asian Non-Hispanic,80+,NA,38,8,1940
Asian Non-Hispanic,80+,NA,39,256,23748
Asian Non-Hispanic,80+,NA,40,46,4837
Asian Non-Hispanic,80+,NA,41,236,20532
Asian Non-Hispanic,80+,NA,42,394,46830
Asian Non-Hispanic,80+,NA,44,29,2953
Asian Non-Hispanic,80+,NA,45,85,7848
Asian Non-Hispanic,80+,NA,46,5,757
Asian Non-Hispanic,80+,NA,47,105,8014
Asian Non-Hispanic,80+,NA,48,1489,132509
Asian Non-Hispanic,80+,NA,49,74,6946
Asian Non-Hispanic,80+,NA,50,8,1016
Asian Non-Hispanic,80+,NA,51,693,63639
Asian Non-Hispanic,80+,NA,53,875,77424
Asian Non-Hispanic,80+,NA,54,17,1304
Asian Non-Hispanic,80+,NA,55,65,8354
Asian Non-Hispanic,80+,NA,56,1,241
Asian Hispanic,0-4,NA,1,8,1054
Asian Hispanic,0-4,NA,4,52,7613
Asian Hispanic,0-4,NA,5,6,1338
Asian Hispanic,0-4,NA,6,750,92927
Asian Hispanic,0-4,NA,8,30,4273
Asian Hispanic,0-4,NA,9,18,3324
Asian Hispanic,0-4,NA,11,5,815
Asian Hispanic,0-4,NA,12,79,11715
Asian Hispanic,0-4,NA,13,25,3054
Asian Hispanic,0-4,NA,15,17,2511
Asian Hispanic,0-4,NA,16,2,250
Asian Hispanic,0-4,NA,17,36,4547
Asian Hispanic,0-4,NA,18,8,688
Asian Hispanic,0-4,NA,19,8,834
Asian Hispanic,0-4,NA,20,7,1171
Asian Hispanic,0-4,NA,21,3,555
Asian Hispanic,0-4,NA,22,8,554
Asian Hispanic,0-4,NA,24,17,1894
Asian Hispanic,0-4,NA,25,22,3676
Asian Hispanic,0-4,NA,26,14,1066
Asian Hispanic,0-4,NA,27,12,1437
Asian Hispanic,0-4,NA,28,2,218
Asian Hispanic,0-4,NA,29,11,594
Asian Hispanic,0-4,NA,30,1,146
Asian Hispanic,0-4,NA,31,5,1412
Asian Hispanic,0-4,NA,32,48,4955
Asian Hispanic,0-4,NA,34,48,7792
Asian Hispanic,0-4,NA,35,7,802
Asian Hispanic,0-4,NA,36,95,13404
Asian Hispanic,0-4,NA,37,16,3564
Asian Hispanic,0-4,NA,39,12,985
Asian Hispanic,0-4,NA,40,9,1180
Asian Hispanic,0-4,NA,41,12,2266
Asian Hispanic,0-4,NA,42,17,2060
Asian Hispanic,0-4,NA,44,4,627
Asian Hispanic,0-4,NA,45,10,764
Asian Hispanic,0-4,NA,47,11,2136
Asian Hispanic,0-4,NA,48,171,25684
Asian Hispanic,0-4,NA,49,1,190
Asian Hispanic,0-4,NA,51,36,3887
Asian Hispanic,0-4,NA,53,48,6842
Asian Hispanic,0-4,NA,54,1,105
Asian Hispanic,0-4,NA,55,11,2148
Asian Hispanic,0-4,NA,56,1,79
Asian Hispanic,5-9,NA,1,2,424
Asian Hispanic,5-9,NA,4,39,5145
Asian Hispanic,5-9,NA,5,4,921
Asian Hispanic,5-9,NA,6,703,76733
Asian Hispanic,5-9,NA,8,18,2189
Asian Hispanic,5-9,NA,9,15,2261
Asian Hispanic,5-9,NA,10,1,58
Asian Hispanic,5-9,NA,12,91,9352
Asian Hispanic,5-9,NA,13,23,2374
Asian Hispanic,5-9,NA,15,28,4413
Asian Hispanic,5-9,NA,16,5,334
Asian Hispanic,5-9,NA,17,51,7959
Asian Hispanic,5-9,NA,18,9,2032
Asian Hispanic,5-9,NA,19,5,495
Asian Hispanic,5-9,NA,20,1,31
Asian Hispanic,5-9,NA,21,1,26
Asian Hispanic,5-9,NA,22,3,143
Asian Hispanic,5-9,NA,24,16,1958
Asian Hispanic,5-9,NA,25,19,2303
Asian Hispanic,5-9,NA,26,13,1304
Asian Hispanic,5-9,NA,27,11,1215
Asian Hispanic,5-9,NA,29,2,96
Asian Hispanic,5-9,NA,30,2,191
Asian Hispanic,5-9,NA,31,5,1057
Asian Hispanic,5-9,NA,32,36,5183
Asian Hispanic,5-9,NA,33,1,282
Asian Hispanic,5-9,NA,34,59,7330
Asian Hispanic,5-9,NA,35,11,1243
Asian Hispanic,5-9,NA,36,86,10963
Asian Hispanic,5-9,NA,37,11,2000
Asian Hispanic,5-9,NA,39,11,863
Asian Hispanic,5-9,NA,40,9,779
Asian Hispanic,5-9,NA,41,15,2145
Asian Hispanic,5-9,NA,42,12,1481
Asian Hispanic,5-9,NA,44,5,833
Asian Hispanic,5-9,NA,45,7,809
Asian Hispanic,5-9,NA,47,22,1854
Asian Hispanic,5-9,NA,48,149,21206
Asian Hispanic,5-9,NA,49,11,1793
Asian Hispanic,5-9,NA,50,2,144
Asian Hispanic,5-9,NA,51,22,3313
Asian Hispanic,5-9,NA,53,44,5527
Asian Hispanic,5-9,NA,55,2,830
Asian Hispanic,10-14,NA,1,4,726
Asian Hispanic,10-14,NA,2,1,370
Asian Hispanic,10-14,NA,4,43,4839
Asian Hispanic,10-14,NA,5,2,116
Asian Hispanic,10-14,NA,6,726,78066
Asian Hispanic,10-14,NA,8,14,1419
Asian Hispanic,10-14,NA,9,15,1888
Asian Hispanic,10-14,NA,11,1,142
Asian Hispanic,10-14,NA,12,69,8500
Asian Hispanic,10-14,NA,13,30,2441
Asian Hispanic,10-14,NA,15,30,3627
Asian Hispanic,10-14,NA,16,5,913
Asian Hispanic,10-14,NA,17,44,7278
Asian Hispanic,10-14,NA,18,4,565
Asian Hispanic,10-14,NA,19,6,1064
Asian Hispanic,10-14,NA,20,7,1075
Asian Hispanic,10-14,NA,21,1,62
Asian Hispanic,10-14,NA,22,4,180
Asian Hispanic,10-14,NA,24,24,2471
Asian Hispanic,10-14,NA,25,31,4125
Asian Hispanic,10-14,NA,26,15,1486
Asian Hispanic,10-14,NA,27,15,2697
Asian Hispanic,10-14,NA,28,2,175
Asian Hispanic,10-14,NA,29,9,856
Asian Hispanic,10-14,NA,30,5,369
Asian Hispanic,10-14,NA,31,5,1718
Asian Hispanic,10-14,NA,32,33,4068
Asian Hispanic,10-14,NA,34,55,7103
Asian Hispanic,10-14,NA,35,14,2206
Asian Hispanic,10-14,NA,36,98,12179
Asian Hispanic,10-14,NA,37,10,1005
Asian Hispanic,10-14,NA,39,8,1090
Asian Hispanic,10-14,NA,40,6,556
Asian Hispanic,10-14,NA,41,18,2571
Asian Hispanic,10-14,NA,42,13,1853
Asian Hispanic,10-14,NA,44,2,187
Asian Hispanic,10-14,NA,45,4,886
Asian Hispanic,10-14,NA,47,6,710
Asian Hispanic,10-14,NA,48,162,20558
Asian Hispanic,10-14,NA,49,10,1483
Asian Hispanic,10-14,NA,50,1,15
Asian Hispanic,10-14,NA,51,25,3617
Asian Hispanic,10-14,NA,53,26,2063
Asian Hispanic,10-14,NA,54,1,108
Asian Hispanic,10-14,NA,55,4,1192
Asian Hispanic,15-19,NA,1,13,1255
Asian Hispanic,15-19,NA,2,6,428
Asian Hispanic,15-19,NA,4,48,5282
Asian Hispanic,15-19,NA,5,3,347
Asian Hispanic,15-19,NA,6,683,68680
Asian Hispanic,15-19,NA,8,26,1817
Asian Hispanic,15-19,NA,9,8,1074
Asian Hispanic,15-19,NA,10,1,120
Asian Hispanic,15-19,NA,11,3,231
Asian Hispanic,15-19,NA,12,82,6952
Asian Hispanic,15-19,NA,13,30,2448
Asian Hispanic,15-19,NA,15,26,2186
Asian Hispanic,15-19,NA,16,4,775
Asian Hispanic,15-19,NA,17,43,5509
Asian Hispanic,15-19,NA,18,5,904
Asian Hispanic,15-19,NA,19,6,922
Asian Hispanic,15-19,NA,20,4,1213
Asian Hispanic,15-19,NA,21,1,103
Asian Hispanic,15-19,NA,22,5,192
Asian Hispanic,15-19,NA,24,14,1163
Asian Hispanic,15-19,NA,25,23,2665
Asian Hispanic,15-19,NA,26,12,1626
Asian Hispanic,15-19,NA,27,7,825
Asian Hispanic,15-19,NA,28,1,86
Asian Hispanic,15-19,NA,29,7,741
Asian Hispanic,15-19,NA,30,1,14
Asian Hispanic,15-19,NA,31,1,119
Asian Hispanic,15-19,NA,32,41,4175
Asian Hispanic,15-19,NA,33,1,208
Asian Hispanic,15-19,NA,34,62,6205
Asian Hispanic,15-19,NA,35,15,2277
Asian Hispanic,15-19,NA,36,87,9547
Asian Hispanic,15-19,NA,37,15,1257
Asian Hispanic,15-19,NA,39,19,1685
Asian Hispanic,15-19,NA,40,10,698
Asian Hispanic,15-19,NA,41,25,3416
Asian Hispanic,15-19,NA,42,14,2025
Asian Hispanic,15-19,NA,44,7,288
Asian Hispanic,15-19,NA,45,18,2116
Asian Hispanic,15-19,NA,46,1,162
Asian Hispanic,15-19,NA,47,10,1002
Asian Hispanic,15-19,NA,48,137,15241
Asian Hispanic,15-19,NA,49,9,625
Asian Hispanic,15-19,NA,51,41,4895
Asian Hispanic,15-19,NA,53,30,2471
Asian Hispanic,15-19,NA,54,2,67
Asian Hispanic,15-19,NA,55,1,167
Asian Hispanic,15-19,NA,56,1,371
Asian Hispanic,20-24,NA,1,2,225
Asian Hispanic,20-24,NA,2,3,448
Asian Hispanic,20-24,NA,4,58,6086
Asian Hispanic,20-24,NA,5,9,806
Asian Hispanic,20-24,NA,6,530,56474
Asian Hispanic,20-24,NA,8,21,1920
Asian Hispanic,20-24,NA,9,6,767
Asian Hispanic,20-24,NA,10,1,81
Asian Hispanic,20-24,NA,11,3,187
Asian Hispanic,20-24,NA,12,73,8019
Asian Hispanic,20-24,NA,13,25,2015
Asian Hispanic,20-24,NA,15,30,2954
Asian Hispanic,20-24,NA,16,4,688
Asian Hispanic,20-24,NA,17,37,3940
Asian Hispanic,20-24,NA,18,10,844
Asian Hispanic,20-24,NA,19,5,226
Asian Hispanic,20-24,NA,20,5,448
Asian Hispanic,20-24,NA,21,3,148
Asian Hispanic,20-24,NA,22,8,735
Asian Hispanic,20-24,NA,24,18,1307
Asian Hispanic,20-24,NA,25,24,2492
Asian Hispanic,20-24,NA,26,7,1708
Asian Hispanic,20-24,NA,27,5,1307
Asian Hispanic,20-24,NA,28,3,151
Asian Hispanic,20-24,NA,29,15,1098
Asian Hispanic,20-24,NA,30,1,79
Asian Hispanic,20-24,NA,31,3,394
Asian Hispanic,20-24,NA,32,31,3086
Asian Hispanic,20-24,NA,34,67,6236
Asian Hispanic,20-24,NA,35,5,430
Asian Hispanic,20-24,NA,36,84,7894
Asian Hispanic,20-24,NA,37,31,2174
Asian Hispanic,20-24,NA,38,2,216
Asian Hispanic,20-24,NA,39,20,1462
Asian Hispanic,20-24,NA,40,9,623
Asian Hispanic,20-24,NA,41,18,1953
Asian Hispanic,20-24,NA,42,16,3082
Asian Hispanic,20-24,NA,44,9,773
Asian Hispanic,20-24,NA,45,5,396
Asian Hispanic,20-24,NA,46,1,139
Asian Hispanic,20-24,NA,47,7,557
Asian Hispanic,20-24,NA,48,134,17755
Asian Hispanic,20-24,NA,49,14,1145
Asian Hispanic,20-24,NA,50,2,134
Asian Hispanic,20-24,NA,51,35,4058
Asian Hispanic,20-24,NA,53,29,2993
Asian Hispanic,20-24,NA,55,2,350
Asian Hispanic,25-29,NA,1,1,84
Asian Hispanic,25-29,NA,2,1,307
Asian Hispanic,25-29,NA,4,46,4739
Asian Hispanic,25-29,NA,5,5,468
Asian Hispanic,25-29,NA,6,483,50569
Asian Hispanic,25-29,NA,8,36,4683
Asian Hispanic,25-29,NA,9,6,1116
Asian Hispanic,25-29,NA,10,2,131
Asian Hispanic,25-29,NA,11,6,521
Asian Hispanic,25-29,NA,12,62,5960
Asian Hispanic,25-29,NA,13,15,1141
Asian Hispanic,25-29,NA,15,14,1489
Asian Hispanic,25-29,NA,16,5,259
Asian Hispanic,25-29,NA,17,39,5707
Asian Hispanic,25-29,NA,18,6,810
Asian Hispanic,25-29,NA,19,3,189
Asian Hispanic,25-29,NA,20,3,346
Asian Hispanic,25-29,NA,21,4,407
Asian Hispanic,25-29,NA,22,7,391
Asian Hispanic,25-29,NA,23,2,208
Asian Hispanic,25-29,NA,24,14,734
Asian Hispanic,25-29,NA,25,8,695
Asian Hispanic,25-29,NA,26,8,771
Asian Hispanic,25-29,NA,27,7,672
Asian Hispanic,25-29,NA,28,1,39
Asian Hispanic,25-29,NA,29,4,479
Asian Hispanic,25-29,NA,30,4,530
Asian Hispanic,25-29,NA,32,37,4280
Asian Hispanic,25-29,NA,33,1,118
Asian Hispanic,25-29,NA,34,44,4882
Asian Hispanic,25-29,NA,35,7,526
Asian Hispanic,25-29,NA,36,76,8582
Asian Hispanic,25-29,NA,37,22,1406
Asian Hispanic,25-29,NA,39,7,642
Asian Hispanic,25-29,NA,40,4,1080
Asian Hispanic,25-29,NA,41,17,2228
Asian Hispanic,25-29,NA,42,10,1661
Asian Hispanic,25-29,NA,44,3,383
Asian Hispanic,25-29,NA,45,3,353
Asian Hispanic,25-29,NA,47,17,1767
Asian Hispanic,25-29,NA,48,118,15414
Asian Hispanic,25-29,NA,49,10,1085
Asian Hispanic,25-29,NA,50,1,81
Asian Hispanic,25-29,NA,51,23,2823
Asian Hispanic,25-29,NA,53,36,3774
Asian Hispanic,25-29,NA,55,9,1237
Asian Hispanic,25-29,NA,56,3,1261
Asian Hispanic,30-34,NA,1,4,277
Asian Hispanic,30-34,NA,2,2,321
Asian Hispanic,30-34,NA,4,33,3001
Asian Hispanic,30-34,NA,5,5,577
Asian Hispanic,30-34,NA,6,495,50880
Asian Hispanic,30-34,NA,8,27,2549
Asian Hispanic,30-34,NA,9,8,1012
Asian Hispanic,30-34,NA,12,66,6857
Asian Hispanic,30-34,NA,13,15,2322
Asian Hispanic,30-34,NA,15,33,4073
Asian Hispanic,30-34,NA,16,4,527
Asian Hispanic,30-34,NA,17,32,3322
Asian Hispanic,30-34,NA,18,6,1072
Asian Hispanic,30-34,NA,20,3,155
Asian Hispanic,30-34,NA,21,4,302
Asian Hispanic,30-34,NA,22,5,201
Asian Hispanic,30-34,NA,23,1,18
Asian Hispanic,30-34,NA,24,13,879
Asian Hispanic,30-34,NA,25,14,1710
Asian Hispanic,30-34,NA,26,11,1881
Asian Hispanic,30-34,NA,27,8,1114
Asian Hispanic,30-34,NA,28,2,133
Asian Hispanic,30-34,NA,29,4,201
Asian Hispanic,30-34,NA,30,3,837
Asian Hispanic,30-34,NA,31,3,444
Asian Hispanic,30-34,NA,32,28,2871
Asian Hispanic,30-34,NA,33,1,55
Asian Hispanic,30-34,NA,34,27,2835
Asian Hispanic,30-34,NA,35,6,715
Asian Hispanic,30-34,NA,36,66,6731
Asian Hispanic,30-34,NA,37,29,3493
Asian Hispanic,30-34,NA,38,1,116
Asian Hispanic,30-34,NA,39,12,1154
Asian Hispanic,30-34,NA,40,5,472
Asian Hispanic,30-34,NA,41,14,1643
Asian Hispanic,30-34,NA,42,15,1981
Asian Hispanic,30-34,NA,44,7,926
Asian Hispanic,30-34,NA,45,5,1011
Asian Hispanic,30-34,NA,47,5,620
Asian Hispanic,30-34,NA,48,94,11314
Asian Hispanic,30-34,NA,49,7,682
Asian Hispanic,30-34,NA,51,22,2216
Asian Hispanic,30-34,NA,53,36,4715
Asian Hispanic,30-34,NA,55,4,281
Asian Hispanic,30-34,NA,56,1,65
Asian Hispanic,35-39,NA,1,4,682
Asian Hispanic,35-39,NA,4,24,2862
Asian Hispanic,35-39,NA,5,3,235
Asian Hispanic,35-39,NA,6,370,39209
Asian Hispanic,35-39,NA,8,24,2741
Asian Hispanic,35-39,NA,9,6,799
Asian Hispanic,35-39,NA,10,1,140
Asian Hispanic,35-39,NA,11,4,519
Asian Hispanic,35-39,NA,12,43,5613
Asian Hispanic,35-39,NA,13,13,1051
Asian Hispanic,35-39,NA,15,23,2298
Asian Hispanic,35-39,NA,17,14,2391
Asian Hispanic,35-39,NA,18,1,192
Asian Hispanic,35-39,NA,19,1,70
Asian Hispanic,35-39,NA,20,3,323
Asian Hispanic,35-39,NA,21,3,321
Asian Hispanic,35-39,NA,22,5,432
Asian Hispanic,35-39,NA,23,1,475
Asian Hispanic,35-39,NA,24,15,1966
Asian Hispanic,35-39,NA,25,10,828
Asian Hispanic,35-39,NA,26,6,516
Asian Hispanic,35-39,NA,27,3,376
Asian Hispanic,35-39,NA,29,6,695
Asian Hispanic,35-39,NA,30,1,100
Asian Hispanic,35-39,NA,31,2,484
Asian Hispanic,35-39,NA,32,24,2857
Asian Hispanic,35-39,NA,34,30,3656
Asian Hispanic,35-39,NA,35,8,1475
Asian Hispanic,35-39,NA,36,48,5692
Asian Hispanic,35-39,NA,37,17,1561
Asian Hispanic,35-39,NA,38,2,472
Asian Hispanic,35-39,NA,39,4,287
Asian Hispanic,35-39,NA,40,1,9
Asian Hispanic,35-39,NA,41,14,1712
Asian Hispanic,35-39,NA,42,10,1567
Asian Hispanic,35-39,NA,44,2,243
Asian Hispanic,35-39,NA,45,6,1344
Asian Hispanic,35-39,NA,47,5,676
Asian Hispanic,35-39,NA,48,85,12296
Asian Hispanic,35-39,NA,49,5,436
Asian Hispanic,35-39,NA,51,15,1373
Asian Hispanic,35-39,NA,53,34,3410
Asian Hispanic,35-39,NA,55,3,468
Asian Hispanic,35-39,NA,56,1,76
Asian Hispanic,40-44,NA,1,5,541
Asian Hispanic,40-44,NA,2,4,573
Asian Hispanic,40-44,NA,4,26,2919
Asian Hispanic,40-44,NA,5,5,560
Asian Hispanic,40-44,NA,6,297,31371
Asian Hispanic,40-44,NA,8,13,1149
Asian Hispanic,40-44,NA,9,5,641
Asian Hispanic,40-44,NA,10,2,134
Asian Hispanic,40-44,NA,11,1,43
Asian Hispanic,40-44,NA,12,48,5403
Asian Hispanic,40-44,NA,13,17,1571
Asian Hispanic,40-44,NA,15,28,3316
Asian Hispanic,40-44,NA,17,25,3340
Asian Hispanic,40-44,NA,18,4,697
Asian Hispanic,40-44,NA,19,5,384
Asian Hispanic,40-44,NA,20,2,380
Asian Hispanic,40-44,NA,21,6,375
Asian Hispanic,40-44,NA,22,3,618
Asian Hispanic,40-44,NA,24,13,1391
Asian Hispanic,40-44,NA,25,13,1696
Asian Hispanic,40-44,NA,26,1,69
Asian Hispanic,40-44,NA,27,4,260
Asian Hispanic,40-44,NA,29,4,569
Asian Hispanic,40-44,NA,30,1,336
Asian Hispanic,40-44,NA,31,2,998
Asian Hispanic,40-44,NA,32,13,1863
Asian Hispanic,40-44,NA,34,31,3497
Asian Hispanic,40-44,NA,35,10,1248
Asian Hispanic,40-44,NA,36,43,5197
Asian Hispanic,40-44,NA,37,18,2282
Asian Hispanic,40-44,NA,38,1,122
Asian Hispanic,40-44,NA,39,9,1161
Asian Hispanic,40-44,NA,40,2,223
Asian Hispanic,40-44,NA,41,8,832
Asian Hispanic,40-44,NA,42,11,1650
Asian Hispanic,40-44,NA,44,2,554
Asian Hispanic,40-44,NA,45,3,704
Asian Hispanic,40-44,NA,46,2,380
Asian Hispanic,40-44,NA,47,8,677
Asian Hispanic,40-44,NA,48,70,7668
Asian Hispanic,40-44,NA,49,10,1659
Asian Hispanic,40-44,NA,51,19,2056
Asian Hispanic,40-44,NA,53,27,2929
Asian Hispanic,40-44,NA,54,1,64
Asian Hispanic,40-44,NA,55,3,601
Asian Hispanic,40-44,NA,56,1,54
Asian Hispanic,45-49,NA,1,4,164
Asian Hispanic,45-49,NA,2,1,231
Asian Hispanic,45-49,NA,4,24,1965
Asian Hispanic,45-49,NA,5,1,96
Asian Hispanic,45-49,NA,6,240,26959
Asian Hispanic,45-49,NA,8,10,1130
Asian Hispanic,45-49,NA,9,7,514
Asian Hispanic,45-49,NA,10,1,41
Asian Hispanic,45-49,NA,11,1,65
Asian Hispanic,45-49,NA,12,57,6280
Asian Hispanic,45-49,NA,13,14,2171
Asian Hispanic,45-49,NA,15,19,1717
Asian Hispanic,45-49,NA,16,1,197
Asian Hispanic,45-49,NA,17,27,3456
Asian Hispanic,45-49,NA,18,4,243
Asian Hispanic,45-49,NA,19,1,149
Asian Hispanic,45-49,NA,20,1,17
Asian Hispanic,45-49,NA,21,2,260
Asian Hispanic,45-49,NA,22,3,184
Asian Hispanic,45-49,NA,23,1,59
Asian Hispanic,45-49,NA,24,8,512
Asian Hispanic,45-49,NA,25,6,607
Asian Hispanic,45-49,NA,26,4,219
Asian Hispanic,45-49,NA,27,3,1032
Asian Hispanic,45-49,NA,29,4,291
Asian Hispanic,45-49,NA,31,1,166
Asian Hispanic,45-49,NA,32,28,2795
Asian Hispanic,45-49,NA,34,30,3213
Asian Hispanic,45-49,NA,35,4,506
Asian Hispanic,45-49,NA,36,43,4407
Asian Hispanic,45-49,NA,37,8,958
Asian Hispanic,45-49,NA,39,7,638
Asian Hispanic,45-49,NA,40,3,439
Asian Hispanic,45-49,NA,41,11,995
Asian Hispanic,45-49,NA,42,6,753
Asian Hispanic,45-49,NA,44,1,103
Asian Hispanic,45-49,NA,45,6,1108
Asian Hispanic,45-49,NA,47,7,830
Asian Hispanic,45-49,NA,48,72,7578
Asian Hispanic,45-49,NA,49,8,1722
Asian Hispanic,45-49,NA,51,15,1453
Asian Hispanic,45-49,NA,53,18,2268
Asian Hispanic,45-49,NA,54,1,355
Asian Hispanic,45-49,NA,55,2,279
Asian Hispanic,45-49,NA,56,1,440
Asian Hispanic,50-54,NA,1,3,167
Asian Hispanic,50-54,NA,2,1,228
Asian Hispanic,50-54,NA,4,33,4499
Asian Hispanic,50-54,NA,5,3,241
Asian Hispanic,50-54,NA,6,232,24583
Asian Hispanic,50-54,NA,8,14,1500
Asian Hispanic,50-54,NA,9,6,573
Asian Hispanic,50-54,NA,12,42,4616
Asian Hispanic,50-54,NA,13,14,1512
Asian Hispanic,50-54,NA,15,31,2955
Asian Hispanic,50-54,NA,16,2,205
Asian Hispanic,50-54,NA,17,30,2353
Asian Hispanic,50-54,NA,18,3,253
Asian Hispanic,50-54,NA,19,1,222
Asian Hispanic,50-54,NA,21,3,304
Asian Hispanic,50-54,NA,22,3,241
Asian Hispanic,50-54,NA,23,1,159
Asian Hispanic,50-54,NA,24,5,345
Asian Hispanic,50-54,NA,25,10,1118
Asian Hispanic,50-54,NA,26,4,274
Asian Hispanic,50-54,NA,27,4,607
Asian Hispanic,50-54,NA,29,4,321
Asian Hispanic,50-54,NA,30,1,239
Asian Hispanic,50-54,NA,31,2,183
Asian Hispanic,50-54,NA,32,20,1903
Asian Hispanic,50-54,NA,34,20,2715
Asian Hispanic,50-54,NA,35,4,539
Asian Hispanic,50-54,NA,36,32,2900
Asian Hispanic,50-54,NA,37,12,1393
Asian Hispanic,50-54,NA,39,7,1346
Asian Hispanic,50-54,NA,40,5,332
Asian Hispanic,50-54,NA,41,11,1007
Asian Hispanic,50-54,NA,42,14,1059
Asian Hispanic,50-54,NA,44,3,372
Asian Hispanic,50-54,NA,45,6,455
Asian Hispanic,50-54,NA,46,1,224
Asian Hispanic,50-54,NA,47,4,258
Asian Hispanic,50-54,NA,48,46,4037
Asian Hispanic,50-54,NA,49,6,710
Asian Hispanic,50-54,NA,50,1,138
Asian Hispanic,50-54,NA,51,13,1589
Asian Hispanic,50-54,NA,53,20,2077
Asian Hispanic,50-54,NA,54,1,242
Asian Hispanic,50-54,NA,55,1,900
Asian Hispanic,55-59,NA,1,4,197
Asian Hispanic,55-59,NA,2,1,65
Asian Hispanic,55-59,NA,4,16,1393
Asian Hispanic,55-59,NA,5,3,198
Asian Hispanic,55-59,NA,6,196,17955
Asian Hispanic,55-59,NA,8,7,653
Asian Hispanic,55-59,NA,9,6,506
Asian Hispanic,55-59,NA,10,1,161
Asian Hispanic,55-59,NA,12,38,3428
Asian Hispanic,55-59,NA,13,9,1092
Asian Hispanic,55-59,NA,15,31,2771
Asian Hispanic,55-59,NA,16,1,58
Asian Hispanic,55-59,NA,17,14,1052
Asian Hispanic,55-59,NA,18,3,213
Asian Hispanic,55-59,NA,19,2,100
Asian Hispanic,55-59,NA,20,1,472
Asian Hispanic,55-59,NA,23,1,22
Asian Hispanic,55-59,NA,24,3,262
Asian Hispanic,55-59,NA,25,7,814
Asian Hispanic,55-59,NA,26,1,193
Asian Hispanic,55-59,NA,27,3,774
Asian Hispanic,55-59,NA,28,2,363
Asian Hispanic,55-59,NA,29,1,104
Asian Hispanic,55-59,NA,32,9,941
Asian Hispanic,55-59,NA,34,18,2102
Asian Hispanic,55-59,NA,35,7,530
Asian Hispanic,55-59,NA,36,34,4339
Asian Hispanic,55-59,NA,37,9,1269
Asian Hispanic,55-59,NA,39,4,359
Asian Hispanic,55-59,NA,40,2,206
Asian Hispanic,55-59,NA,41,5,405
Asian Hispanic,55-59,NA,42,7,1495
Asian Hispanic,55-59,NA,46,1,65
Asian Hispanic,55-59,NA,47,3,256
Asian Hispanic,55-59,NA,48,40,4060
Asian Hispanic,55-59,NA,49,4,731
Asian Hispanic,55-59,NA,51,14,1982
Asian Hispanic,55-59,NA,53,22,2772
Asian Hispanic,55-59,NA,54,1,62
Asian Hispanic,55-59,NA,55,2,389
Asian Hispanic,55-59,NA,56,1,100
Asian Hispanic,60-64,NA,1,2,237
Asian Hispanic,60-64,NA,2,1,115
Asian Hispanic,60-64,NA,4,15,1669
Asian Hispanic,60-64,NA,6,200,18686
Asian Hispanic,60-64,NA,8,12,1358
Asian Hispanic,60-64,NA,9,3,354
Asian Hispanic,60-64,NA,10,1,114
Asian Hispanic,60-64,NA,12,39,3677
Asian Hispanic,60-64,NA,13,8,1106
Asian Hispanic,60-64,NA,15,31,3077
Asian Hispanic,60-64,NA,16,3,186
Asian Hispanic,60-64,NA,17,8,824
Asian Hispanic,60-64,NA,18,3,276
Asian Hispanic,60-64,NA,20,1,53
Asian Hispanic,60-64,NA,21,3,161
Asian Hispanic,60-64,NA,22,4,197
Asian Hispanic,60-64,NA,24,2,193
Asian Hispanic,60-64,NA,25,7,601
Asian Hispanic,60-64,NA,26,3,247
Asian Hispanic,60-64,NA,27,3,84
Asian Hispanic,60-64,NA,29,4,214
Asian Hispanic,60-64,NA,30,1,12
Asian Hispanic,60-64,NA,32,11,1131
Asian Hispanic,60-64,NA,34,13,1599
Asian Hispanic,60-64,NA,35,6,885
Asian Hispanic,60-64,NA,36,43,4168
Asian Hispanic,60-64,NA,37,7,844
Asian Hispanic,60-64,NA,38,1,213
Asian Hispanic,60-64,NA,39,5,665
Asian Hispanic,60-64,NA,40,1,297
Asian Hispanic,60-64,NA,41,1,173
Asian Hispanic,60-64,NA,42,10,1842
Asian Hispanic,60-64,NA,44,2,157
Asian Hispanic,60-64,NA,45,4,650
Asian Hispanic,60-64,NA,47,5,245
Asian Hispanic,60-64,NA,48,36,2601
Asian Hispanic,60-64,NA,49,5,399
Asian Hispanic,60-64,NA,50,1,209
Asian Hispanic,60-64,NA,51,4,627
Asian Hispanic,60-64,NA,53,16,1764
Asian Hispanic,60-64,NA,55,1,232
Asian Hispanic,65-69,NA,1,1,76
Asian Hispanic,65-69,NA,4,15,1465
Asian Hispanic,65-69,NA,6,144,11913
Asian Hispanic,65-69,NA,8,8,789
Asian Hispanic,65-69,NA,9,2,264
Asian Hispanic,65-69,NA,10,1,80
Asian Hispanic,65-69,NA,11,3,280
Asian Hispanic,65-69,NA,12,31,4074
Asian Hispanic,65-69,NA,13,4,669
Asian Hispanic,65-69,NA,15,24,2215
Asian Hispanic,65-69,NA,16,1,44
Asian Hispanic,65-69,NA,17,12,1226
Asian Hispanic,65-69,NA,20,1,255
Asian Hispanic,65-69,NA,21,4,319
Asian Hispanic,65-69,NA,22,3,243
Asian Hispanic,65-69,NA,23,1,16
Asian Hispanic,65-69,NA,24,1,61
Asian Hispanic,65-69,NA,25,6,569
Asian Hispanic,65-69,NA,26,3,78
Asian Hispanic,65-69,NA,27,3,224
Asian Hispanic,65-69,NA,28,1,77
Asian Hispanic,65-69,NA,29,3,138
Asian Hispanic,65-69,NA,32,10,649
Asian Hispanic,65-69,NA,33,2,89
Asian Hispanic,65-69,NA,34,12,1035
Asian Hispanic,65-69,NA,36,26,2308
Asian Hispanic,65-69,NA,37,4,222
Asian Hispanic,65-69,NA,39,5,275
Asian Hispanic,65-69,NA,40,2,96
Asian Hispanic,65-69,NA,41,2,392
Asian Hispanic,65-69,NA,42,2,174
Asian Hispanic,65-69,NA,44,1,120
Asian Hispanic,65-69,NA,45,1,64
Asian Hispanic,65-69,NA,48,23,2588
Asian Hispanic,65-69,NA,49,3,256
Asian Hispanic,65-69,NA,51,4,447
Asian Hispanic,65-69,NA,53,11,1136
Asian Hispanic,65-69,NA,55,1,219
Asian Hispanic,70-74,NA,1,2,137
Asian Hispanic,70-74,NA,2,1,70
Asian Hispanic,70-74,NA,4,15,2060
Asian Hispanic,70-74,NA,6,128,11056
Asian Hispanic,70-74,NA,8,8,1076
Asian Hispanic,70-74,NA,9,2,298
Asian Hispanic,70-74,NA,12,27,1901
Asian Hispanic,70-74,NA,13,1,51
Asian Hispanic,70-74,NA,15,24,1403
Asian Hispanic,70-74,NA,16,2,151
Asian Hispanic,70-74,NA,17,10,1401
Asian Hispanic,70-74,NA,18,1,124
Asian Hispanic,70-74,NA,19,1,45
Asian Hispanic,70-74,NA,20,1,92
Asian Hispanic,70-74,NA,21,1,53
Asian Hispanic,70-74,NA,22,1,86
Asian Hispanic,70-74,NA,24,3,194
Asian Hispanic,70-74,NA,25,2,101
Asian Hispanic,70-74,NA,26,2,73
Asian Hispanic,70-74,NA,27,1,98
Asian Hispanic,70-74,NA,29,2,35
Asian Hispanic,70-74,NA,30,1,70
Asian Hispanic,70-74,NA,32,6,413
Asian Hispanic,70-74,NA,34,14,1925
Asian Hispanic,70-74,NA,35,3,427
Asian Hispanic,70-74,NA,36,25,2453
Asian Hispanic,70-74,NA,37,2,90
Asian Hispanic,70-74,NA,40,1,98
Asian Hispanic,70-74,NA,41,5,592
Asian Hispanic,70-74,NA,42,1,121
Asian Hispanic,70-74,NA,45,3,394
Asian Hispanic,70-74,NA,46,1,22
Asian Hispanic,70-74,NA,47,1,212
Asian Hispanic,70-74,NA,48,24,1739
Asian Hispanic,70-74,NA,49,1,102
Asian Hispanic,70-74,NA,51,3,486
Asian Hispanic,70-74,NA,53,7,617
Asian Hispanic,70-74,NA,56,1,62
Asian Hispanic,75-79,NA,1,2,441
Asian Hispanic,75-79,NA,4,9,582
Asian Hispanic,75-79,NA,6,76,6445
Asian Hispanic,75-79,NA,8,10,968
Asian Hispanic,75-79,NA,12,21,2042
Asian Hispanic,75-79,NA,13,1,306
Asian Hispanic,75-79,NA,15,20,986
Asian Hispanic,75-79,NA,16,2,183
Asian Hispanic,75-79,NA,17,5,406
Asian Hispanic,75-79,NA,20,1,16
Asian Hispanic,75-79,NA,23,1,67
Asian Hispanic,75-79,NA,24,3,110
Asian Hispanic,75-79,NA,25,1,119
Asian Hispanic,75-79,NA,26,2,52
Asian Hispanic,75-79,NA,27,1,104
Asian Hispanic,75-79,NA,32,6,508
Asian Hispanic,75-79,NA,34,7,938
Asian Hispanic,75-79,NA,35,5,271
Asian Hispanic,75-79,NA,36,20,1700
Asian Hispanic,75-79,NA,37,3,178
Asian Hispanic,75-79,NA,39,2,287
Asian Hispanic,75-79,NA,41,3,240
Asian Hispanic,75-79,NA,42,3,236
Asian Hispanic,75-79,NA,45,1,43
Asian Hispanic,75-79,NA,47,2,114
Asian Hispanic,75-79,NA,48,10,819
Asian Hispanic,75-79,NA,51,2,151
Asian Hispanic,75-79,NA,53,7,507
Asian Hispanic,75-79,NA,55,1,35
Asian Hispanic,80+,NA,1,1,42
Asian Hispanic,80+,NA,4,3,683
Asian Hispanic,80+,NA,6,87,8610
Asian Hispanic,80+,NA,8,5,460
Asian Hispanic,80+,NA,9,1,175
Asian Hispanic,80+,NA,11,1,113
Asian Hispanic,80+,NA,12,14,1065
Asian Hispanic,80+,NA,13,6,519
Asian Hispanic,80+,NA,15,24,1302
Asian Hispanic,80+,NA,17,8,683
Asian Hispanic,80+,NA,18,1,18
Asian Hispanic,80+,NA,22,1,25
Asian Hispanic,80+,NA,24,6,498
Asian Hispanic,80+,NA,25,2,293
Asian Hispanic,80+,NA,26,1,77
Asian Hispanic,80+,NA,29,6,95
Asian Hispanic,80+,NA,30,1,75
Asian Hispanic,80+,NA,32,5,342
Asian Hispanic,80+,NA,34,14,1519
Asian Hispanic,80+,NA,35,2,68
Asian Hispanic,80+,NA,36,27,3191
Asian Hispanic,80+,NA,37,1,101
Asian Hispanic,80+,NA,40,1,96
Asian Hispanic,80+,NA,41,4,731
Asian Hispanic,80+,NA,42,6,840
Asian Hispanic,80+,NA,45,3,376
Asian Hispanic,80+,NA,47,5,532
Asian Hispanic,80+,NA,48,17,1189
Asian Hispanic,80+,NA,49,1,129
Asian Hispanic,80+,NA,51,3,234
Asian Hispanic,80+,NA,53,3,379
Asian Hispanic,80+,NA,55,1,348
Asian Hispanic,80+,NA,56,1,59
NHOPI Non-Hispanic,0-4,NA,1,3,693
NHOPI Non-Hispanic,0-4,NA,2,17,5744
NHOPI Non-Hispanic,0-4,NA,4,28,2837
NHOPI Non-Hispanic,0-4,NA,5,32,5994
NHOPI Non-Hispanic,0-4,NA,6,175,23854
NHOPI Non-Hispanic,0-4,NA,8,21,2255
NHOPI Non-Hispanic,0-4,NA,9,1,70
NHOPI Non-Hispanic,0-4,NA,11,1,92
NHOPI Non-Hispanic,0-4,NA,12,27,3690
NHOPI Non-Hispanic,0-4,NA,13,18,3097
NHOPI Non-Hispanic,0-4,NA,15,262,33098
NHOPI Non-Hispanic,0-4,NA,16,5,199
NHOPI Non-Hispanic,0-4,NA,17,11,598
NHOPI Non-Hispanic,0-4,NA,18,9,716
NHOPI Non-Hispanic,0-4,NA,19,28,3421
NHOPI Non-Hispanic,0-4,NA,20,5,969
NHOPI Non-Hispanic,0-4,NA,21,11,1381
NHOPI Non-Hispanic,0-4,NA,22,5,1006
NHOPI Non-Hispanic,0-4,NA,23,3,143
NHOPI Non-Hispanic,0-4,NA,24,7,717
NHOPI Non-Hispanic,0-4,NA,25,6,448
NHOPI Non-Hispanic,0-4,NA,26,8,594
NHOPI Non-Hispanic,0-4,NA,27,2,63
NHOPI Non-Hispanic,0-4,NA,29,39,3212
NHOPI Non-Hispanic,0-4,NA,31,5,510
NHOPI Non-Hispanic,0-4,NA,32,41,4893
NHOPI Non-Hispanic,0-4,NA,33,2,146
NHOPI Non-Hispanic,0-4,NA,34,6,1211
NHOPI Non-Hispanic,0-4,NA,35,2,350
NHOPI Non-Hispanic,0-4,NA,36,14,2446
NHOPI Non-Hispanic,0-4,NA,37,7,1118
NHOPI Non-Hispanic,0-4,NA,39,10,1627
NHOPI Non-Hispanic,0-4,NA,40,27,2139
NHOPI Non-Hispanic,0-4,NA,41,29,3676
NHOPI Non-Hispanic,0-4,NA,42,1,24
NHOPI Non-Hispanic,0-4,NA,44,1,42
NHOPI Non-Hispanic,0-4,NA,45,3,148
NHOPI Non-Hispanic,0-4,NA,46,4,1014
NHOPI Non-Hispanic,0-4,NA,47,6,505
NHOPI Non-Hispanic,0-4,NA,48,50,6861
NHOPI Non-Hispanic,0-4,NA,49,65,8508
NHOPI Non-Hispanic,0-4,NA,51,13,1470
NHOPI Non-Hispanic,0-4,NA,53,140,15619
NHOPI Non-Hispanic,0-4,NA,54,1,130
NHOPI Non-Hispanic,0-4,NA,55,7,1442
NHOPI Non-Hispanic,5-9,NA,1,5,1046
NHOPI Non-Hispanic,5-9,NA,2,18,6981
NHOPI Non-Hispanic,5-9,NA,4,26,2470
NHOPI Non-Hispanic,5-9,NA,5,26,3882
NHOPI Non-Hispanic,5-9,NA,6,233,29630
NHOPI Non-Hispanic,5-9,NA,8,20,2015
NHOPI Non-Hispanic,5-9,NA,12,21,1721
NHOPI Non-Hispanic,5-9,NA,13,24,2548
NHOPI Non-Hispanic,5-9,NA,15,318,37600
NHOPI Non-Hispanic,5-9,NA,16,12,1341
NHOPI Non-Hispanic,5-9,NA,17,5,617
NHOPI Non-Hispanic,5-9,NA,18,5,824
NHOPI Non-Hispanic,5-9,NA,19,12,1374
NHOPI Non-Hispanic,5-9,NA,20,9,1982
NHOPI Non-Hispanic,5-9,NA,21,5,371
NHOPI Non-Hispanic,5-9,NA,22,2,323
NHOPI Non-Hispanic,5-9,NA,23,1,82
NHOPI Non-Hispanic,5-9,NA,24,14,751
NHOPI Non-Hispanic,5-9,NA,25,3,298
NHOPI Non-Hispanic,5-9,NA,26,7,1612
NHOPI Non-Hispanic,5-9,NA,27,6,499
NHOPI Non-Hispanic,5-9,NA,28,2,289
NHOPI Non-Hispanic,5-9,NA,29,35,3052
NHOPI Non-Hispanic,5-9,NA,30,3,938
NHOPI Non-Hispanic,5-9,NA,31,4,229
NHOPI Non-Hispanic,5-9,NA,32,59,6618
NHOPI Non-Hispanic,5-9,NA,33,1,120
NHOPI Non-Hispanic,5-9,NA,34,4,334
NHOPI Non-Hispanic,5-9,NA,35,1,27
NHOPI Non-Hispanic,5-9,NA,36,9,1146
NHOPI Non-Hispanic,5-9,NA,37,11,816
NHOPI Non-Hispanic,5-9,NA,39,20,2129
NHOPI Non-Hispanic,5-9,NA,40,29,2439
NHOPI Non-Hispanic,5-9,NA,41,42,4925
NHOPI Non-Hispanic,5-9,NA,42,4,551
NHOPI Non-Hispanic,5-9,NA,45,6,494
NHOPI Non-Hispanic,5-9,NA,46,2,227
NHOPI Non-Hispanic,5-9,NA,47,5,617
NHOPI Non-Hispanic,5-9,NA,48,51,6542
NHOPI Non-Hispanic,5-9,NA,49,86,11547
NHOPI Non-Hispanic,5-9,NA,51,13,1620
NHOPI Non-Hispanic,5-9,NA,53,150,16924
NHOPI Non-Hispanic,5-9,NA,55,5,323
NHOPI Non-Hispanic,10-14,NA,1,8,865
NHOPI Non-Hispanic,10-14,NA,2,18,3789
NHOPI Non-Hispanic,10-14,NA,4,30,3527
NHOPI Non-Hispanic,10-14,NA,5,36,6078
NHOPI Non-Hispanic,10-14,NA,6,264,34088
NHOPI Non-Hispanic,10-14,NA,8,25,1460
NHOPI Non-Hispanic,10-14,NA,9,1,359
NHOPI Non-Hispanic,10-14,NA,10,1,13
NHOPI Non-Hispanic,10-14,NA,12,29,5151
NHOPI Non-Hispanic,10-14,NA,13,18,1885
NHOPI Non-Hispanic,10-14,NA,15,373,41361
NHOPI Non-Hispanic,10-14,NA,16,13,1407
NHOPI Non-Hispanic,10-14,NA,17,4,455
NHOPI Non-Hispanic,10-14,NA,18,8,1555
NHOPI Non-Hispanic,10-14,NA,19,22,3034
NHOPI Non-Hispanic,10-14,NA,20,9,1457
NHOPI Non-Hispanic,10-14,NA,21,15,1974
NHOPI Non-Hispanic,10-14,NA,22,2,563
NHOPI Non-Hispanic,10-14,NA,23,1,63
NHOPI Non-Hispanic,10-14,NA,24,4,175
NHOPI Non-Hispanic,10-14,NA,25,2,111
NHOPI Non-Hispanic,10-14,NA,26,3,188
NHOPI Non-Hispanic,10-14,NA,27,11,993
NHOPI Non-Hispanic,10-14,NA,28,1,58
NHOPI Non-Hispanic,10-14,NA,29,20,2243
NHOPI Non-Hispanic,10-14,NA,30,3,42
NHOPI Non-Hispanic,10-14,NA,31,3,175
NHOPI Non-Hispanic,10-14,NA,32,47,5573
NHOPI Non-Hispanic,10-14,NA,34,4,196
NHOPI Non-Hispanic,10-14,NA,35,1,62
NHOPI Non-Hispanic,10-14,NA,36,11,1604
NHOPI Non-Hispanic,10-14,NA,37,18,1409
NHOPI Non-Hispanic,10-14,NA,38,1,51
NHOPI Non-Hispanic,10-14,NA,39,11,1235
NHOPI Non-Hispanic,10-14,NA,40,23,1940
NHOPI Non-Hispanic,10-14,NA,41,32,3936
NHOPI Non-Hispanic,10-14,NA,42,6,573
NHOPI Non-Hispanic,10-14,NA,45,5,294
NHOPI Non-Hispanic,10-14,NA,47,9,1157
NHOPI Non-Hispanic,10-14,NA,48,49,5748
NHOPI Non-Hispanic,10-14,NA,49,71,10499
NHOPI Non-Hispanic,10-14,NA,50,1,19
NHOPI Non-Hispanic,10-14,NA,51,13,1334
NHOPI Non-Hispanic,10-14,NA,53,134,13281
NHOPI Non-Hispanic,10-14,NA,55,5,827
NHOPI Non-Hispanic,15-19,NA,1,16,1692
NHOPI Non-Hispanic,15-19,NA,2,15,2450
NHOPI Non-Hispanic,15-19,NA,4,35,3869
NHOPI Non-Hispanic,15-19,NA,5,31,4397
NHOPI Non-Hispanic,15-19,NA,6,322,33689
NHOPI Non-Hispanic,15-19,NA,8,28,2052
NHOPI Non-Hispanic,15-19,NA,9,2,393
NHOPI Non-Hispanic,15-19,NA,10,1,178
NHOPI Non-Hispanic,15-19,NA,12,39,3762
NHOPI Non-Hispanic,15-19,NA,13,20,1466
NHOPI Non-Hispanic,15-19,NA,15,342,36282
NHOPI Non-Hispanic,15-19,NA,16,14,1060
NHOPI Non-Hispanic,15-19,NA,17,7,503
NHOPI Non-Hispanic,15-19,NA,18,10,1051
NHOPI Non-Hispanic,15-19,NA,19,17,1845
NHOPI Non-Hispanic,15-19,NA,20,8,878
NHOPI Non-Hispanic,15-19,NA,21,9,667
NHOPI Non-Hispanic,15-19,NA,22,2,89
NHOPI Non-Hispanic,15-19,NA,24,11,789
NHOPI Non-Hispanic,15-19,NA,25,9,836
NHOPI Non-Hispanic,15-19,NA,26,5,844
NHOPI Non-Hispanic,15-19,NA,27,9,1071
NHOPI Non-Hispanic,15-19,NA,28,3,122
NHOPI Non-Hispanic,15-19,NA,29,27,2864
NHOPI Non-Hispanic,15-19,NA,30,2,33
NHOPI Non-Hispanic,15-19,NA,31,1,47
NHOPI Non-Hispanic,15-19,NA,32,62,7363
NHOPI Non-Hispanic,15-19,NA,34,5,256
NHOPI Non-Hispanic,15-19,NA,35,5,222
NHOPI Non-Hispanic,15-19,NA,36,22,1994
NHOPI Non-Hispanic,15-19,NA,37,19,1232
NHOPI Non-Hispanic,15-19,NA,38,4,568
NHOPI Non-Hispanic,15-19,NA,39,13,2205
NHOPI Non-Hispanic,15-19,NA,40,21,1622
NHOPI Non-Hispanic,15-19,NA,41,56,4921
NHOPI Non-Hispanic,15-19,NA,42,13,975
NHOPI Non-Hispanic,15-19,NA,44,1,351
NHOPI Non-Hispanic,15-19,NA,45,8,1227
NHOPI Non-Hispanic,15-19,NA,47,11,573
NHOPI Non-Hispanic,15-19,NA,48,61,5583
NHOPI Non-Hispanic,15-19,NA,49,85,12217
NHOPI Non-Hispanic,15-19,NA,51,28,3096
NHOPI Non-Hispanic,15-19,NA,53,133,12619
NHOPI Non-Hispanic,15-19,NA,55,2,178
NHOPI Non-Hispanic,20-24,NA,1,3,674
NHOPI Non-Hispanic,20-24,NA,2,15,4193
NHOPI Non-Hispanic,20-24,NA,4,59,4762
NHOPI Non-Hispanic,20-24,NA,5,27,3472
NHOPI Non-Hispanic,20-24,NA,6,296,33479
NHOPI Non-Hispanic,20-24,NA,8,32,3968
NHOPI Non-Hispanic,20-24,NA,9,1,42
NHOPI Non-Hispanic,20-24,NA,10,3,470
NHOPI Non-Hispanic,20-24,NA,12,40,3807
NHOPI Non-Hispanic,20-24,NA,13,19,2338
NHOPI Non-Hispanic,20-24,NA,15,316,36692
NHOPI Non-Hispanic,20-24,NA,16,10,1130
NHOPI Non-Hispanic,20-24,NA,17,13,1063
NHOPI Non-Hispanic,20-24,NA,18,7,528
NHOPI Non-Hispanic,20-24,NA,19,22,3815
NHOPI Non-Hispanic,20-24,NA,20,8,604
NHOPI Non-Hispanic,20-24,NA,21,14,1570
NHOPI Non-Hispanic,20-24,NA,22,2,251
NHOPI Non-Hispanic,20-24,NA,23,1,25
NHOPI Non-Hispanic,20-24,NA,24,12,619
NHOPI Non-Hispanic,20-24,NA,25,9,463
NHOPI Non-Hispanic,20-24,NA,26,11,1168
NHOPI Non-Hispanic,20-24,NA,27,8,985
NHOPI Non-Hispanic,20-24,NA,28,5,390
NHOPI Non-Hispanic,20-24,NA,29,27,2148
NHOPI Non-Hispanic,20-24,NA,30,1,16
NHOPI Non-Hispanic,20-24,NA,31,4,320
NHOPI Non-Hispanic,20-24,NA,32,53,6245
NHOPI Non-Hispanic,20-24,NA,33,3,541
NHOPI Non-Hispanic,20-24,NA,34,4,403
NHOPI Non-Hispanic,20-24,NA,35,4,248
NHOPI Non-Hispanic,20-24,NA,36,34,2725
NHOPI Non-Hispanic,20-24,NA,37,25,2185
NHOPI Non-Hispanic,20-24,NA,38,2,992
NHOPI Non-Hispanic,20-24,NA,39,15,2813
NHOPI Non-Hispanic,20-24,NA,40,29,3531
NHOPI Non-Hispanic,20-24,NA,41,62,5645
NHOPI Non-Hispanic,20-24,NA,42,9,1044
NHOPI Non-Hispanic,20-24,NA,44,1,95
NHOPI Non-Hispanic,20-24,NA,45,12,1191
NHOPI Non-Hispanic,20-24,NA,46,3,497
NHOPI Non-Hispanic,20-24,NA,47,13,1593
NHOPI Non-Hispanic,20-24,NA,48,75,8235
NHOPI Non-Hispanic,20-24,NA,49,82,10282
NHOPI Non-Hispanic,20-24,NA,51,28,2320
NHOPI Non-Hispanic,20-24,NA,53,138,15487
NHOPI Non-Hispanic,20-24,NA,54,1,136
NHOPI Non-Hispanic,20-24,NA,55,4,898
NHOPI Non-Hispanic,20-24,NA,56,1,92
NHOPI Non-Hispanic,25-29,NA,1,13,2182
NHOPI Non-Hispanic,25-29,NA,2,24,4524
NHOPI Non-Hispanic,25-29,NA,4,42,3670
NHOPI Non-Hispanic,25-29,NA,5,25,3692
NHOPI Non-Hispanic,25-29,NA,6,367,40050
NHOPI Non-Hispanic,25-29,NA,8,20,2227
NHOPI Non-Hispanic,25-29,NA,10,3,433
NHOPI Non-Hispanic,25-29,NA,12,29,3045
NHOPI Non-Hispanic,25-29,NA,13,18,2486
NHOPI Non-Hispanic,25-29,NA,15,292,35187
NHOPI Non-Hispanic,25-29,NA,16,9,910
NHOPI Non-Hispanic,25-29,NA,17,5,664
NHOPI Non-Hispanic,25-29,NA,18,18,2748
NHOPI Non-Hispanic,25-29,NA,19,20,3483
NHOPI Non-Hispanic,25-29,NA,20,11,2324
NHOPI Non-Hispanic,25-29,NA,21,11,1794
NHOPI Non-Hispanic,25-29,NA,22,8,336
NHOPI Non-Hispanic,25-29,NA,23,3,142
NHOPI Non-Hispanic,25-29,NA,24,11,1110
NHOPI Non-Hispanic,25-29,NA,25,4,458
NHOPI Non-Hispanic,25-29,NA,26,7,589
NHOPI Non-Hispanic,25-29,NA,27,5,1216
NHOPI Non-Hispanic,25-29,NA,28,6,1021
NHOPI Non-Hispanic,25-29,NA,29,32,3907
NHOPI Non-Hispanic,25-29,NA,30,3,76
NHOPI Non-Hispanic,25-29,NA,31,4,465
NHOPI Non-Hispanic,25-29,NA,32,38,4760
NHOPI Non-Hispanic,25-29,NA,34,2,193
NHOPI Non-Hispanic,25-29,NA,35,7,1133
NHOPI Non-Hispanic,25-29,NA,36,12,2534
NHOPI Non-Hispanic,25-29,NA,37,27,2725
NHOPI Non-Hispanic,25-29,NA,38,3,896
NHOPI Non-Hispanic,25-29,NA,39,14,1834
NHOPI Non-Hispanic,25-29,NA,40,20,1119
NHOPI Non-Hispanic,25-29,NA,41,37,4899
NHOPI Non-Hispanic,25-29,NA,42,5,374
NHOPI Non-Hispanic,25-29,NA,45,5,814
NHOPI Non-Hispanic,25-29,NA,46,2,53
NHOPI Non-Hispanic,25-29,NA,47,13,995
NHOPI Non-Hispanic,25-29,NA,48,95,13158
NHOPI Non-Hispanic,25-29,NA,49,82,10741
NHOPI Non-Hispanic,25-29,NA,51,22,1956
NHOPI Non-Hispanic,25-29,NA,53,187,21049
NHOPI Non-Hispanic,25-29,NA,55,3,296
NHOPI Non-Hispanic,25-29,NA,56,2,161
NHOPI Non-Hispanic,30-34,NA,1,3,360
NHOPI Non-Hispanic,30-34,NA,2,19,5396
NHOPI Non-Hispanic,30-34,NA,4,37,4472
NHOPI Non-Hispanic,30-34,NA,5,19,2500
NHOPI Non-Hispanic,30-34,NA,6,348,42124
NHOPI Non-Hispanic,30-34,NA,8,33,3066
NHOPI Non-Hispanic,30-34,NA,9,3,442
NHOPI Non-Hispanic,30-34,NA,10,1,167
NHOPI Non-Hispanic,30-34,NA,11,2,264
NHOPI Non-Hispanic,30-34,NA,12,38,4259
NHOPI Non-Hispanic,30-34,NA,13,18,2799
NHOPI Non-Hispanic,30-34,NA,15,324,42689
NHOPI Non-Hispanic,30-34,NA,16,11,856
NHOPI Non-Hispanic,30-34,NA,17,9,1400
NHOPI Non-Hispanic,30-34,NA,18,2,186
NHOPI Non-Hispanic,30-34,NA,19,13,1583
NHOPI Non-Hispanic,30-34,NA,20,8,2012
NHOPI Non-Hispanic,30-34,NA,21,15,1897
NHOPI Non-Hispanic,30-34,NA,22,3,656
NHOPI Non-Hispanic,30-34,NA,23,1,37
NHOPI Non-Hispanic,30-34,NA,24,9,931
NHOPI Non-Hispanic,30-34,NA,25,3,432
NHOPI Non-Hispanic,30-34,NA,26,6,1133
NHOPI Non-Hispanic,30-34,NA,27,7,846
NHOPI Non-Hispanic,30-34,NA,28,2,98
NHOPI Non-Hispanic,30-34,NA,29,30,2911
NHOPI Non-Hispanic,30-34,NA,30,2,116
NHOPI Non-Hispanic,30-34,NA,31,1,77
NHOPI Non-Hispanic,30-34,NA,32,62,8373
NHOPI Non-Hispanic,30-34,NA,33,2,1074
NHOPI Non-Hispanic,30-34,NA,34,6,510
NHOPI Non-Hispanic,30-34,NA,35,3,403
NHOPI Non-Hispanic,30-34,NA,36,12,2340
NHOPI Non-Hispanic,30-34,NA,37,23,2286
NHOPI Non-Hispanic,30-34,NA,38,5,1195
NHOPI Non-Hispanic,30-34,NA,39,15,1409
NHOPI Non-Hispanic,30-34,NA,40,26,3024
NHOPI Non-Hispanic,30-34,NA,41,34,5471
NHOPI Non-Hispanic,30-34,NA,42,9,1560
NHOPI Non-Hispanic,30-34,NA,44,2,107
NHOPI Non-Hispanic,30-34,NA,45,5,351
NHOPI Non-Hispanic,30-34,NA,46,1,13
NHOPI Non-Hispanic,30-34,NA,47,13,1558
NHOPI Non-Hispanic,30-34,NA,48,73,10314
NHOPI Non-Hispanic,30-34,NA,49,87,11992
NHOPI Non-Hispanic,30-34,NA,51,11,1590
NHOPI Non-Hispanic,30-34,NA,53,157,21840
NHOPI Non-Hispanic,30-34,NA,55,4,447
NHOPI Non-Hispanic,30-34,NA,56,1,61
NHOPI Non-Hispanic,35-39,NA,1,5,578
NHOPI Non-Hispanic,35-39,NA,2,17,3235
NHOPI Non-Hispanic,35-39,NA,4,48,4004
NHOPI Non-Hispanic,35-39,NA,5,30,4377
NHOPI Non-Hispanic,35-39,NA,6,365,44828
NHOPI Non-Hispanic,35-39,NA,8,15,2629
NHOPI Non-Hispanic,35-39,NA,9,8,1109
NHOPI Non-Hispanic,35-39,NA,10,1,41
NHOPI Non-Hispanic,35-39,NA,11,1,184
NHOPI Non-Hispanic,35-39,NA,12,45,5128
NHOPI Non-Hispanic,35-39,NA,13,22,4437
NHOPI Non-Hispanic,35-39,NA,15,301,32867
NHOPI Non-Hispanic,35-39,NA,16,8,899
NHOPI Non-Hispanic,35-39,NA,17,12,1222
NHOPI Non-Hispanic,35-39,NA,18,10,1469
NHOPI Non-Hispanic,35-39,NA,19,6,1385
NHOPI Non-Hispanic,35-39,NA,20,7,1739
NHOPI Non-Hispanic,35-39,NA,21,10,1121
NHOPI Non-Hispanic,35-39,NA,22,8,1056
NHOPI Non-Hispanic,35-39,NA,23,2,80
NHOPI Non-Hispanic,35-39,NA,24,5,431
NHOPI Non-Hispanic,35-39,NA,25,8,917
NHOPI Non-Hispanic,35-39,NA,26,8,1192
NHOPI Non-Hispanic,35-39,NA,27,7,471
NHOPI Non-Hispanic,35-39,NA,29,24,3297
NHOPI Non-Hispanic,35-39,NA,30,2,103
NHOPI Non-Hispanic,35-39,NA,31,3,60
NHOPI Non-Hispanic,35-39,NA,32,51,6550
NHOPI Non-Hispanic,35-39,NA,33,1,164
NHOPI Non-Hispanic,35-39,NA,34,5,559
NHOPI Non-Hispanic,35-39,NA,35,6,491
NHOPI Non-Hispanic,35-39,NA,36,25,2615
NHOPI Non-Hispanic,35-39,NA,37,20,2013
NHOPI Non-Hispanic,35-39,NA,39,12,2512
NHOPI Non-Hispanic,35-39,NA,40,24,2362
NHOPI Non-Hispanic,35-39,NA,41,33,5427
NHOPI Non-Hispanic,35-39,NA,42,5,781
NHOPI Non-Hispanic,35-39,NA,44,2,110
NHOPI Non-Hispanic,35-39,NA,45,6,186
NHOPI Non-Hispanic,35-39,NA,46,3,426
NHOPI Non-Hispanic,35-39,NA,47,10,1571
NHOPI Non-Hispanic,35-39,NA,48,62,6823
NHOPI Non-Hispanic,35-39,NA,49,65,9555
NHOPI Non-Hispanic,35-39,NA,50,2,96
NHOPI Non-Hispanic,35-39,NA,51,22,2844
NHOPI Non-Hispanic,35-39,NA,53,159,20462
NHOPI Non-Hispanic,35-39,NA,54,2,128
NHOPI Non-Hispanic,35-39,NA,55,6,1075
NHOPI Non-Hispanic,40-44,NA,1,4,281
NHOPI Non-Hispanic,40-44,NA,2,7,1115
NHOPI Non-Hispanic,40-44,NA,4,31,2585
NHOPI Non-Hispanic,40-44,NA,5,25,4453
NHOPI Non-Hispanic,40-44,NA,6,336,41158
NHOPI Non-Hispanic,40-44,NA,8,21,2104
NHOPI Non-Hispanic,40-44,NA,9,2,447
NHOPI Non-Hispanic,40-44,NA,12,39,5655
NHOPI Non-Hispanic,40-44,NA,13,26,3205
NHOPI Non-Hispanic,40-44,NA,15,351,41470
NHOPI Non-Hispanic,40-44,NA,16,7,763
NHOPI Non-Hispanic,40-44,NA,17,10,1373
NHOPI Non-Hispanic,40-44,NA,18,12,1384
NHOPI Non-Hispanic,40-44,NA,19,12,1370
NHOPI Non-Hispanic,40-44,NA,20,4,241
NHOPI Non-Hispanic,40-44,NA,21,4,254
NHOPI Non-Hispanic,40-44,NA,22,3,647
NHOPI Non-Hispanic,40-44,NA,23,1,374
NHOPI Non-Hispanic,40-44,NA,24,8,739
NHOPI Non-Hispanic,40-44,NA,25,5,272
NHOPI Non-Hispanic,40-44,NA,26,8,1414
NHOPI Non-Hispanic,40-44,NA,27,5,1293
NHOPI Non-Hispanic,40-44,NA,28,2,197
NHOPI Non-Hispanic,40-44,NA,29,17,1488
NHOPI Non-Hispanic,40-44,NA,30,4,264
NHOPI Non-Hispanic,40-44,NA,31,2,32
NHOPI Non-Hispanic,40-44,NA,32,72,7877
NHOPI Non-Hispanic,40-44,NA,34,7,899
NHOPI Non-Hispanic,40-44,NA,35,5,407
NHOPI Non-Hispanic,40-44,NA,36,15,1761
NHOPI Non-Hispanic,40-44,NA,37,22,2650
NHOPI Non-Hispanic,40-44,NA,38,2,445
NHOPI Non-Hispanic,40-44,NA,39,10,676
NHOPI Non-Hispanic,40-44,NA,40,14,1298
NHOPI Non-Hispanic,40-44,NA,41,35,5107
NHOPI Non-Hispanic,40-44,NA,42,2,292
NHOPI Non-Hispanic,40-44,NA,45,8,1207
NHOPI Non-Hispanic,40-44,NA,46,1,13
NHOPI Non-Hispanic,40-44,NA,47,8,806
NHOPI Non-Hispanic,40-44,NA,48,52,5022
NHOPI Non-Hispanic,40-44,NA,49,52,7722
NHOPI Non-Hispanic,40-44,NA,50,2,233
NHOPI Non-Hispanic,40-44,NA,51,15,1997
NHOPI Non-Hispanic,40-44,NA,53,132,15790
NHOPI Non-Hispanic,40-44,NA,54,6,336
NHOPI Non-Hispanic,40-44,NA,55,1,305
NHOPI Non-Hispanic,40-44,NA,56,2,150
NHOPI Non-Hispanic,45-49,NA,1,7,483
NHOPI Non-Hispanic,45-49,NA,2,11,2307
NHOPI Non-Hispanic,45-49,NA,4,41,3799
NHOPI Non-Hispanic,45-49,NA,5,25,4771
NHOPI Non-Hispanic,45-49,NA,6,339,36781
NHOPI Non-Hispanic,45-49,NA,8,20,1850
NHOPI Non-Hispanic,45-49,NA,9,2,424
NHOPI Non-Hispanic,45-49,NA,10,1,55
NHOPI Non-Hispanic,45-49,NA,12,27,3578
NHOPI Non-Hispanic,45-49,NA,13,12,1248
NHOPI Non-Hispanic,45-49,NA,15,321,28395
NHOPI Non-Hispanic,45-49,NA,16,1,129
NHOPI Non-Hispanic,45-49,NA,17,11,1039
NHOPI Non-Hispanic,45-49,NA,18,1,50
NHOPI Non-Hispanic,45-49,NA,19,11,1666
NHOPI Non-Hispanic,45-49,NA,20,5,458
NHOPI Non-Hispanic,45-49,NA,21,4,162
NHOPI Non-Hispanic,45-49,NA,22,7,1123
NHOPI Non-Hispanic,45-49,NA,24,10,912
NHOPI Non-Hispanic,45-49,NA,25,4,248
NHOPI Non-Hispanic,45-49,NA,26,7,821
NHOPI Non-Hispanic,45-49,NA,27,1,162
NHOPI Non-Hispanic,45-49,NA,29,8,937
NHOPI Non-Hispanic,45-49,NA,30,1,29
NHOPI Non-Hispanic,45-49,NA,31,2,219
NHOPI Non-Hispanic,45-49,NA,32,45,5946
NHOPI Non-Hispanic,45-49,NA,34,5,920
NHOPI Non-Hispanic,45-49,NA,35,4,844
NHOPI Non-Hispanic,45-49,NA,36,19,2390
NHOPI Non-Hispanic,45-49,NA,37,20,1974
NHOPI Non-Hispanic,45-49,NA,38,5,1603
NHOPI Non-Hispanic,45-49,NA,39,9,983
NHOPI Non-Hispanic,45-49,NA,40,19,1165
NHOPI Non-Hispanic,45-49,NA,41,28,3192
NHOPI Non-Hispanic,45-49,NA,42,10,809
NHOPI Non-Hispanic,45-49,NA,45,5,615
NHOPI Non-Hispanic,45-49,NA,46,1,24
NHOPI Non-Hispanic,45-49,NA,47,8,2777
NHOPI Non-Hispanic,45-49,NA,48,78,8513
NHOPI Non-Hispanic,45-49,NA,49,40,7100
NHOPI Non-Hispanic,45-49,NA,51,17,1235
NHOPI Non-Hispanic,45-49,NA,53,98,12115
NHOPI Non-Hispanic,45-49,NA,54,2,211
NHOPI Non-Hispanic,45-49,NA,55,4,903
NHOPI Non-Hispanic,45-49,NA,56,1,73
NHOPI Non-Hispanic,50-54,NA,1,7,405
NHOPI Non-Hispanic,50-54,NA,2,14,963
NHOPI Non-Hispanic,50-54,NA,4,31,2996
NHOPI Non-Hispanic,50-54,NA,5,7,978
NHOPI Non-Hispanic,50-54,NA,6,319,37245
NHOPI Non-Hispanic,50-54,NA,8,12,1680
NHOPI Non-Hispanic,50-54,NA,9,4,331
NHOPI Non-Hispanic,50-54,NA,10,3,468
NHOPI Non-Hispanic,50-54,NA,11,3,199
NHOPI Non-Hispanic,50-54,NA,12,32,3203
NHOPI Non-Hispanic,50-54,NA,13,4,342
NHOPI Non-Hispanic,50-54,NA,15,311,28795
NHOPI Non-Hispanic,50-54,NA,16,5,479
NHOPI Non-Hispanic,50-54,NA,17,8,731
NHOPI Non-Hispanic,50-54,NA,18,2,122
NHOPI Non-Hispanic,50-54,NA,19,6,333
NHOPI Non-Hispanic,50-54,NA,20,5,951
NHOPI Non-Hispanic,50-54,NA,21,1,48
NHOPI Non-Hispanic,50-54,NA,23,2,476
NHOPI Non-Hispanic,50-54,NA,24,9,741
NHOPI Non-Hispanic,50-54,NA,25,4,514
NHOPI Non-Hispanic,50-54,NA,26,5,324
NHOPI Non-Hispanic,50-54,NA,27,5,1429
NHOPI Non-Hispanic,50-54,NA,28,2,162
NHOPI Non-Hispanic,50-54,NA,29,17,1673
NHOPI Non-Hispanic,50-54,NA,30,5,223
NHOPI Non-Hispanic,50-54,NA,31,2,158
NHOPI Non-Hispanic,50-54,NA,32,44,4753
NHOPI Non-Hispanic,50-54,NA,33,1,30
NHOPI Non-Hispanic,50-54,NA,34,7,741
NHOPI Non-Hispanic,50-54,NA,35,2,220
NHOPI Non-Hispanic,50-54,NA,36,13,1435
NHOPI Non-Hispanic,50-54,NA,37,17,1025
NHOPI Non-Hispanic,50-54,NA,39,13,908
NHOPI Non-Hispanic,50-54,NA,40,6,618
NHOPI Non-Hispanic,50-54,NA,41,50,4805
NHOPI Non-Hispanic,50-54,NA,42,11,1190
NHOPI Non-Hispanic,50-54,NA,44,1,107
NHOPI Non-Hispanic,50-54,NA,45,18,1607
NHOPI Non-Hispanic,50-54,NA,46,2,166
NHOPI Non-Hispanic,50-54,NA,47,8,427
NHOPI Non-Hispanic,50-54,NA,48,48,5922
NHOPI Non-Hispanic,50-54,NA,49,48,6194
NHOPI Non-Hispanic,50-54,NA,51,11,1140
NHOPI Non-Hispanic,50-54,NA,53,89,10952
NHOPI Non-Hispanic,50-54,NA,54,1,79
NHOPI Non-Hispanic,50-54,NA,55,2,629
NHOPI Non-Hispanic,55-59,NA,1,5,301
NHOPI Non-Hispanic,55-59,NA,2,3,738
NHOPI Non-Hispanic,55-59,NA,4,16,2177
NHOPI Non-Hispanic,55-59,NA,5,11,1371
NHOPI Non-Hispanic,55-59,NA,6,370,40480
NHOPI Non-Hispanic,55-59,NA,8,18,2131
NHOPI Non-Hispanic,55-59,NA,9,2,496
NHOPI Non-Hispanic,55-59,NA,11,1,91
NHOPI Non-Hispanic,55-59,NA,12,34,3645
NHOPI Non-Hispanic,55-59,NA,13,18,465
NHOPI Non-Hispanic,55-59,NA,15,367,27046
NHOPI Non-Hispanic,55-59,NA,16,3,267
NHOPI Non-Hispanic,55-59,NA,17,10,484
NHOPI Non-Hispanic,55-59,NA,18,3,349
NHOPI Non-Hispanic,55-59,NA,19,4,578
NHOPI Non-Hispanic,55-59,NA,20,7,1100
NHOPI Non-Hispanic,55-59,NA,21,4,121
NHOPI Non-Hispanic,55-59,NA,22,2,219
NHOPI Non-Hispanic,55-59,NA,23,2,78
NHOPI Non-Hispanic,55-59,NA,24,7,223
NHOPI Non-Hispanic,55-59,NA,25,14,598
NHOPI Non-Hispanic,55-59,NA,26,5,1279
NHOPI Non-Hispanic,55-59,NA,27,3,291
NHOPI Non-Hispanic,55-59,NA,28,2,166
NHOPI Non-Hispanic,55-59,NA,29,13,1143
NHOPI Non-Hispanic,55-59,NA,31,1,160
NHOPI Non-Hispanic,55-59,NA,32,74,7435
NHOPI Non-Hispanic,55-59,NA,34,4,307
NHOPI Non-Hispanic,55-59,NA,35,3,116
NHOPI Non-Hispanic,55-59,NA,36,18,2631
NHOPI Non-Hispanic,55-59,NA,37,13,947
NHOPI Non-Hispanic,55-59,NA,38,2,464
NHOPI Non-Hispanic,55-59,NA,39,11,833
NHOPI Non-Hispanic,55-59,NA,40,8,1175
NHOPI Non-Hispanic,55-59,NA,41,23,1959
NHOPI Non-Hispanic,55-59,NA,42,8,671
NHOPI Non-Hispanic,55-59,NA,44,2,166
NHOPI Non-Hispanic,55-59,NA,45,6,471
NHOPI Non-Hispanic,55-59,NA,46,1,32
NHOPI Non-Hispanic,55-59,NA,47,13,826
NHOPI Non-Hispanic,55-59,NA,48,47,3852
NHOPI Non-Hispanic,55-59,NA,49,38,5523
NHOPI Non-Hispanic,55-59,NA,51,11,1159
NHOPI Non-Hispanic,55-59,NA,53,88,9933
NHOPI Non-Hispanic,55-59,NA,54,1,105
NHOPI Non-Hispanic,55-59,NA,55,3,560
NHOPI Non-Hispanic,55-59,NA,56,1,155
NHOPI Non-Hispanic,60-64,NA,1,7,830
NHOPI Non-Hispanic,60-64,NA,2,5,905
NHOPI Non-Hispanic,60-64,NA,4,25,2059
NHOPI Non-Hispanic,60-64,NA,5,8,852
NHOPI Non-Hispanic,60-64,NA,6,338,35869
NHOPI Non-Hispanic,60-64,NA,8,19,1815
NHOPI Non-Hispanic,60-64,NA,9,1,42
NHOPI Non-Hispanic,60-64,NA,10,1,26
NHOPI Non-Hispanic,60-64,NA,12,40,4247
NHOPI Non-Hispanic,60-64,NA,13,15,987
NHOPI Non-Hispanic,60-64,NA,15,416,36036
NHOPI Non-Hispanic,60-64,NA,16,3,206
NHOPI Non-Hispanic,60-64,NA,17,16,1809
NHOPI Non-Hispanic,60-64,NA,18,9,618
NHOPI Non-Hispanic,60-64,NA,19,6,807
NHOPI Non-Hispanic,60-64,NA,20,2,175
NHOPI Non-Hispanic,60-64,NA,21,5,563
NHOPI Non-Hispanic,60-64,NA,22,6,653
NHOPI Non-Hispanic,60-64,NA,23,1,39
NHOPI Non-Hispanic,60-64,NA,24,4,645
NHOPI Non-Hispanic,60-64,NA,25,1,43
NHOPI Non-Hispanic,60-64,NA,26,9,552
NHOPI Non-Hispanic,60-64,NA,27,5,626
NHOPI Non-Hispanic,60-64,NA,28,1,46
NHOPI Non-Hispanic,60-64,NA,29,13,983
NHOPI Non-Hispanic,60-64,NA,32,43,3904
NHOPI Non-Hispanic,60-64,NA,34,7,763
NHOPI Non-Hispanic,60-64,NA,35,7,766
NHOPI Non-Hispanic,60-64,NA,36,19,1641
NHOPI Non-Hispanic,60-64,NA,37,16,928
NHOPI Non-Hispanic,60-64,NA,39,11,797
NHOPI Non-Hispanic,60-64,NA,40,4,636
NHOPI Non-Hispanic,60-64,NA,41,27,2974
NHOPI Non-Hispanic,60-64,NA,42,4,410
NHOPI Non-Hispanic,60-64,NA,44,2,136
NHOPI Non-Hispanic,60-64,NA,45,9,630
NHOPI Non-Hispanic,60-64,NA,46,1,244
NHOPI Non-Hispanic,60-64,NA,47,11,1499
NHOPI Non-Hispanic,60-64,NA,48,58,5959
NHOPI Non-Hispanic,60-64,NA,49,24,4042
NHOPI Non-Hispanic,60-64,NA,51,15,1562
NHOPI Non-Hispanic,60-64,NA,53,83,9497
NHOPI Non-Hispanic,60-64,NA,54,2,297
NHOPI Non-Hispanic,60-64,NA,55,6,821
NHOPI Non-Hispanic,60-64,NA,56,3,327
NHOPI Non-Hispanic,65-69,NA,1,5,263
NHOPI Non-Hispanic,65-69,NA,2,6,1332
NHOPI Non-Hispanic,65-69,NA,4,27,2356
NHOPI Non-Hispanic,65-69,NA,5,9,757
NHOPI Non-Hispanic,65-69,NA,6,273,28881
NHOPI Non-Hispanic,65-69,NA,8,11,813
NHOPI Non-Hispanic,65-69,NA,12,33,3295
NHOPI Non-Hispanic,65-69,NA,13,9,715
NHOPI Non-Hispanic,65-69,NA,15,338,24856
NHOPI Non-Hispanic,65-69,NA,16,3,87
NHOPI Non-Hispanic,65-69,NA,17,8,312
NHOPI Non-Hispanic,65-69,NA,18,5,298
NHOPI Non-Hispanic,65-69,NA,19,1,812
NHOPI Non-Hispanic,65-69,NA,20,3,815
NHOPI Non-Hispanic,65-69,NA,21,3,133
NHOPI Non-Hispanic,65-69,NA,22,3,263
NHOPI Non-Hispanic,65-69,NA,23,2,48
NHOPI Non-Hispanic,65-69,NA,24,5,513
NHOPI Non-Hispanic,65-69,NA,25,3,160
NHOPI Non-Hispanic,65-69,NA,26,3,76
NHOPI Non-Hispanic,65-69,NA,27,2,384
NHOPI Non-Hispanic,65-69,NA,28,1,30
NHOPI Non-Hispanic,65-69,NA,29,10,895
NHOPI Non-Hispanic,65-69,NA,30,4,722
NHOPI Non-Hispanic,65-69,NA,31,1,578
NHOPI Non-Hispanic,65-69,NA,32,32,3284
NHOPI Non-Hispanic,65-69,NA,33,1,21
NHOPI Non-Hispanic,65-69,NA,34,3,268
NHOPI Non-Hispanic,65-69,NA,35,2,189
NHOPI Non-Hispanic,65-69,NA,36,10,832
NHOPI Non-Hispanic,65-69,NA,37,17,1604
NHOPI Non-Hispanic,65-69,NA,39,11,1267
NHOPI Non-Hispanic,65-69,NA,40,7,368
NHOPI Non-Hispanic,65-69,NA,41,10,765
NHOPI Non-Hispanic,65-69,NA,42,3,548
NHOPI Non-Hispanic,65-69,NA,45,8,558
NHOPI Non-Hispanic,65-69,NA,46,1,19
NHOPI Non-Hispanic,65-69,NA,47,2,81
NHOPI Non-Hispanic,65-69,NA,48,33,2837
NHOPI Non-Hispanic,65-69,NA,49,17,2597
NHOPI Non-Hispanic,65-69,NA,51,9,857
NHOPI Non-Hispanic,65-69,NA,53,64,5610
NHOPI Non-Hispanic,65-69,NA,55,2,74
NHOPI Non-Hispanic,65-69,NA,56,2,175
NHOPI Non-Hispanic,70-74,NA,1,3,604
NHOPI Non-Hispanic,70-74,NA,2,3,297
NHOPI Non-Hispanic,70-74,NA,4,15,1244
NHOPI Non-Hispanic,70-74,NA,5,5,596
NHOPI Non-Hispanic,70-74,NA,6,194,18606
NHOPI Non-Hispanic,70-74,NA,8,6,779
NHOPI Non-Hispanic,70-74,NA,9,2,568
NHOPI Non-Hispanic,70-74,NA,10,1,187
NHOPI Non-Hispanic,70-74,NA,12,18,1309
NHOPI Non-Hispanic,70-74,NA,13,7,743
NHOPI Non-Hispanic,70-74,NA,15,259,21478
NHOPI Non-Hispanic,70-74,NA,16,7,866
NHOPI Non-Hispanic,70-74,NA,17,5,317
NHOPI Non-Hispanic,70-74,NA,18,5,461
NHOPI Non-Hispanic,70-74,NA,19,1,90
NHOPI Non-Hispanic,70-74,NA,20,1,151
NHOPI Non-Hispanic,70-74,NA,21,1,7
NHOPI Non-Hispanic,70-74,NA,22,4,225
NHOPI Non-Hispanic,70-74,NA,24,4,316
NHOPI Non-Hispanic,70-74,NA,25,1,31
NHOPI Non-Hispanic,70-74,NA,26,3,164
NHOPI Non-Hispanic,70-74,NA,27,2,186
NHOPI Non-Hispanic,70-74,NA,28,1,59
NHOPI Non-Hispanic,70-74,NA,29,5,1574
NHOPI Non-Hispanic,70-74,NA,30,1,18
NHOPI Non-Hispanic,70-74,NA,31,1,54
NHOPI Non-Hispanic,70-74,NA,32,27,2614
NHOPI Non-Hispanic,70-74,NA,34,3,203
NHOPI Non-Hispanic,70-74,NA,35,4,244
NHOPI Non-Hispanic,70-74,NA,36,10,851
NHOPI Non-Hispanic,70-74,NA,37,14,1052
NHOPI Non-Hispanic,70-74,NA,39,5,535
NHOPI Non-Hispanic,70-74,NA,40,3,225
NHOPI Non-Hispanic,70-74,NA,41,14,1564
NHOPI Non-Hispanic,70-74,NA,42,4,345
NHOPI Non-Hispanic,70-74,NA,44,2,429
NHOPI Non-Hispanic,70-74,NA,45,5,578
NHOPI Non-Hispanic,70-74,NA,46,2,288
NHOPI Non-Hispanic,70-74,NA,47,3,250
NHOPI Non-Hispanic,70-74,NA,48,35,3048
NHOPI Non-Hispanic,70-74,NA,49,21,3491
NHOPI Non-Hispanic,70-74,NA,51,7,693
NHOPI Non-Hispanic,70-74,NA,53,54,4632
NHOPI Non-Hispanic,70-74,NA,55,1,566
NHOPI Non-Hispanic,70-74,NA,56,1,26
NHOPI Non-Hispanic,75-79,NA,1,2,142
NHOPI Non-Hispanic,75-79,NA,2,2,326
NHOPI Non-Hispanic,75-79,NA,4,12,604
NHOPI Non-Hispanic,75-79,NA,5,2,405
NHOPI Non-Hispanic,75-79,NA,6,140,13378
NHOPI Non-Hispanic,75-79,NA,8,1,134
NHOPI Non-Hispanic,75-79,NA,9,3,179
NHOPI Non-Hispanic,75-79,NA,11,1,85
NHOPI Non-Hispanic,75-79,NA,12,10,741
NHOPI Non-Hispanic,75-79,NA,13,5,483
NHOPI Non-Hispanic,75-79,NA,15,155,16697
NHOPI Non-Hispanic,75-79,NA,17,1,127
NHOPI Non-Hispanic,75-79,NA,18,3,209
NHOPI Non-Hispanic,75-79,NA,21,1,19
NHOPI Non-Hispanic,75-79,NA,22,2,77
NHOPI Non-Hispanic,75-79,NA,24,3,116
NHOPI Non-Hispanic,75-79,NA,25,5,601
NHOPI Non-Hispanic,75-79,NA,26,4,358
NHOPI Non-Hispanic,75-79,NA,27,2,41
NHOPI Non-Hispanic,75-79,NA,29,9,482
NHOPI Non-Hispanic,75-79,NA,32,17,1227
NHOPI Non-Hispanic,75-79,NA,34,2,252
NHOPI Non-Hispanic,75-79,NA,35,1,26
NHOPI Non-Hispanic,75-79,NA,36,7,529
NHOPI Non-Hispanic,75-79,NA,37,6,709
NHOPI Non-Hispanic,75-79,NA,39,3,196
NHOPI Non-Hispanic,75-79,NA,40,2,329
NHOPI Non-Hispanic,75-79,NA,41,4,493
NHOPI Non-Hispanic,75-79,NA,42,1,19
NHOPI Non-Hispanic,75-79,NA,45,3,191
NHOPI Non-Hispanic,75-79,NA,46,1,51
NHOPI Non-Hispanic,75-79,NA,47,3,193
NHOPI Non-Hispanic,75-79,NA,48,16,995
NHOPI Non-Hispanic,75-79,NA,49,6,551
NHOPI Non-Hispanic,75-79,NA,51,4,418
NHOPI Non-Hispanic,75-79,NA,53,31,3331
NHOPI Non-Hispanic,75-79,NA,54,1,11
NHOPI Non-Hispanic,75-79,NA,55,1,347
NHOPI Non-Hispanic,80+,NA,1,2,88
NHOPI Non-Hispanic,80+,NA,2,1,140
NHOPI Non-Hispanic,80+,NA,4,6,415
NHOPI Non-Hispanic,80+,NA,5,1,10
NHOPI Non-Hispanic,80+,NA,6,131,14257
NHOPI Non-Hispanic,80+,NA,8,2,128
NHOPI Non-Hispanic,80+,NA,11,1,46
NHOPI Non-Hispanic,80+,NA,12,13,872
NHOPI Non-Hispanic,80+,NA,13,2,58
NHOPI Non-Hispanic,80+,NA,15,167,13616
NHOPI Non-Hispanic,80+,NA,17,3,291
NHOPI Non-Hispanic,80+,NA,18,4,324
NHOPI Non-Hispanic,80+,NA,22,3,149
NHOPI Non-Hispanic,80+,NA,24,1,64
NHOPI Non-Hispanic,80+,NA,25,3,136
NHOPI Non-Hispanic,80+,NA,26,3,560
NHOPI Non-Hispanic,80+,NA,29,2,398
NHOPI Non-Hispanic,80+,NA,32,14,1004
NHOPI Non-Hispanic,80+,NA,34,1,324
NHOPI Non-Hispanic,80+,NA,35,1,56
NHOPI Non-Hispanic,80+,NA,36,4,321
NHOPI Non-Hispanic,80+,NA,37,9,512
NHOPI Non-Hispanic,80+,NA,39,10,1042
NHOPI Non-Hispanic,80+,NA,40,1,19
NHOPI Non-Hispanic,80+,NA,41,6,334
NHOPI Non-Hispanic,80+,NA,42,5,509
NHOPI Non-Hispanic,80+,NA,45,2,167
NHOPI Non-Hispanic,80+,NA,47,1,28
NHOPI Non-Hispanic,80+,NA,48,18,1295
NHOPI Non-Hispanic,80+,NA,49,7,958
NHOPI Non-Hispanic,80+,NA,51,4,147
NHOPI Non-Hispanic,80+,NA,53,11,1267
NHOPI Non-Hispanic,80+,NA,55,1,115
NHOPI Non-Hispanic,80+,NA,56,2,63
NHOPI Hispanic,0-4,NA,1,1,77
NHOPI Hispanic,0-4,NA,4,6,599
NHOPI Hispanic,0-4,NA,6,82,10138
NHOPI Hispanic,0-4,NA,8,1,120
NHOPI Hispanic,0-4,NA,9,3,564
NHOPI Hispanic,0-4,NA,12,7,474
NHOPI Hispanic,0-4,NA,13,10,874
NHOPI Hispanic,0-4,NA,15,27,2677
NHOPI Hispanic,0-4,NA,16,1,158
NHOPI Hispanic,0-4,NA,17,10,1150
NHOPI Hispanic,0-4,NA,18,1,84
NHOPI Hispanic,0-4,NA,19,3,749
NHOPI Hispanic,0-4,NA,20,1,22
NHOPI Hispanic,0-4,NA,21,1,77
NHOPI Hispanic,0-4,NA,22,1,67
NHOPI Hispanic,0-4,NA,24,2,632
NHOPI Hispanic,0-4,NA,25,4,406
NHOPI Hispanic,0-4,NA,26,2,214
NHOPI Hispanic,0-4,NA,28,6,396
NHOPI Hispanic,0-4,NA,29,4,290
NHOPI Hispanic,0-4,NA,30,2,39
NHOPI Hispanic,0-4,NA,31,4,410
NHOPI Hispanic,0-4,NA,32,8,1158
NHOPI Hispanic,0-4,NA,34,5,365
NHOPI Hispanic,0-4,NA,35,1,316
NHOPI Hispanic,0-4,NA,36,5,1178
NHOPI Hispanic,0-4,NA,37,8,631
NHOPI Hispanic,0-4,NA,38,2,90
NHOPI Hispanic,0-4,NA,39,1,93
NHOPI Hispanic,0-4,NA,40,1,86
NHOPI Hispanic,0-4,NA,41,4,551
NHOPI Hispanic,0-4,NA,42,5,862
NHOPI Hispanic,0-4,NA,44,1,184
NHOPI Hispanic,0-4,NA,45,1,45
NHOPI Hispanic,0-4,NA,47,4,756
NHOPI Hispanic,0-4,NA,48,18,3040
NHOPI Hispanic,0-4,NA,49,7,2743
NHOPI Hispanic,0-4,NA,51,5,709
NHOPI Hispanic,0-4,NA,53,12,1113
NHOPI Hispanic,5-9,NA,1,3,299
NHOPI Hispanic,5-9,NA,4,14,1132
NHOPI Hispanic,5-9,NA,5,1,93
NHOPI Hispanic,5-9,NA,6,98,12039
NHOPI Hispanic,5-9,NA,8,5,1238
NHOPI Hispanic,5-9,NA,9,4,1058
NHOPI Hispanic,5-9,NA,10,2,666
NHOPI Hispanic,5-9,NA,11,1,110
NHOPI Hispanic,5-9,NA,12,11,1185
NHOPI Hispanic,5-9,NA,13,8,985
NHOPI Hispanic,5-9,NA,15,23,3127
NHOPI Hispanic,5-9,NA,17,15,2981
NHOPI Hispanic,5-9,NA,21,1,111
NHOPI Hispanic,5-9,NA,24,1,240
NHOPI Hispanic,5-9,NA,25,5,414
NHOPI Hispanic,5-9,NA,26,1,84
NHOPI Hispanic,5-9,NA,27,7,1327
NHOPI Hispanic,5-9,NA,28,2,76
NHOPI Hispanic,5-9,NA,29,1,38
NHOPI Hispanic,5-9,NA,31,1,163
NHOPI Hispanic,5-9,NA,32,7,1686
NHOPI Hispanic,5-9,NA,34,5,436
NHOPI Hispanic,5-9,NA,35,1,39
NHOPI Hispanic,5-9,NA,36,6,1565
NHOPI Hispanic,5-9,NA,37,3,318
NHOPI Hispanic,5-9,NA,39,3,718
NHOPI Hispanic,5-9,NA,40,3,365
NHOPI Hispanic,5-9,NA,41,5,530
NHOPI Hispanic,5-9,NA,42,6,1344
NHOPI Hispanic,5-9,NA,44,1,145
NHOPI Hispanic,5-9,NA,45,1,37
NHOPI Hispanic,5-9,NA,47,7,329
NHOPI Hispanic,5-9,NA,48,31,4232
NHOPI Hispanic,5-9,NA,49,6,1004
NHOPI Hispanic,5-9,NA,51,3,441
NHOPI Hispanic,5-9,NA,53,12,863
NHOPI Hispanic,5-9,NA,55,2,946
NHOPI Hispanic,10-14,NA,1,2,669
NHOPI Hispanic,10-14,NA,4,10,1048
NHOPI Hispanic,10-14,NA,5,1,75
NHOPI Hispanic,10-14,NA,6,97,11065
NHOPI Hispanic,10-14,NA,8,6,755
NHOPI Hispanic,10-14,NA,9,4,950
NHOPI Hispanic,10-14,NA,10,2,666
NHOPI Hispanic,10-14,NA,12,6,656
NHOPI Hispanic,10-14,NA,13,8,759
NHOPI Hispanic,10-14,NA,15,33,3077
NHOPI Hispanic,10-14,NA,16,1,52
NHOPI Hispanic,10-14,NA,17,8,1194
NHOPI Hispanic,10-14,NA,18,1,51
NHOPI Hispanic,10-14,NA,20,1,137
NHOPI Hispanic,10-14,NA,21,1,20
NHOPI Hispanic,10-14,NA,24,3,396
NHOPI Hispanic,10-14,NA,25,6,450
NHOPI Hispanic,10-14,NA,26,2,123
NHOPI Hispanic,10-14,NA,27,3,147
NHOPI Hispanic,10-14,NA,29,3,393
NHOPI Hispanic,10-14,NA,31,2,301
NHOPI Hispanic,10-14,NA,32,5,540
NHOPI Hispanic,10-14,NA,34,7,1549
NHOPI Hispanic,10-14,NA,35,1,365
NHOPI Hispanic,10-14,NA,36,17,2544
NHOPI Hispanic,10-14,NA,37,3,434
NHOPI Hispanic,10-14,NA,39,3,570
NHOPI Hispanic,10-14,NA,40,3,204
NHOPI Hispanic,10-14,NA,41,4,506
NHOPI Hispanic,10-14,NA,42,6,1360
NHOPI Hispanic,10-14,NA,45,3,171
NHOPI Hispanic,10-14,NA,47,3,279
NHOPI Hispanic,10-14,NA,48,18,2031
NHOPI Hispanic,10-14,NA,49,7,501
NHOPI Hispanic,10-14,NA,51,4,383
NHOPI Hispanic,10-14,NA,53,10,947
NHOPI Hispanic,10-14,NA,55,1,165
NHOPI Hispanic,15-19,NA,1,6,1054
NHOPI Hispanic,15-19,NA,4,12,1288
NHOPI Hispanic,15-19,NA,5,1,109
NHOPI Hispanic,15-19,NA,6,113,13333
NHOPI Hispanic,15-19,NA,8,6,733
NHOPI Hispanic,15-19,NA,9,3,623
NHOPI Hispanic,15-19,NA,12,11,802
NHOPI Hispanic,15-19,NA,13,12,1259
NHOPI Hispanic,15-19,NA,15,38,3171
NHOPI Hispanic,15-19,NA,16,7,337
NHOPI Hispanic,15-19,NA,17,14,1889
NHOPI Hispanic,15-19,NA,18,4,407
NHOPI Hispanic,15-19,NA,21,7,884
NHOPI Hispanic,15-19,NA,22,1,261
NHOPI Hispanic,15-19,NA,25,3,318
NHOPI Hispanic,15-19,NA,26,2,118
NHOPI Hispanic,15-19,NA,28,1,54
NHOPI Hispanic,15-19,NA,29,1,103
NHOPI Hispanic,15-19,NA,32,4,320
NHOPI Hispanic,15-19,NA,34,5,956
NHOPI Hispanic,15-19,NA,35,5,821
NHOPI Hispanic,15-19,NA,36,23,3403
NHOPI Hispanic,15-19,NA,37,3,237
NHOPI Hispanic,15-19,NA,40,1,22
NHOPI Hispanic,15-19,NA,41,5,286
NHOPI Hispanic,15-19,NA,42,9,1755
NHOPI Hispanic,15-19,NA,44,1,114
NHOPI Hispanic,15-19,NA,45,7,864
NHOPI Hispanic,15-19,NA,47,4,433
NHOPI Hispanic,15-19,NA,48,26,2021
NHOPI Hispanic,15-19,NA,49,7,515
NHOPI Hispanic,15-19,NA,50,1,13
NHOPI Hispanic,15-19,NA,51,3,106
NHOPI Hispanic,15-19,NA,53,12,1733
NHOPI Hispanic,15-19,NA,55,1,132
NHOPI Hispanic,15-19,NA,56,2,500
NHOPI Hispanic,20-24,NA,1,5,640
NHOPI Hispanic,20-24,NA,2,1,103
NHOPI Hispanic,20-24,NA,4,11,1120
NHOPI Hispanic,20-24,NA,6,90,10248
NHOPI Hispanic,20-24,NA,8,6,776
NHOPI Hispanic,20-24,NA,9,3,1039
NHOPI Hispanic,20-24,NA,12,19,1719
NHOPI Hispanic,20-24,NA,13,14,937
NHOPI Hispanic,20-24,NA,15,31,3252
NHOPI Hispanic,20-24,NA,17,12,1074
NHOPI Hispanic,20-24,NA,18,3,508
NHOPI Hispanic,20-24,NA,20,2,106
NHOPI Hispanic,20-24,NA,21,2,192
NHOPI Hispanic,20-24,NA,22,2,429
NHOPI Hispanic,20-24,NA,24,4,545
NHOPI Hispanic,20-24,NA,25,7,564
NHOPI Hispanic,20-24,NA,26,2,334
NHOPI Hispanic,20-24,NA,27,2,329
NHOPI Hispanic,20-24,NA,29,5,340
NHOPI Hispanic,20-24,NA,30,1,487
NHOPI Hispanic,20-24,NA,31,4,346
NHOPI Hispanic,20-24,NA,32,11,1390
NHOPI Hispanic,20-24,NA,34,11,926
NHOPI Hispanic,20-24,NA,35,4,1115
NHOPI Hispanic,20-24,NA,36,10,1083
NHOPI Hispanic,20-24,NA,37,1,145
NHOPI Hispanic,20-24,NA,39,2,488
NHOPI Hispanic,20-24,NA,40,6,412
NHOPI Hispanic,20-24,NA,41,4,1043
NHOPI Hispanic,20-24,NA,42,5,448
NHOPI Hispanic,20-24,NA,44,4,533
NHOPI Hispanic,20-24,NA,45,5,458
NHOPI Hispanic,20-24,NA,47,1,300
NHOPI Hispanic,20-24,NA,48,46,5653
NHOPI Hispanic,20-24,NA,49,16,1455
NHOPI Hispanic,20-24,NA,51,3,295
NHOPI Hispanic,20-24,NA,53,13,996
NHOPI Hispanic,20-24,NA,55,1,406
NHOPI Hispanic,25-29,NA,1,1,291
NHOPI Hispanic,25-29,NA,2,1,22
NHOPI Hispanic,25-29,NA,4,16,1842
NHOPI Hispanic,25-29,NA,5,2,275
NHOPI Hispanic,25-29,NA,6,83,9992
NHOPI Hispanic,25-29,NA,8,7,627
NHOPI Hispanic,25-29,NA,9,4,719
NHOPI Hispanic,25-29,NA,11,1,106
NHOPI Hispanic,25-29,NA,12,18,1925
NHOPI Hispanic,25-29,NA,13,7,1014
NHOPI Hispanic,25-29,NA,15,27,3286
NHOPI Hispanic,25-29,NA,16,2,271
NHOPI Hispanic,25-29,NA,17,17,2584
NHOPI Hispanic,25-29,NA,18,1,54
NHOPI Hispanic,25-29,NA,20,3,402
NHOPI Hispanic,25-29,NA,21,2,310
NHOPI Hispanic,25-29,NA,22,3,399
NHOPI Hispanic,25-29,NA,23,1,122
NHOPI Hispanic,25-29,NA,24,4,825
NHOPI Hispanic,25-29,NA,25,5,536
NHOPI Hispanic,25-29,NA,29,7,1659
NHOPI Hispanic,25-29,NA,31,1,53
NHOPI Hispanic,25-29,NA,32,8,1045
NHOPI Hispanic,25-29,NA,34,5,557
NHOPI Hispanic,25-29,NA,35,2,135
NHOPI Hispanic,25-29,NA,36,20,2791
NHOPI Hispanic,25-29,NA,37,2,146
NHOPI Hispanic,25-29,NA,39,5,541
NHOPI Hispanic,25-29,NA,40,2,212
NHOPI Hispanic,25-29,NA,41,1,103
NHOPI Hispanic,25-29,NA,42,8,2122
NHOPI Hispanic,25-29,NA,44,1,189
NHOPI Hispanic,25-29,NA,45,3,283
NHOPI Hispanic,25-29,NA,47,3,632
NHOPI Hispanic,25-29,NA,48,27,3062
NHOPI Hispanic,25-29,NA,49,4,154
NHOPI Hispanic,25-29,NA,51,5,682
NHOPI Hispanic,25-29,NA,53,10,1683
NHOPI Hispanic,25-29,NA,54,1,24
NHOPI Hispanic,25-29,NA,55,1,410
NHOPI Hispanic,30-34,NA,1,3,603
NHOPI Hispanic,30-34,NA,4,14,1085
NHOPI Hispanic,30-34,NA,6,93,11148
NHOPI Hispanic,30-34,NA,8,4,551
NHOPI Hispanic,30-34,NA,9,9,1456
NHOPI Hispanic,30-34,NA,10,2,705
NHOPI Hispanic,30-34,NA,12,18,2140
NHOPI Hispanic,30-34,NA,13,12,925
NHOPI Hispanic,30-34,NA,15,20,2454
NHOPI Hispanic,30-34,NA,17,9,589
NHOPI Hispanic,30-34,NA,18,3,292
NHOPI Hispanic,30-34,NA,19,1,92
NHOPI Hispanic,30-34,NA,20,2,226
NHOPI Hispanic,30-34,NA,21,2,294
NHOPI Hispanic,30-34,NA,22,3,333
NHOPI Hispanic,30-34,NA,24,1,52
NHOPI Hispanic,30-34,NA,25,5,579
NHOPI Hispanic,30-34,NA,26,1,133
NHOPI Hispanic,30-34,NA,27,2,467
NHOPI Hispanic,30-34,NA,28,1,38
NHOPI Hispanic,30-34,NA,29,6,865
NHOPI Hispanic,30-34,NA,31,1,51
NHOPI Hispanic,30-34,NA,32,6,738
NHOPI Hispanic,30-34,NA,34,10,1476
NHOPI Hispanic,30-34,NA,36,27,3456
NHOPI Hispanic,30-34,NA,37,2,150
NHOPI Hispanic,30-34,NA,39,4,597
NHOPI Hispanic,30-34,NA,40,7,887
NHOPI Hispanic,30-34,NA,41,5,309
NHOPI Hispanic,30-34,NA,42,12,2235
NHOPI Hispanic,30-34,NA,44,1,239
NHOPI Hispanic,30-34,NA,45,3,833
NHOPI Hispanic,30-34,NA,47,2,341
NHOPI Hispanic,30-34,NA,48,26,3508
NHOPI Hispanic,30-34,NA,51,7,823
NHOPI Hispanic,30-34,NA,53,7,877
NHOPI Hispanic,30-34,NA,55,1,249
NHOPI Hispanic,35-39,NA,1,1,367
NHOPI Hispanic,35-39,NA,4,6,718
NHOPI Hispanic,35-39,NA,6,80,9468
NHOPI Hispanic,35-39,NA,8,5,1436
NHOPI Hispanic,35-39,NA,9,2,143
NHOPI Hispanic,35-39,NA,10,2,89
NHOPI Hispanic,35-39,NA,12,22,2300
NHOPI Hispanic,35-39,NA,13,10,1063
NHOPI Hispanic,35-39,NA,15,25,2044
NHOPI Hispanic,35-39,NA,17,5,847
NHOPI Hispanic,35-39,NA,18,1,165
NHOPI Hispanic,35-39,NA,19,1,191
NHOPI Hispanic,35-39,NA,21,1,230
NHOPI Hispanic,35-39,NA,24,4,474
NHOPI Hispanic,35-39,NA,25,5,1043
NHOPI Hispanic,35-39,NA,26,2,178
NHOPI Hispanic,35-39,NA,27,3,69
NHOPI Hispanic,35-39,NA,29,1,497
NHOPI Hispanic,35-39,NA,31,3,609
NHOPI Hispanic,35-39,NA,32,7,1062
NHOPI Hispanic,35-39,NA,33,2,158
NHOPI Hispanic,35-39,NA,34,9,1496
NHOPI Hispanic,35-39,NA,35,3,463
NHOPI Hispanic,35-39,NA,36,15,2416
NHOPI Hispanic,35-39,NA,37,2,108
NHOPI Hispanic,35-39,NA,39,7,914
NHOPI Hispanic,35-39,NA,40,3,292
NHOPI Hispanic,35-39,NA,41,5,567
NHOPI Hispanic,35-39,NA,42,6,1431
NHOPI Hispanic,35-39,NA,45,4,490
NHOPI Hispanic,35-39,NA,47,3,307
NHOPI Hispanic,35-39,NA,48,21,3059
NHOPI Hispanic,35-39,NA,49,1,81
NHOPI Hispanic,35-39,NA,51,1,12
NHOPI Hispanic,35-39,NA,53,2,197
NHOPI Hispanic,35-39,NA,55,2,410
NHOPI Hispanic,40-44,NA,1,1,72
NHOPI Hispanic,40-44,NA,4,4,284
NHOPI Hispanic,40-44,NA,6,65,6235
NHOPI Hispanic,40-44,NA,8,2,582
NHOPI Hispanic,40-44,NA,9,4,745
NHOPI Hispanic,40-44,NA,10,1,299
NHOPI Hispanic,40-44,NA,12,12,1345
NHOPI Hispanic,40-44,NA,13,6,752
NHOPI Hispanic,40-44,NA,15,24,2864
NHOPI Hispanic,40-44,NA,16,1,58
NHOPI Hispanic,40-44,NA,17,3,670
NHOPI Hispanic,40-44,NA,21,2,152
NHOPI Hispanic,40-44,NA,24,2,293
NHOPI Hispanic,40-44,NA,25,3,367
NHOPI Hispanic,40-44,NA,26,3,216
NHOPI Hispanic,40-44,NA,27,1,96
NHOPI Hispanic,40-44,NA,31,1,54
NHOPI Hispanic,40-44,NA,32,1,129
NHOPI Hispanic,40-44,NA,34,11,963
NHOPI Hispanic,40-44,NA,36,8,997
NHOPI Hispanic,40-44,NA,37,5,629
NHOPI Hispanic,40-44,NA,39,6,1453
NHOPI Hispanic,40-44,NA,40,2,84
NHOPI Hispanic,40-44,NA,41,1,39
NHOPI Hispanic,40-44,NA,42,7,1577
NHOPI Hispanic,40-44,NA,44,2,263
NHOPI Hispanic,40-44,NA,45,3,561
NHOPI Hispanic,40-44,NA,47,2,475
NHOPI Hispanic,40-44,NA,48,16,1929
NHOPI Hispanic,40-44,NA,49,5,649
NHOPI Hispanic,40-44,NA,51,6,698
NHOPI Hispanic,40-44,NA,53,5,720
NHOPI Hispanic,40-44,NA,54,1,17
NHOPI Hispanic,40-44,NA,55,1,95
NHOPI Hispanic,40-44,NA,56,2,232
NHOPI Hispanic,45-49,NA,1,1,399
NHOPI Hispanic,45-49,NA,4,6,644
NHOPI Hispanic,45-49,NA,5,1,72
NHOPI Hispanic,45-49,NA,6,39,5084
NHOPI Hispanic,45-49,NA,8,3,220
NHOPI Hispanic,45-49,NA,9,1,185
NHOPI Hispanic,45-49,NA,11,1,73
NHOPI Hispanic,45-49,NA,12,11,1349
NHOPI Hispanic,45-49,NA,13,6,940
NHOPI Hispanic,45-49,NA,15,21,2072
NHOPI Hispanic,45-49,NA,17,6,708
NHOPI Hispanic,45-49,NA,18,1,38
NHOPI Hispanic,45-49,NA,20,1,278
NHOPI Hispanic,45-49,NA,21,2,606
NHOPI Hispanic,45-49,NA,24,2,235
NHOPI Hispanic,45-49,NA,25,2,140
NHOPI Hispanic,45-49,NA,26,3,418
NHOPI Hispanic,45-49,NA,28,1,37
NHOPI Hispanic,45-49,NA,29,1,20
NHOPI Hispanic,45-49,NA,32,2,129
NHOPI Hispanic,45-49,NA,34,5,686
NHOPI Hispanic,45-49,NA,35,1,120
NHOPI Hispanic,45-49,NA,36,14,1139
NHOPI Hispanic,45-49,NA,37,2,104
NHOPI Hispanic,45-49,NA,39,3,345
NHOPI Hispanic,45-49,NA,41,3,357
NHOPI Hispanic,45-49,NA,42,4,621
NHOPI Hispanic,45-49,NA,45,2,292
NHOPI Hispanic,45-49,NA,47,1,72
NHOPI Hispanic,45-49,NA,48,26,2936
NHOPI Hispanic,45-49,NA,51,3,624
NHOPI Hispanic,45-49,NA,53,4,1380
NHOPI Hispanic,45-49,NA,55,3,722
NHOPI Hispanic,50-54,NA,1,1,236
NHOPI Hispanic,50-54,NA,4,6,573
NHOPI Hispanic,50-54,NA,6,40,3308
NHOPI Hispanic,50-54,NA,8,2,128
NHOPI Hispanic,50-54,NA,9,1,88
NHOPI Hispanic,50-54,NA,11,1,66
NHOPI Hispanic,50-54,NA,12,9,1112
NHOPI Hispanic,50-54,NA,13,4,281
NHOPI Hispanic,50-54,NA,15,17,1341
NHOPI Hispanic,50-54,NA,16,1,207
NHOPI Hispanic,50-54,NA,17,11,1450
NHOPI Hispanic,50-54,NA,18,2,91
NHOPI Hispanic,50-54,NA,19,1,208
NHOPI Hispanic,50-54,NA,20,1,57
NHOPI Hispanic,50-54,NA,22,1,100
NHOPI Hispanic,50-54,NA,24,4,694
NHOPI Hispanic,50-54,NA,25,10,1070
NHOPI Hispanic,50-54,NA,26,1,71
NHOPI Hispanic,50-54,NA,27,1,99
NHOPI Hispanic,50-54,NA,32,3,368
NHOPI Hispanic,50-54,NA,34,3,254
NHOPI Hispanic,50-54,NA,35,3,203
NHOPI Hispanic,50-54,NA,36,15,2079
NHOPI Hispanic,50-54,NA,37,2,107
NHOPI Hispanic,50-54,NA,39,2,114
NHOPI Hispanic,50-54,NA,40,2,94
NHOPI Hispanic,50-54,NA,41,1,63
NHOPI Hispanic,50-54,NA,42,5,1215
NHOPI Hispanic,50-54,NA,44,1,98
NHOPI Hispanic,50-54,NA,45,4,425
NHOPI Hispanic,50-54,NA,47,2,187
NHOPI Hispanic,50-54,NA,48,17,3401
NHOPI Hispanic,50-54,NA,49,1,66
NHOPI Hispanic,50-54,NA,51,1,71
NHOPI Hispanic,50-54,NA,53,7,1166
NHOPI Hispanic,50-54,NA,54,1,57
NHOPI Hispanic,50-54,NA,55,1,282
NHOPI Hispanic,55-59,NA,1,2,429
NHOPI Hispanic,55-59,NA,2,2,574
NHOPI Hispanic,55-59,NA,4,9,755
NHOPI Hispanic,55-59,NA,6,34,3437
NHOPI Hispanic,55-59,NA,8,3,237
NHOPI Hispanic,55-59,NA,9,1,114
NHOPI Hispanic,55-59,NA,12,15,1649
NHOPI Hispanic,55-59,NA,13,5,205
NHOPI Hispanic,55-59,NA,15,14,745
NHOPI Hispanic,55-59,NA,17,10,1857
NHOPI Hispanic,55-59,NA,18,1,123
NHOPI Hispanic,55-59,NA,19,1,20
NHOPI Hispanic,55-59,NA,20,1,155
NHOPI Hispanic,55-59,NA,21,1,214
NHOPI Hispanic,55-59,NA,22,2,138
NHOPI Hispanic,55-59,NA,25,1,110
NHOPI Hispanic,55-59,NA,26,1,173
NHOPI Hispanic,55-59,NA,28,1,53
NHOPI Hispanic,55-59,NA,31,2,283
NHOPI Hispanic,55-59,NA,32,4,505
NHOPI Hispanic,55-59,NA,34,5,542
NHOPI Hispanic,55-59,NA,35,1,65
NHOPI Hispanic,55-59,NA,36,16,2417
NHOPI Hispanic,55-59,NA,37,3,234
NHOPI Hispanic,55-59,NA,40,1,73
NHOPI Hispanic,55-59,NA,41,1,96
NHOPI Hispanic,55-59,NA,42,5,533
NHOPI Hispanic,55-59,NA,45,4,497
NHOPI Hispanic,55-59,NA,47,3,253
NHOPI Hispanic,55-59,NA,48,15,1533
NHOPI Hispanic,55-59,NA,53,6,583
NHOPI Hispanic,55-59,NA,55,1,407
NHOPI Hispanic,60-64,NA,4,3,228
NHOPI Hispanic,60-64,NA,6,35,2902
NHOPI Hispanic,60-64,NA,8,1,55
NHOPI Hispanic,60-64,NA,10,1,42
NHOPI Hispanic,60-64,NA,12,9,926
NHOPI Hispanic,60-64,NA,13,1,71
NHOPI Hispanic,60-64,NA,15,13,806
NHOPI Hispanic,60-64,NA,17,5,357
NHOPI Hispanic,60-64,NA,18,1,57
NHOPI Hispanic,60-64,NA,20,3,647
NHOPI Hispanic,60-64,NA,21,1,215
NHOPI Hispanic,60-64,NA,24,1,329
NHOPI Hispanic,60-64,NA,25,2,323
NHOPI Hispanic,60-64,NA,26,1,89
NHOPI Hispanic,60-64,NA,28,1,152
NHOPI Hispanic,60-64,NA,32,1,326
NHOPI Hispanic,60-64,NA,34,4,479
NHOPI Hispanic,60-64,NA,36,7,651
NHOPI Hispanic,60-64,NA,37,5,489
NHOPI Hispanic,60-64,NA,39,1,99
NHOPI Hispanic,60-64,NA,42,4,1172
NHOPI Hispanic,60-64,NA,44,2,305
NHOPI Hispanic,60-64,NA,47,1,57
NHOPI Hispanic,60-64,NA,48,15,1559
NHOPI Hispanic,60-64,NA,49,1,213
NHOPI Hispanic,60-64,NA,51,1,277
NHOPI Hispanic,60-64,NA,53,2,126
NHOPI Hispanic,65-69,NA,4,3,177
NHOPI Hispanic,65-69,NA,6,36,3024
NHOPI Hispanic,65-69,NA,8,3,281
NHOPI Hispanic,65-69,NA,9,2,336
NHOPI Hispanic,65-69,NA,11,1,58
NHOPI Hispanic,65-69,NA,12,8,472
NHOPI Hispanic,65-69,NA,13,2,197
NHOPI Hispanic,65-69,NA,15,3,160
NHOPI Hispanic,65-69,NA,16,1,70
NHOPI Hispanic,65-69,NA,17,1,64
NHOPI Hispanic,65-69,NA,19,1,183
NHOPI Hispanic,65-69,NA,24,1,45
NHOPI Hispanic,65-69,NA,25,3,367
NHOPI Hispanic,65-69,NA,28,1,66
NHOPI Hispanic,65-69,NA,32,4,240
NHOPI Hispanic,65-69,NA,34,1,89
NHOPI Hispanic,65-69,NA,36,10,920
NHOPI Hispanic,65-69,NA,37,2,324
NHOPI Hispanic,65-69,NA,39,1,283
NHOPI Hispanic,65-69,NA,41,1,118
NHOPI Hispanic,65-69,NA,42,4,375
NHOPI Hispanic,65-69,NA,45,2,306
NHOPI Hispanic,65-69,NA,47,1,97
NHOPI Hispanic,65-69,NA,48,4,263
NHOPI Hispanic,65-69,NA,49,1,97
NHOPI Hispanic,70-74,NA,4,2,260
NHOPI Hispanic,70-74,NA,6,14,1074
NHOPI Hispanic,70-74,NA,9,1,41
NHOPI Hispanic,70-74,NA,12,5,579
NHOPI Hispanic,70-74,NA,13,2,255
NHOPI Hispanic,70-74,NA,15,5,111
NHOPI Hispanic,70-74,NA,17,3,150
NHOPI Hispanic,70-74,NA,19,1,41
NHOPI Hispanic,70-74,NA,22,1,4
NHOPI Hispanic,70-74,NA,23,1,120
NHOPI Hispanic,70-74,NA,25,3,287
NHOPI Hispanic,70-74,NA,27,1,26
NHOPI Hispanic,70-74,NA,28,1,67
NHOPI Hispanic,70-74,NA,32,1,96
NHOPI Hispanic,70-74,NA,34,4,370
NHOPI Hispanic,70-74,NA,35,1,234
NHOPI Hispanic,70-74,NA,36,7,734
NHOPI Hispanic,70-74,NA,39,1,51
NHOPI Hispanic,70-74,NA,42,2,265
NHOPI Hispanic,70-74,NA,44,2,352
NHOPI Hispanic,70-74,NA,48,6,388
NHOPI Hispanic,70-74,NA,53,1,37
NHOPI Hispanic,70-74,NA,55,2,417
NHOPI Hispanic,75-79,NA,1,2,97
NHOPI Hispanic,75-79,NA,4,3,280
NHOPI Hispanic,75-79,NA,6,7,667
NHOPI Hispanic,75-79,NA,9,1,120
NHOPI Hispanic,75-79,NA,10,1,65
NHOPI Hispanic,75-79,NA,12,2,269
NHOPI Hispanic,75-79,NA,15,1,17
NHOPI Hispanic,75-79,NA,17,2,411
NHOPI Hispanic,75-79,NA,19,1,118
NHOPI Hispanic,75-79,NA,20,1,148
NHOPI Hispanic,75-79,NA,24,1,87
NHOPI Hispanic,75-79,NA,25,1,162
NHOPI Hispanic,75-79,NA,27,1,9
NHOPI Hispanic,75-79,NA,29,1,85
NHOPI Hispanic,75-79,NA,32,1,281
NHOPI Hispanic,75-79,NA,34,2,125
NHOPI Hispanic,75-79,NA,36,4,388
NHOPI Hispanic,75-79,NA,37,2,70
NHOPI Hispanic,75-79,NA,39,1,149
NHOPI Hispanic,75-79,NA,41,1,58
NHOPI Hispanic,75-79,NA,47,2,178
NHOPI Hispanic,75-79,NA,48,7,375
NHOPI Hispanic,75-79,NA,53,2,116
NHOPI Hispanic,80+,NA,6,11,1010
NHOPI Hispanic,80+,NA,10,1,63
NHOPI Hispanic,80+,NA,12,4,411
NHOPI Hispanic,80+,NA,13,1,75
NHOPI Hispanic,80+,NA,15,5,168
NHOPI Hispanic,80+,NA,16,1,20
NHOPI Hispanic,80+,NA,17,2,187
NHOPI Hispanic,80+,NA,27,1,125
NHOPI Hispanic,80+,NA,28,1,26
NHOPI Hispanic,80+,NA,32,1,117
NHOPI Hispanic,80+,NA,34,4,390
NHOPI Hispanic,80+,NA,35,1,26
NHOPI Hispanic,80+,NA,36,17,1887
NHOPI Hispanic,80+,NA,37,1,42
NHOPI Hispanic,80+,NA,39,2,113
NHOPI Hispanic,80+,NA,41,1,181
NHOPI Hispanic,80+,NA,42,1,75
NHOPI Hispanic,80+,NA,44,1,157
NHOPI Hispanic,80+,NA,47,3,304
NHOPI Hispanic,80+,NA,48,4,212
NHOPI Hispanic,80+,NA,51,1,23
Hispanic alone,0-4,NA,1,255,44173
Hispanic alone,0-4,NA,2,47,7992
Hispanic alone,0-4,NA,4,1499,201033
Hispanic alone,0-4,NA,5,238,27799
Hispanic alone,0-4,NA,6,15116,2068126
Hispanic alone,0-4,NA,8,786,126170
Hispanic alone,0-4,NA,9,474,86364
Hispanic alone,0-4,NA,10,82,19080
Hispanic alone,0-4,NA,11,65,12873
Hispanic alone,0-4,NA,12,2619,396891
Hispanic alone,0-4,NA,13,994,151621
Hispanic alone,0-4,NA,15,289,39714
Hispanic alone,0-4,NA,16,228,29594
Hispanic alone,0-4,NA,17,1623,261767
Hispanic alone,0-4,NA,18,517,69458
Hispanic alone,0-4,NA,19,146,27973
Hispanic alone,0-4,NA,20,301,44226
Hispanic alone,0-4,NA,21,178,24345
Hispanic alone,0-4,NA,22,283,39454
Hispanic alone,0-4,NA,23,22,1902
Hispanic alone,0-4,NA,24,846,162491
Hispanic alone,0-4,NA,25,718,128249
Hispanic alone,0-4,NA,26,415,53245
Hispanic alone,0-4,NA,27,249,52129
Hispanic alone,0-4,NA,28,138,15620
Hispanic alone,0-4,NA,29,269,38942
Hispanic alone,0-4,NA,30,34,3619
Hispanic alone,0-4,NA,31,241,46035
Hispanic alone,0-4,NA,32,942,135272
Hispanic alone,0-4,NA,33,48,5707
Hispanic alone,0-4,NA,34,1647,283681
Hispanic alone,0-4,NA,35,485,78218
Hispanic alone,0-4,NA,36,2831,541545
Hispanic alone,0-4,NA,37,1242,213219
Hispanic alone,0-4,NA,38,21,3859
Hispanic alone,0-4,NA,39,514,73584
Hispanic alone,0-4,NA,40,506,68633
Hispanic alone,0-4,NA,41,521,85424
Hispanic alone,0-4,NA,42,717,179558
Hispanic alone,0-4,NA,44,151,28081
Hispanic alone,0-4,NA,45,331,46759
Hispanic alone,0-4,NA,46,39,6204
Hispanic alone,0-4,NA,47,466,70662
Hispanic alone,0-4,NA,48,6204,954565
Hispanic alone,0-4,NA,49,419,74722
Hispanic alone,0-4,NA,50,13,1292
Hispanic alone,0-4,NA,51,813,134360
Hispanic alone,0-4,NA,53,1063,160991
Hispanic alone,0-4,NA,54,32,3643
Hispanic alone,0-4,NA,55,233,40174
Hispanic alone,0-4,NA,56,41,6190
Hispanic alone,5-9,NA,1,321,49777
Hispanic alone,5-9,NA,2,51,9432
Hispanic alone,5-9,NA,4,1706,220191
Hispanic alone,5-9,NA,5,256,33266
Hispanic alone,5-9,NA,6,17762,2255681
Hispanic alone,5-9,NA,8,851,121643
Hispanic alone,5-9,NA,9,590,84331
Hispanic alone,5-9,NA,10,123,18152
Hispanic alone,5-9,NA,11,72,14739
Hispanic alone,5-9,NA,12,2986,404905
Hispanic alone,5-9,NA,13,1186,172315
Hispanic alone,5-9,NA,15,318,49107
Hispanic alone,5-9,NA,16,238,30961
Hispanic alone,5-9,NA,17,1899,296299
Hispanic alone,5-9,NA,18,547,82062
Hispanic alone,5-9,NA,19,182,31358
Hispanic alone,5-9,NA,20,298,44679
Hispanic alone,5-9,NA,21,187,27969
Hispanic alone,5-9,NA,22,283,36527
Hispanic alone,5-9,NA,23,30,2351
Hispanic alone,5-9,NA,24,964,150420
Hispanic alone,5-9,NA,25,811,121411
Hispanic alone,5-9,NA,26,479,65944
Hispanic alone,5-9,NA,27,324,63306
Hispanic alone,5-9,NA,28,152,16634
Hispanic alone,5-9,NA,29,299,34839
Hispanic alone,5-9,NA,30,40,5733
Hispanic alone,5-9,NA,31,198,37660
Hispanic alone,5-9,NA,32,1032,135367
Hispanic alone,5-9,NA,33,45,5527
Hispanic alone,5-9,NA,34,2062,296838
Hispanic alone,5-9,NA,35,549,84309
Hispanic alone,5-9,NA,36,3213,543767
Hispanic alone,5-9,NA,37,1319,216340
Hispanic alone,5-9,NA,38,23,4470
Hispanic alone,5-9,NA,39,548,77130
Hispanic alone,5-9,NA,40,552,79440
Hispanic alone,5-9,NA,41,553,87066
Hispanic alone,5-9,NA,42,839,186420
Hispanic alone,5-9,NA,44,138,24042
Hispanic alone,5-9,NA,45,336,46117
Hispanic alone,5-9,NA,46,59,8208
Hispanic alone,5-9,NA,47,518,77357
Hispanic alone,5-9,NA,48,7158,1007608
Hispanic alone,5-9,NA,49,453,65631
Hispanic alone,5-9,NA,50,12,1364
Hispanic alone,5-9,NA,51,841,134168
Hispanic alone,5-9,NA,53,1226,179872
Hispanic alone,5-9,NA,54,26,3211
Hispanic alone,5-9,NA,55,253,49651
Hispanic alone,5-9,NA,56,50,6010
Hispanic alone,10-14,NA,1,308,48500
Hispanic alone,10-14,NA,2,40,7950
Hispanic alone,10-14,NA,4,2039,252154
Hispanic alone,10-14,NA,5,260,32620
Hispanic alone,10-14,NA,6,20778,2643978
Hispanic alone,10-14,NA,8,975,139078
Hispanic alone,10-14,NA,9,658,98193
Hispanic alone,10-14,NA,10,132,17478
Hispanic alone,10-14,NA,11,51,11687
Hispanic alone,10-14,NA,12,3278,432845
Hispanic alone,10-14,NA,13,1355,205314
Hispanic alone,10-14,NA,15,334,46280
Hispanic alone,10-14,NA,16,270,37827
Hispanic alone,10-14,NA,17,2180,352657
Hispanic alone,10-14,NA,18,580,83744
Hispanic alone,10-14,NA,19,208,32224
Hispanic alone,10-14,NA,20,340,50011
Hispanic alone,10-14,NA,21,222,32095
Hispanic alone,10-14,NA,22,279,31691
Hispanic alone,10-14,NA,23,37,2783
Hispanic alone,10-14,NA,24,1072,170930
Hispanic alone,10-14,NA,25,878,123317
Hispanic alone,10-14,NA,26,500,67748
Hispanic alone,10-14,NA,27,303,57195
Hispanic alone,10-14,NA,28,203,21080
Hispanic alone,10-14,NA,29,329,44488
Hispanic alone,10-14,NA,30,48,4776
Hispanic alone,10-14,NA,31,232,40441
Hispanic alone,10-14,NA,32,1169,151591
Hispanic alone,10-14,NA,33,48,6662
Hispanic alone,10-14,NA,34,2254,332451
Hispanic alone,10-14,NA,35,718,111837
Hispanic alone,10-14,NA,36,3712,630555
Hispanic alone,10-14,NA,37,1583,255235
Hispanic alone,10-14,NA,38,24,3474
Hispanic alone,10-14,NA,39,517,68399
Hispanic alone,10-14,NA,40,589,79283
Hispanic alone,10-14,NA,41,654,97908
Hispanic alone,10-14,NA,42,900,185706
Hispanic alone,10-14,NA,44,176,32570
Hispanic alone,10-14,NA,45,399,53850
Hispanic alone,10-14,NA,46,43,4863
Hispanic alone,10-14,NA,47,602,86087
Hispanic alone,10-14,NA,48,7815,1093915
Hispanic alone,10-14,NA,49,530,86195
Hispanic alone,10-14,NA,50,13,1385
Hispanic alone,10-14,NA,51,947,144557
Hispanic alone,10-14,NA,53,1400,191841
Hispanic alone,10-14,NA,54,33,2338
Hispanic alone,10-14,NA,55,311,58119
Hispanic alone,10-14,NA,56,64,7728
Hispanic alone,15-19,NA,1,327,43450
Hispanic alone,15-19,NA,2,68,9609
Hispanic alone,15-19,NA,4,2374,276658
Hispanic alone,15-19,NA,5,327,35454
Hispanic alone,15-19,NA,6,23302,2654570
Hispanic alone,15-19,NA,8,1117,147738
Hispanic alone,15-19,NA,9,754,102215
Hispanic alone,15-19,NA,10,137,17385
Hispanic alone,15-19,NA,11,74,9208
Hispanic alone,15-19,NA,12,3594,436718
Hispanic alone,15-19,NA,13,1529,201406
Hispanic alone,15-19,NA,15,312,27843
Hispanic alone,15-19,NA,16,278,37281
Hispanic alone,15-19,NA,17,2474,371736
Hispanic alone,15-19,NA,18,650,94551
Hispanic alone,15-19,NA,19,242,30903
Hispanic alone,15-19,NA,20,402,59627
Hispanic alone,15-19,NA,21,286,28967
Hispanic alone,15-19,NA,22,304,29383
Hispanic alone,15-19,NA,23,35,2217
Hispanic alone,15-19,NA,24,1019,140755
Hispanic alone,15-19,NA,25,1123,138241
Hispanic alone,15-19,NA,26,571,66248
Hispanic alone,15-19,NA,27,393,61914
Hispanic alone,15-19,NA,28,207,20742
Hispanic alone,15-19,NA,29,340,38474
Hispanic alone,15-19,NA,30,48,6081
Hispanic alone,15-19,NA,31,294,38091
Hispanic alone,15-19,NA,32,1226,143733
Hispanic alone,15-19,NA,33,50,6672
Hispanic alone,15-19,NA,34,2291,300346
Hispanic alone,15-19,NA,35,799,115038
Hispanic alone,15-19,NA,36,4232,592499
Hispanic alone,15-19,NA,37,1782,235778
Hispanic alone,15-19,NA,38,29,2794
Hispanic alone,15-19,NA,39,557,68675
Hispanic alone,15-19,NA,40,593,70533
Hispanic alone,15-19,NA,41,698,95427
Hispanic alone,15-19,NA,42,1016,172487
Hispanic alone,15-19,NA,44,193,30620
Hispanic alone,15-19,NA,45,459,52488
Hispanic alone,15-19,NA,46,61,7216
Hispanic alone,15-19,NA,47,631,75022
Hispanic alone,15-19,NA,48,8166,1073524
Hispanic alone,15-19,NA,49,584,81055
Hispanic alone,15-19,NA,50,12,1033
Hispanic alone,15-19,NA,51,1027,135783
Hispanic alone,15-19,NA,53,1462,174964
Hispanic alone,15-19,NA,54,30,3127
Hispanic alone,15-19,NA,55,363,54201
Hispanic alone,15-19,NA,56,55,5613
Hispanic alone,20-24,NA,1,292,40690
Hispanic alone,20-24,NA,2,62,9580
Hispanic alone,20-24,NA,4,2062,272984
Hispanic alone,20-24,NA,5,292,33559
Hispanic alone,20-24,NA,6,22977,2603968
Hispanic alone,20-24,NA,8,979,130755
Hispanic alone,20-24,NA,9,727,97254
Hispanic alone,20-24,NA,10,111,15752
Hispanic alone,20-24,NA,11,121,9864
Hispanic alone,20-24,NA,12,3402,436309
Hispanic alone,20-24,NA,13,1393,169966
Hispanic alone,20-24,NA,15,291,26038
Hispanic alone,20-24,NA,16,272,37777
Hispanic alone,20-24,NA,17,2429,367703
Hispanic alone,20-24,NA,18,559,74289
Hispanic alone,20-24,NA,19,193,27023
Hispanic alone,20-24,NA,20,312,50651
Hispanic alone,20-24,NA,21,240,25240
Hispanic alone,20-24,NA,22,278,29656
Hispanic alone,20-24,NA,23,26,1989
Hispanic alone,20-24,NA,24,964,124025
Hispanic alone,20-24,NA,25,1066,133932
Hispanic alone,20-24,NA,26,497,70148
Hispanic alone,20-24,NA,27,347,62993
Hispanic alone,20-24,NA,28,175,17832
Hispanic alone,20-24,NA,29,311,40664
Hispanic alone,20-24,NA,30,30,4916
Hispanic alone,20-24,NA,31,201,29753
Hispanic alone,20-24,NA,32,1136,133576
Hispanic alone,20-24,NA,33,46,6022
Hispanic alone,20-24,NA,34,2139,286552
Hispanic alone,20-24,NA,35,667,113493
Hispanic alone,20-24,NA,36,4226,591334
Hispanic alone,20-24,NA,37,1508,187357
Hispanic alone,20-24,NA,38,43,10118
Hispanic alone,20-24,NA,39,503,65880
Hispanic alone,20-24,NA,40,434,58159
Hispanic alone,20-24,NA,41,659,90096
Hispanic alone,20-24,NA,42,963,167288
Hispanic alone,20-24,NA,44,173,28680
Hispanic alone,20-24,NA,45,438,46777
Hispanic alone,20-24,NA,46,50,7230
Hispanic alone,20-24,NA,47,537,57619
Hispanic alone,20-24,NA,48,7913,1055813
Hispanic alone,20-24,NA,49,584,76407
Hispanic alone,20-24,NA,50,16,1704
Hispanic alone,20-24,NA,51,980,132631
Hispanic alone,20-24,NA,53,1395,174585
Hispanic alone,20-24,NA,54,39,4181
Hispanic alone,20-24,NA,55,301,52749
Hispanic alone,20-24,NA,56,45,5238
Hispanic alone,25-29,NA,1,262,31343
Hispanic alone,25-29,NA,2,45,7212
Hispanic alone,25-29,NA,4,2135,265630
Hispanic alone,25-29,NA,5,271,34669
Hispanic alone,25-29,NA,6,23234,2618495
Hispanic alone,25-29,NA,8,1096,146029
Hispanic alone,25-29,NA,9,655,89144
Hispanic alone,25-29,NA,10,89,13028
Hispanic alone,25-29,NA,11,107,11832
Hispanic alone,25-29,NA,12,3478,430622
Hispanic alone,25-29,NA,13,1230,139913
Hispanic alone,25-29,NA,15,243,29415
Hispanic alone,25-29,NA,16,246,32590
Hispanic alone,25-29,NA,17,2341,336727
Hispanic alone,25-29,NA,18,581,75787
Hispanic alone,25-29,NA,19,180,27313
Hispanic alone,25-29,NA,20,243,33846
Hispanic alone,25-29,NA,21,181,22240
Hispanic alone,25-29,NA,22,260,25084
Hispanic alone,25-29,NA,23,17,3126
Hispanic alone,25-29,NA,24,992,116246
Hispanic alone,25-29,NA,25,971,134636
Hispanic alone,25-29,NA,26,434,59051
Hispanic alone,25-29,NA,27,270,48937
Hispanic alone,25-29,NA,28,113,13139
Hispanic alone,25-29,NA,29,305,39221
Hispanic alone,25-29,NA,30,26,3848
Hispanic alone,25-29,NA,31,203,33190
Hispanic alone,25-29,NA,32,1166,142046
Hispanic alone,25-29,NA,33,43,6830
Hispanic alone,25-29,NA,34,2092,267875
Hispanic alone,25-29,NA,35,568,84894
Hispanic alone,25-29,NA,36,4450,609744
Hispanic alone,25-29,NA,37,1381,161106
Hispanic alone,25-29,NA,38,26,5509
Hispanic alone,25-29,NA,39,477,63164
Hispanic alone,25-29,NA,40,410,54792
Hispanic alone,25-29,NA,41,576,81474
Hispanic alone,25-29,NA,42,824,157590
Hispanic alone,25-29,NA,44,204,29850
Hispanic alone,25-29,NA,45,385,41471
Hispanic alone,25-29,NA,46,51,5674
Hispanic alone,25-29,NA,47,480,47965
Hispanic alone,25-29,NA,48,7679,1006133
Hispanic alone,25-29,NA,49,602,82050
Hispanic alone,25-29,NA,50,14,1936
Hispanic alone,25-29,NA,51,885,102876
Hispanic alone,25-29,NA,53,1393,174084
Hispanic alone,25-29,NA,54,29,2945
Hispanic alone,25-29,NA,55,274,41829
Hispanic alone,25-29,NA,56,40,5465
Hispanic alone,30-34,NA,1,238,30335
Hispanic alone,30-34,NA,2,42,6380
Hispanic alone,30-34,NA,4,2086,248171
Hispanic alone,30-34,NA,5,209,21528
Hispanic alone,30-34,NA,6,22139,2576264
Hispanic alone,30-34,NA,8,977,134410
Hispanic alone,30-34,NA,9,688,93269
Hispanic alone,30-34,NA,10,94,13508
Hispanic alone,30-34,NA,11,109,13780
Hispanic alone,30-34,NA,12,3720,480016
Hispanic alone,30-34,NA,13,1245,145533
Hispanic alone,30-34,NA,15,249,27591
Hispanic alone,30-34,NA,16,246,32865
Hispanic alone,30-34,NA,17,2238,311630
Hispanic alone,30-34,NA,18,537,71267
Hispanic alone,30-34,NA,19,171,28001
Hispanic alone,30-34,NA,20,279,45724
Hispanic alone,30-34,NA,21,202,25321
Hispanic alone,30-34,NA,22,352,36024
Hispanic alone,30-34,NA,23,25,3069
Hispanic alone,30-34,NA,24,913,118574
Hispanic alone,30-34,NA,25,1025,140088
Hispanic alone,30-34,NA,26,442,57965
Hispanic alone,30-34,NA,27,310,57526
Hispanic alone,30-34,NA,28,134,12861
Hispanic alone,30-34,NA,29,295,38140
Hispanic alone,30-34,NA,30,33,5222
Hispanic alone,30-34,NA,31,198,36849
Hispanic alone,30-34,NA,32,1131,146241
Hispanic alone,30-34,NA,33,45,6706
Hispanic alone,30-34,NA,34,2333,300766
Hispanic alone,30-34,NA,35,561,85102
Hispanic alone,30-34,NA,36,4596,638638
Hispanic alone,30-34,NA,37,1312,163708
Hispanic alone,30-34,NA,38,21,3836
Hispanic alone,30-34,NA,39,468,67628
Hispanic alone,30-34,NA,40,383,55478
Hispanic alone,30-34,NA,41,606,84938
Hispanic alone,30-34,NA,42,888,174394
Hispanic alone,30-34,NA,44,203,34556
Hispanic alone,30-34,NA,45,374,40074
Hispanic alone,30-34,NA,46,49,4787
Hispanic alone,30-34,NA,47,505,54531
Hispanic alone,30-34,NA,48,7603,1000889
Hispanic alone,30-34,NA,49,523,69273
Hispanic alone,30-34,NA,50,11,1220
Hispanic alone,30-34,NA,51,879,114552
Hispanic alone,30-34,NA,53,1259,155915
Hispanic alone,30-34,NA,54,27,2666
Hispanic alone,30-34,NA,55,255,44370
Hispanic alone,30-34,NA,56,50,7581
Hispanic alone,35-39,NA,1,269,31504
Hispanic alone,35-39,NA,2,43,7124
Hispanic alone,35-39,NA,4,1758,219554
Hispanic alone,35-39,NA,5,213,28413
Hispanic alone,35-39,NA,6,20029,2364109
Hispanic alone,35-39,NA,8,893,122830
Hispanic alone,35-39,NA,9,672,100401
Hispanic alone,35-39,NA,10,97,15843
Hispanic alone,35-39,NA,11,88,11797
Hispanic alone,35-39,NA,12,3793,532577
Hispanic alone,35-39,NA,13,1224,160041
Hispanic alone,35-39,NA,15,219,26761
Hispanic alone,35-39,NA,16,230,39733
Hispanic alone,35-39,NA,17,1990,296014
Hispanic alone,35-39,NA,18,488,71370
Hispanic alone,35-39,NA,19,144,22350
Hispanic alone,35-39,NA,20,227,33854
Hispanic alone,35-39,NA,21,196,23489
Hispanic alone,35-39,NA,22,291,34965
Hispanic alone,35-39,NA,23,18,2987
Hispanic alone,35-39,NA,24,991,143311
Hispanic alone,35-39,NA,25,915,126301
Hispanic alone,35-39,NA,26,392,56547
Hispanic alone,35-39,NA,27,290,56866
Hispanic alone,35-39,NA,28,153,15573
Hispanic alone,35-39,NA,29,240,30516
Hispanic alone,35-39,NA,30,21,3064
Hispanic alone,35-39,NA,31,176,32969
Hispanic alone,35-39,NA,32,990,131225
Hispanic alone,35-39,NA,33,34,5619
Hispanic alone,35-39,NA,34,2217,309601
Hispanic alone,35-39,NA,35,569,85632
Hispanic alone,35-39,NA,36,4206,617375
Hispanic alone,35-39,NA,37,1263,169528
Hispanic alone,35-39,NA,38,16,1570
Hispanic alone,35-39,NA,39,459,64725
Hispanic alone,35-39,NA,40,371,52561
Hispanic alone,35-39,NA,41,550,79675
Hispanic alone,35-39,NA,42,797,161333
Hispanic alone,35-39,NA,44,159,26249
Hispanic alone,35-39,NA,45,366,43143
Hispanic alone,35-39,NA,46,38,3475
Hispanic alone,35-39,NA,47,543,63120
Hispanic alone,35-39,NA,48,6889,923419
Hispanic alone,35-39,NA,49,429,64154
Hispanic alone,35-39,NA,50,17,2376
Hispanic alone,35-39,NA,51,857,133087
Hispanic alone,35-39,NA,53,1166,145553
Hispanic alone,35-39,NA,54,33,4149
Hispanic alone,35-39,NA,55,245,36265
Hispanic alone,35-39,NA,56,43,6202
Hispanic alone,40-44,NA,1,275,36873
Hispanic alone,40-44,NA,2,35,5861
Hispanic alone,40-44,NA,4,1731,221965
Hispanic alone,40-44,NA,5,220,24998
Hispanic alone,40-44,NA,6,19093,2237165
Hispanic alone,40-44,NA,8,855,122831
Hispanic alone,40-44,NA,9,670,101253
Hispanic alone,40-44,NA,10,130,19789
Hispanic alone,40-44,NA,11,76,11722
Hispanic alone,40-44,NA,12,3689,513476
Hispanic alone,40-44,NA,13,1209,162036
Hispanic alone,40-44,NA,15,187,21698
Hispanic alone,40-44,NA,16,200,28365
Hispanic alone,40-44,NA,17,2012,332191
Hispanic alone,40-44,NA,18,460,60386
Hispanic alone,40-44,NA,19,139,21588
Hispanic alone,40-44,NA,20,239,34781
Hispanic alone,40-44,NA,21,160,17539
Hispanic alone,40-44,NA,22,243,26244
Hispanic alone,40-44,NA,23,29,3092
Hispanic alone,40-44,NA,24,962,140582
Hispanic alone,40-44,NA,25,860,121460
Hispanic alone,40-44,NA,26,407,54214
Hispanic alone,40-44,NA,27,237,43401
Hispanic alone,40-44,NA,28,157,16884
Hispanic alone,40-44,NA,29,224,28518
Hispanic alone,40-44,NA,30,34,4211
Hispanic alone,40-44,NA,31,159,24890
Hispanic alone,40-44,NA,32,995,129062
Hispanic alone,40-44,NA,33,36,6624
Hispanic alone,40-44,NA,34,2249,311714
Hispanic alone,40-44,NA,35,615,89670
Hispanic alone,40-44,NA,36,3996,586602
Hispanic alone,40-44,NA,37,1340,176282
Hispanic alone,40-44,NA,38,13,3024
Hispanic alone,40-44,NA,39,434,57045
Hispanic alone,40-44,NA,40,361,47707
Hispanic alone,40-44,NA,41,513,77011
Hispanic alone,40-44,NA,42,748,162844
Hispanic alone,40-44,NA,44,153,22864
Hispanic alone,40-44,NA,45,384,49177
Hispanic alone,40-44,NA,46,26,3317
Hispanic alone,40-44,NA,47,433,50895
Hispanic alone,40-44,NA,48,6858,932635
Hispanic alone,40-44,NA,49,440,65331
Hispanic alone,40-44,NA,50,11,885
Hispanic alone,40-44,NA,51,898,136145
Hispanic alone,40-44,NA,53,1064,136011
Hispanic alone,40-44,NA,54,26,4322
Hispanic alone,40-44,NA,55,252,46131
Hispanic alone,40-44,NA,56,44,7369
Hispanic alone,45-49,NA,1,211,26338
Hispanic alone,45-49,NA,2,21,3414
Hispanic alone,45-49,NA,4,1599,189528
Hispanic alone,45-49,NA,5,210,24565
Hispanic alone,45-49,NA,6,18020,2026372
Hispanic alone,45-49,NA,8,781,106771
Hispanic alone,45-49,NA,9,610,85228
Hispanic alone,45-49,NA,10,108,14301
Hispanic alone,45-49,NA,11,61,10411
Hispanic alone,45-49,NA,12,3306,461195
Hispanic alone,45-49,NA,13,1075,142706
Hispanic alone,45-49,NA,15,134,16188
Hispanic alone,45-49,NA,16,187,25338
Hispanic alone,45-49,NA,17,2049,293390
Hispanic alone,45-49,NA,18,431,61601
Hispanic alone,45-49,NA,19,118,19449
Hispanic alone,45-49,NA,20,238,36517
Hispanic alone,45-49,NA,21,139,16063
Hispanic alone,45-49,NA,22,231,23962
Hispanic alone,45-49,NA,23,11,1132
Hispanic alone,45-49,NA,24,809,119071
Hispanic alone,45-49,NA,25,755,108143
Hispanic alone,45-49,NA,26,374,48707
Hispanic alone,45-49,NA,27,194,36270
Hispanic alone,45-49,NA,28,111,13084
Hispanic alone,45-49,NA,29,187,24280
Hispanic alone,45-49,NA,30,15,1677
Hispanic alone,45-49,NA,31,120,23964
Hispanic alone,45-49,NA,32,960,112868
Hispanic alone,45-49,NA,33,28,6052
Hispanic alone,45-49,NA,34,2015,289723
Hispanic alone,45-49,NA,35,618,81551
Hispanic alone,45-49,NA,36,3789,553135
Hispanic alone,45-49,NA,37,1224,172159
Hispanic alone,45-49,NA,38,23,2637
Hispanic alone,45-49,NA,39,365,44986
Hispanic alone,45-49,NA,40,322,41376
Hispanic alone,45-49,NA,41,462,65394
Hispanic alone,45-49,NA,42,632,127647
Hispanic alone,45-49,NA,44,135,23168
Hispanic alone,45-49,NA,45,307,39114
Hispanic alone,45-49,NA,46,30,5378
Hispanic alone,45-49,NA,47,354,42482
Hispanic alone,45-49,NA,48,6530,821613
Hispanic alone,45-49,NA,49,381,51481
Hispanic alone,45-49,NA,50,6,666
Hispanic alone,45-49,NA,51,716,109314
Hispanic alone,45-49,NA,53,936,120055
Hispanic alone,45-49,NA,54,29,3019
Hispanic alone,45-49,NA,55,206,36307
Hispanic alone,45-49,NA,56,42,4462
Hispanic alone,50-54,NA,1,140,16155
Hispanic alone,50-54,NA,2,34,6090
Hispanic alone,50-54,NA,4,1455,171110
Hispanic alone,50-54,NA,5,167,18616
Hispanic alone,50-54,NA,6,17621,1903660
Hispanic alone,50-54,NA,8,732,91231
Hispanic alone,50-54,NA,9,494,61872
Hispanic alone,50-54,NA,10,66,10051
Hispanic alone,50-54,NA,11,35,5282
Hispanic alone,50-54,NA,12,3329,413170
Hispanic alone,50-54,NA,13,775,107393
Hispanic alone,50-54,NA,15,129,13008
Hispanic alone,50-54,NA,16,165,20126
Hispanic alone,50-54,NA,17,1848,263800
Hispanic alone,50-54,NA,18,361,50005
Hispanic alone,50-54,NA,19,79,10940
Hispanic alone,50-54,NA,20,184,27842
Hispanic alone,50-54,NA,21,115,13781
Hispanic alone,50-54,NA,22,147,15361
Hispanic alone,50-54,NA,23,7,649
Hispanic alone,50-54,NA,24,624,96593
Hispanic alone,50-54,NA,25,678,87856
Hispanic alone,50-54,NA,26,316,41446
Hispanic alone,50-54,NA,27,161,31282
Hispanic alone,50-54,NA,28,87,9465
Hispanic alone,50-54,NA,29,172,19943
Hispanic alone,50-54,NA,30,15,1697
Hispanic alone,50-54,NA,31,112,14890
Hispanic alone,50-54,NA,32,884,108090
Hispanic alone,50-54,NA,33,33,3270
Hispanic alone,50-54,NA,34,1892,245650
Hispanic alone,50-54,NA,35,595,76910
Hispanic alone,50-54,NA,36,3579,518953
Hispanic alone,50-54,NA,37,889,120709
Hispanic alone,50-54,NA,38,15,1877
Hispanic alone,50-54,NA,39,293,34428
Hispanic alone,50-54,NA,40,253,37005
Hispanic alone,50-54,NA,41,438,58081
Hispanic alone,50-54,NA,42,693,120095
Hispanic alone,50-54,NA,44,149,21321
Hispanic alone,50-54,NA,45,261,28322
Hispanic alone,50-54,NA,46,21,2474
Hispanic alone,50-54,NA,47,288,35300
Hispanic alone,50-54,NA,48,5938,715674
Hispanic alone,50-54,NA,49,339,46191
Hispanic alone,50-54,NA,50,6,330
Hispanic alone,50-54,NA,51,626,82043
Hispanic alone,50-54,NA,53,807,89238
Hispanic alone,50-54,NA,54,16,1724
Hispanic alone,50-54,NA,55,176,29010
Hispanic alone,50-54,NA,56,28,2923
Hispanic alone,55-59,NA,1,120,14129
Hispanic alone,55-59,NA,2,30,3790
Hispanic alone,55-59,NA,4,1372,145617
Hispanic alone,55-59,NA,5,139,17587
Hispanic alone,55-59,NA,6,15848,1661971
Hispanic alone,55-59,NA,8,612,70969
Hispanic alone,55-59,NA,9,473,62064
Hispanic alone,55-59,NA,10,43,5647
Hispanic alone,55-59,NA,11,35,5952
Hispanic alone,55-59,NA,12,2845,314971
Hispanic alone,55-59,NA,13,614,75290
Hispanic alone,55-59,NA,15,115,8826
Hispanic alone,55-59,NA,16,143,18554
Hispanic alone,55-59,NA,17,1466,202755
Hispanic alone,55-59,NA,18,289,38555
Hispanic alone,55-59,NA,19,78,10764
Hispanic alone,55-59,NA,20,170,25227
Hispanic alone,55-59,NA,21,100,12686
Hispanic alone,55-59,NA,22,126,13122
Hispanic alone,55-59,NA,23,11,624
Hispanic alone,55-59,NA,24,530,81973
Hispanic alone,55-59,NA,25,607,79105
Hispanic alone,55-59,NA,26,282,35187
Hispanic alone,55-59,NA,27,129,24295
Hispanic alone,55-59,NA,28,53,5867
Hispanic alone,55-59,NA,29,133,13923
Hispanic alone,55-59,NA,30,18,1536
Hispanic alone,55-59,NA,31,95,14429
Hispanic alone,55-59,NA,32,728,81702
Hispanic alone,55-59,NA,33,27,3855
Hispanic alone,55-59,NA,34,1650,214843
Hispanic alone,55-59,NA,35,661,75400
Hispanic alone,55-59,NA,36,3521,478275
Hispanic alone,55-59,NA,37,637,80673
Hispanic alone,55-59,NA,38,7,323
Hispanic alone,55-59,NA,39,250,28966
Hispanic alone,55-59,NA,40,217,24769
Hispanic alone,55-59,NA,41,294,35674
Hispanic alone,55-59,NA,42,549,88559
Hispanic alone,55-59,NA,44,120,17632
Hispanic alone,55-59,NA,45,174,21760
Hispanic alone,55-59,NA,46,16,1188
Hispanic alone,55-59,NA,47,185,23987
Hispanic alone,55-59,NA,48,5615,616632
Hispanic alone,55-59,NA,49,299,38179
Hispanic alone,55-59,NA,50,7,1141
Hispanic alone,55-59,NA,51,465,63266
Hispanic alone,55-59,NA,53,571,63950
Hispanic alone,55-59,NA,54,18,1194
Hispanic alone,55-59,NA,55,161,23920
Hispanic alone,55-59,NA,56,21,1895
Hispanic alone,60-64,NA,1,98,10649
Hispanic alone,60-64,NA,2,30,3126
Hispanic alone,60-64,NA,4,1235,129833
Hispanic alone,60-64,NA,5,94,9721
Hispanic alone,60-64,NA,6,13432,1344501
Hispanic alone,60-64,NA,8,607,65440
Hispanic alone,60-64,NA,9,380,48159
Hispanic alone,60-64,NA,10,46,6272
Hispanic alone,60-64,NA,11,27,4206
Hispanic alone,60-64,NA,12,2462,276453
Hispanic alone,60-64,NA,13,445,55507
Hispanic alone,60-64,NA,15,100,8228
Hispanic alone,60-64,NA,16,121,14072
Hispanic alone,60-64,NA,17,1262,175296
Hispanic alone,60-64,NA,18,219,27354
Hispanic alone,60-64,NA,19,70,9426
Hispanic alone,60-64,NA,20,126,17419
Hispanic alone,60-64,NA,21,68,5867
Hispanic alone,60-64,NA,22,140,14132
Hispanic alone,60-64,NA,23,11,932
Hispanic alone,60-64,NA,24,401,55159
Hispanic alone,60-64,NA,25,517,60610
Hispanic alone,60-64,NA,26,238,26840
Hispanic alone,60-64,NA,27,78,14136
Hispanic alone,60-64,NA,28,35,2792
Hispanic alone,60-64,NA,29,110,13006
Hispanic alone,60-64,NA,30,18,1730
Hispanic alone,60-64,NA,31,72,9197
Hispanic alone,60-64,NA,32,627,69326
Hispanic alone,60-64,NA,33,25,3555
Hispanic alone,60-64,NA,34,1285,163005
Hispanic alone,60-64,NA,35,697,73543
Hispanic alone,60-64,NA,36,2902,406923
Hispanic alone,60-64,NA,37,462,58173
Hispanic alone,60-64,NA,38,4,105
Hispanic alone,60-64,NA,39,202,20658
Hispanic alone,60-64,NA,40,182,22897
Hispanic alone,60-64,NA,41,230,30460
Hispanic alone,60-64,NA,42,424,67263
Hispanic alone,60-64,NA,44,93,13803
Hispanic alone,60-64,NA,45,140,13908
Hispanic alone,60-64,NA,46,17,2538
Hispanic alone,60-64,NA,47,157,15425
Hispanic alone,60-64,NA,48,5045,525236
Hispanic alone,60-64,NA,49,217,23739
Hispanic alone,60-64,NA,50,6,490
Hispanic alone,60-64,NA,51,379,50799
Hispanic alone,60-64,NA,53,471,48719
Hispanic alone,60-64,NA,54,17,1718
Hispanic alone,60-64,NA,55,125,17393
Hispanic alone,60-64,NA,56,47,4499
Hispanic alone,65-69,NA,1,60,5219
Hispanic alone,65-69,NA,2,16,1291
Hispanic alone,65-69,NA,4,962,94880
Hispanic alone,65-69,NA,5,62,6851
Hispanic alone,65-69,NA,6,10486,1004833
Hispanic alone,65-69,NA,8,531,49343
Hispanic alone,65-69,NA,9,290,37692
Hispanic alone,65-69,NA,10,40,6691
Hispanic alone,65-69,NA,11,26,4113
Hispanic alone,65-69,NA,12,1907,205285
Hispanic alone,65-69,NA,13,290,36799
Hispanic alone,65-69,NA,15,83,6315
Hispanic alone,65-69,NA,16,92,8601
Hispanic alone,65-69,NA,17,960,126556
Hispanic alone,65-69,NA,18,158,20684
Hispanic alone,65-69,NA,19,43,6559
Hispanic alone,65-69,NA,20,117,15955
Hispanic alone,65-69,NA,21,35,2536
Hispanic alone,65-69,NA,22,117,10066
Hispanic alone,65-69,NA,23,4,373
Hispanic alone,65-69,NA,24,257,37658
Hispanic alone,65-69,NA,25,393,46220
Hispanic alone,65-69,NA,26,175,20811
Hispanic alone,65-69,NA,27,72,10126
Hispanic alone,65-69,NA,28,36,2965
Hispanic alone,65-69,NA,29,73,7866
Hispanic alone,65-69,NA,30,24,1571
Hispanic alone,65-69,NA,31,41,6329
Hispanic alone,65-69,NA,32,387,43705
Hispanic alone,65-69,NA,33,7,514
Hispanic alone,65-69,NA,34,1020,132779
Hispanic alone,65-69,NA,35,644,58111
Hispanic alone,65-69,NA,36,2216,298588
Hispanic alone,65-69,NA,37,298,34445
Hispanic alone,65-69,NA,38,7,612
Hispanic alone,65-69,NA,39,195,20014
Hispanic alone,65-69,NA,40,120,14066
Hispanic alone,65-69,NA,41,181,20534
Hispanic alone,65-69,NA,42,323,48311
Hispanic alone,65-69,NA,44,68,7808
Hispanic alone,65-69,NA,45,102,10841
Hispanic alone,65-69,NA,46,10,2185
Hispanic alone,65-69,NA,47,106,12328
Hispanic alone,65-69,NA,48,4193,385806
Hispanic alone,65-69,NA,49,145,17231
Hispanic alone,65-69,NA,50,3,642
Hispanic alone,65-69,NA,51,259,33260
Hispanic alone,65-69,NA,53,371,36623
Hispanic alone,65-69,NA,54,10,749
Hispanic alone,65-69,NA,55,95,16205
Hispanic alone,65-69,NA,56,28,2406
Hispanic alone,70-74,NA,1,34,3167
Hispanic alone,70-74,NA,2,9,951
Hispanic alone,70-74,NA,4,718,64027
Hispanic alone,70-74,NA,5,37,3394
Hispanic alone,70-74,NA,6,7124,665882
Hispanic alone,70-74,NA,8,378,33243
Hispanic alone,70-74,NA,9,191,21297
Hispanic alone,70-74,NA,10,21,1975
Hispanic alone,70-74,NA,11,13,1694
Hispanic alone,70-74,NA,12,1515,156554
Hispanic alone,70-74,NA,13,180,20239
Hispanic alone,70-74,NA,15,56,4357
Hispanic alone,70-74,NA,16,70,7082
Hispanic alone,70-74,NA,17,658,94576
Hispanic alone,70-74,NA,18,101,13987
Hispanic alone,70-74,NA,19,37,4563
Hispanic alone,70-74,NA,20,87,10697
Hispanic alone,70-74,NA,21,13,1346
Hispanic alone,70-74,NA,22,82,6260
Hispanic alone,70-74,NA,23,6,904
Hispanic alone,70-74,NA,24,142,18406
Hispanic alone,70-74,NA,25,277,29190
Hispanic alone,70-74,NA,26,132,12583
Hispanic alone,70-74,NA,27,48,7100
Hispanic alone,70-74,NA,28,19,1942
Hispanic alone,70-74,NA,29,49,5689
Hispanic alone,70-74,NA,30,17,1523
Hispanic alone,70-74,NA,31,44,5528
Hispanic alone,70-74,NA,32,287,30677
Hispanic alone,70-74,NA,33,9,700
Hispanic alone,70-74,NA,34,660,81837
Hispanic alone,70-74,NA,35,517,52119
Hispanic alone,70-74,NA,36,1701,232601
Hispanic alone,70-74,NA,37,186,23184
Hispanic alone,70-74,NA,38,6,462
Hispanic alone,70-74,NA,39,111,9893
Hispanic alone,70-74,NA,40,83,9187
Hispanic alone,70-74,NA,41,134,15471
Hispanic alone,70-74,NA,42,249,39763
Hispanic alone,70-74,NA,44,45,6496
Hispanic alone,70-74,NA,45,65,7911
Hispanic alone,70-74,NA,46,6,391
Hispanic alone,70-74,NA,47,47,5111
Hispanic alone,70-74,NA,48,3089,274691
Hispanic alone,70-74,NA,49,101,10626
Hispanic alone,70-74,NA,50,2,169
Hispanic alone,70-74,NA,51,175,23727
Hispanic alone,70-74,NA,53,241,23459
Hispanic alone,70-74,NA,54,18,1514
Hispanic alone,70-74,NA,55,71,9869
Hispanic alone,70-74,NA,56,26,2717
Hispanic alone,75-79,NA,1,22,2560
Hispanic alone,75-79,NA,2,8,775
Hispanic alone,75-79,NA,4,466,39213
Hispanic alone,75-79,NA,5,32,2693
Hispanic alone,75-79,NA,6,4583,425559
Hispanic alone,75-79,NA,8,246,19776
Hispanic alone,75-79,NA,9,113,13669
Hispanic alone,75-79,NA,10,11,1151
Hispanic alone,75-79,NA,11,10,1731
Hispanic alone,75-79,NA,12,1013,104054
Hispanic alone,75-79,NA,13,121,12977
Hispanic alone,75-79,NA,15,46,2801
Hispanic alone,75-79,NA,16,25,2667
Hispanic alone,75-79,NA,17,403,54868
Hispanic alone,75-79,NA,18,67,7960
Hispanic alone,75-79,NA,19,12,1349
Hispanic alone,75-79,NA,20,39,3216
Hispanic alone,75-79,NA,21,14,1043
Hispanic alone,75-79,NA,22,42,3257
Hispanic alone,75-79,NA,23,1,48
Hispanic alone,75-79,NA,24,86,11201
Hispanic alone,75-79,NA,25,198,21907
Hispanic alone,75-79,NA,26,106,9733
Hispanic alone,75-79,NA,27,23,2663
Hispanic alone,75-79,NA,28,15,1387
Hispanic alone,75-79,NA,29,36,3841
Hispanic alone,75-79,NA,30,8,298
Hispanic alone,75-79,NA,31,24,2446
Hispanic alone,75-79,NA,32,170,18054
Hispanic alone,75-79,NA,33,5,649
Hispanic alone,75-79,NA,34,429,53281
Hispanic alone,75-79,NA,35,344,30939
Hispanic alone,75-79,NA,36,1096,148387
Hispanic alone,75-79,NA,37,94,10178
Hispanic alone,75-79,NA,38,2,23
Hispanic alone,75-79,NA,39,86,8090
Hispanic alone,75-79,NA,40,45,5845
Hispanic alone,75-79,NA,41,73,7706
Hispanic alone,75-79,NA,42,134,22106
Hispanic alone,75-79,NA,44,40,6034
Hispanic alone,75-79,NA,45,38,3619
Hispanic alone,75-79,NA,46,3,309
Hispanic alone,75-79,NA,47,45,5315
Hispanic alone,75-79,NA,48,1871,158023
Hispanic alone,75-79,NA,49,54,5290
Hispanic alone,75-79,NA,51,88,10368
Hispanic alone,75-79,NA,53,114,10056
Hispanic alone,75-79,NA,54,6,453
Hispanic alone,75-79,NA,55,42,3065
Hispanic alone,75-79,NA,56,18,2023
Hispanic alone,80+,NA,1,20,2452
Hispanic alone,80+,NA,2,8,737
Hispanic alone,80+,NA,4,505,44629
Hispanic alone,80+,NA,5,25,1606
Hispanic alone,80+,NA,6,5560,481515
Hispanic alone,80+,NA,8,334,25586
Hispanic alone,80+,NA,9,129,14520
Hispanic alone,80+,NA,10,11,985
Hispanic alone,80+,NA,11,8,1051
Hispanic alone,80+,NA,12,1276,125610
Hispanic alone,80+,NA,13,97,10387
Hispanic alone,80+,NA,15,36,2077
Hispanic alone,80+,NA,16,37,4557
Hispanic alone,80+,NA,17,437,52109
Hispanic alone,80+,NA,18,80,8805
Hispanic alone,80+,NA,19,14,851
Hispanic alone,80+,NA,20,47,6613
Hispanic alone,80+,NA,21,22,1381
Hispanic alone,80+,NA,22,53,3638
Hispanic alone,80+,NA,23,2,206
Hispanic alone,80+,NA,24,112,12897
Hispanic alone,80+,NA,25,203,19845
Hispanic alone,80+,NA,26,93,8968
Hispanic alone,80+,NA,27,25,2375
Hispanic alone,80+,NA,28,14,984
Hispanic alone,80+,NA,29,49,5472
Hispanic alone,80+,NA,30,7,540
Hispanic alone,80+,NA,31,23,2551
Hispanic alone,80+,NA,32,169,17780
Hispanic alone,80+,NA,33,4,904
Hispanic alone,80+,NA,34,473,60157
Hispanic alone,80+,NA,35,389,33092
Hispanic alone,80+,NA,36,1488,190538
Hispanic alone,80+,NA,37,117,12199
Hispanic alone,80+,NA,38,2,117
Hispanic alone,80+,NA,39,89,8438
Hispanic alone,80+,NA,40,53,5155
Hispanic alone,80+,NA,41,66,7421
Hispanic alone,80+,NA,42,148,23287
Hispanic alone,80+,NA,44,35,4658
Hispanic alone,80+,NA,45,55,5725
Hispanic alone,80+,NA,46,7,1506
Hispanic alone,80+,NA,47,39,2961
Hispanic alone,80+,NA,48,2086,171140
Hispanic alone,80+,NA,49,52,5444
Hispanic alone,80+,NA,50,4,230
Hispanic alone,80+,NA,51,103,12137
Hispanic alone,80+,NA,53,159,13037
Hispanic alone,80+,NA,54,7,425
Hispanic alone,80+,NA,55,29,4759
Hispanic alone,80+,NA,56,13,993
NA,0-4,NA,1,662,74465
NA,0-4,NA,2,257,29708
NA,0-4,NA,4,966,108415
NA,0-4,NA,5,536,51307
NA,0-4,NA,6,6160,676683
NA,0-4,NA,8,911,95741
NA,0-4,NA,9,514,58136
NA,0-4,NA,10,173,21775
NA,0-4,NA,11,168,21089
NA,0-4,NA,12,2391,317104
NA,0-4,NA,13,1738,212313
NA,0-4,NA,15,913,110898
NA,0-4,NA,16,239,22571
NA,0-4,NA,17,1706,188289
NA,0-4,NA,18,1082,125055
NA,0-4,NA,19,381,49444
NA,0-4,NA,20,516,55992
NA,0-4,NA,21,762,85149
NA,0-4,NA,22,695,83433
NA,0-4,NA,23,147,14371
NA,0-4,NA,24,1238,127721
NA,0-4,NA,25,1052,119296
NA,0-4,NA,26,1505,185976
NA,0-4,NA,27,768,109751
NA,0-4,NA,28,371,47542
NA,0-4,NA,29,1003,115188
NA,0-4,NA,30,130,13408
NA,0-4,NA,31,274,34825
NA,0-4,NA,32,578,79099
NA,0-4,NA,33,151,14801
NA,0-4,NA,34,1265,135464
NA,0-4,NA,35,153,16160
NA,0-4,NA,36,2705,312069
NA,0-4,NA,37,1921,230936
NA,0-4,NA,38,133,18756
NA,0-4,NA,39,1891,227414
NA,0-4,NA,40,1484,148711
NA,0-4,NA,41,794,75740
NA,0-4,NA,42,1541,193028
NA,0-4,NA,44,133,16510
NA,0-4,NA,45,859,97838
NA,0-4,NA,46,127,15525
NA,0-4,NA,47,1106,127424
NA,0-4,NA,48,3498,384360
NA,0-4,NA,49,517,55805
NA,0-4,NA,50,59,6694
NA,0-4,NA,51,1907,201490
NA,0-4,NA,53,2050,207904
NA,0-4,NA,54,220,19542
NA,0-4,NA,55,589,84423
NA,0-4,NA,56,84,6876
NA,5-9,NA,1,659,70622
NA,5-9,NA,2,248,32977
NA,5-9,NA,4,1052,115767
NA,5-9,NA,5,551,51098
NA,5-9,NA,6,6399,673206
NA,5-9,NA,8,963,90940
NA,5-9,NA,9,546,59097
NA,5-9,NA,10,158,21386
NA,5-9,NA,11,133,13718
NA,5-9,NA,12,2587,321736
NA,5-9,NA,13,1750,204261
NA,5-9,NA,15,1059,104967
NA,5-9,NA,16,277,23899
NA,5-9,NA,17,1839,190453
NA,5-9,NA,18,1118,126218
NA,5-9,NA,19,414,50186
NA,5-9,NA,20,551,58722
NA,5-9,NA,21,699,75379
NA,5-9,NA,22,724,87104
NA,5-9,NA,23,164,17314
NA,5-9,NA,24,1270,126541
NA,5-9,NA,25,1096,113181
NA,5-9,NA,26,1555,181593
NA,5-9,NA,27,871,129694
NA,5-9,NA,28,349,48002
NA,5-9,NA,29,1008,110133
NA,5-9,NA,30,178,20308
NA,5-9,NA,31,302,36587
NA,5-9,NA,32,667,79868
NA,5-9,NA,33,130,11783
NA,5-9,NA,34,1280,130032
NA,5-9,NA,35,191,18593
NA,5-9,NA,36,2686,277770
NA,5-9,NA,37,1853,205497
NA,5-9,NA,38,129,13280
NA,5-9,NA,39,1974,220802
NA,5-9,NA,40,1584,144185
NA,5-9,NA,41,871,78927
NA,5-9,NA,42,1708,206965
NA,5-9,NA,44,136,16568
NA,5-9,NA,45,875,91516
NA,5-9,NA,46,129,14257
NA,5-9,NA,47,1063,115927
NA,5-9,NA,48,3736,378085
NA,5-9,NA,49,551,55120
NA,5-9,NA,50,69,6056
NA,5-9,NA,51,2017,194649
NA,5-9,NA,53,2169,207601
NA,5-9,NA,54,260,23911
NA,5-9,NA,55,687,88027
NA,5-9,NA,56,107,7781
NA,10-14,NA,1,675,66894
NA,10-14,NA,2,283,36533
NA,10-14,NA,4,1086,120553
NA,10-14,NA,5,567,52037
NA,10-14,NA,6,6471,670993
NA,10-14,NA,8,1040,95061
NA,10-14,NA,9,548,58439
NA,10-14,NA,10,166,20169
NA,10-14,NA,11,76,7213
NA,10-14,NA,12,2628,321390
NA,10-14,NA,13,1782,203388
NA,10-14,NA,15,1188,113731
NA,10-14,NA,16,344,30263
NA,10-14,NA,17,1805,187097
NA,10-14,NA,18,1067,122621
NA,10-14,NA,19,407,45770
NA,10-14,NA,20,592,61111
NA,10-14,NA,21,697,78694
NA,10-14,NA,22,650,73582
NA,10-14,NA,23,163,14392
NA,10-14,NA,24,1310,122427
NA,10-14,NA,25,1123,113072
NA,10-14,NA,26,1537,176431
NA,10-14,NA,27,892,119928
NA,10-14,NA,28,346,35609
NA,10-14,NA,29,1074,111331
NA,10-14,NA,30,196,20674
NA,10-14,NA,31,340,38667
NA,10-14,NA,32,638,73276
NA,10-14,NA,33,170,15191
NA,10-14,NA,34,1277,133956
NA,10-14,NA,35,219,23205
NA,10-14,NA,36,2608,267671
NA,10-14,NA,37,1738,196790
NA,10-14,NA,38,127,14973
NA,10-14,NA,39,1970,218358
NA,10-14,NA,40,1665,141645
NA,10-14,NA,41,904,81714
NA,10-14,NA,42,1568,187830
NA,10-14,NA,44,132,16919
NA,10-14,NA,45,841,88211
NA,10-14,NA,46,160,17301
NA,10-14,NA,47,1107,117649
NA,10-14,NA,48,3709,371517
NA,10-14,NA,49,566,54212
NA,10-14,NA,50,90,10202
NA,10-14,NA,51,1989,188859
NA,10-14,NA,53,2167,199000
NA,10-14,NA,54,277,25533
NA,10-14,NA,55,762,90718
NA,10-14,NA,56,118,9474
NA,15-19,NA,1,721,69301
NA,15-19,NA,2,265,29740
NA,15-19,NA,4,1144,113784
NA,15-19,NA,5,548,45966
NA,15-19,NA,6,6508,584850
NA,15-19,NA,8,925,83345
NA,15-19,NA,9,630,59197
NA,15-19,NA,10,130,14539
NA,15-19,NA,11,105,8610
NA,15-19,NA,12,2649,295539
NA,15-19,NA,13,1708,176379
NA,15-19,NA,15,1132,97041
NA,15-19,NA,16,286,24028
NA,15-19,NA,17,1584,158606
NA,15-19,NA,18,1104,114778
NA,15-19,NA,19,411,45310
NA,15-19,NA,20,573,58106
NA,15-19,NA,21,701,70281
NA,15-19,NA,22,576,59457
NA,15-19,NA,23,180,14011
NA,15-19,NA,24,1142,113327
NA,15-19,NA,25,1232,109129
NA,15-19,NA,26,1442,149439
NA,15-19,NA,27,840,99517
NA,15-19,NA,28,360,43224
NA,15-19,NA,29,1154,106307
NA,15-19,NA,30,142,14359
NA,15-19,NA,31,269,30591
NA,15-19,NA,32,631,66696
NA,15-19,NA,33,184,16281
NA,15-19,NA,34,1024,102487
NA,15-19,NA,35,210,21920
NA,15-19,NA,36,2573,222626
NA,15-19,NA,37,1822,176437
NA,15-19,NA,38,98,8699
NA,15-19,NA,39,1936,202125
NA,15-19,NA,40,1577,134496
NA,15-19,NA,41,913,79119
NA,15-19,NA,42,1761,185475
NA,15-19,NA,44,157,16786
NA,15-19,NA,45,811,79874
NA,15-19,NA,46,120,13916
NA,15-19,NA,47,1053,99530
NA,15-19,NA,48,3405,311233
NA,15-19,NA,49,567,50590
NA,15-19,NA,50,109,9340
NA,15-19,NA,51,1804,166345
NA,15-19,NA,53,2008,169634
NA,15-19,NA,54,260,24340
NA,15-19,NA,55,718,75083
NA,15-19,NA,56,115,8486
NA,20-24,NA,1,505,53221
NA,20-24,NA,2,158,17431
NA,20-24,NA,4,881,100487
NA,20-24,NA,5,411,41042
NA,20-24,NA,6,4764,452119
NA,20-24,NA,8,701,75155
NA,20-24,NA,9,396,40896
NA,20-24,NA,10,113,14976
NA,20-24,NA,11,112,8327
NA,20-24,NA,12,1901,219997
NA,20-24,NA,13,1194,137980
NA,20-24,NA,15,761,76433
NA,20-24,NA,16,178,17731
NA,20-24,NA,17,1120,136212
NA,20-24,NA,18,824,95213
NA,20-24,NA,19,275,32938
NA,20-24,NA,20,397,46425
NA,20-24,NA,21,525,53927
NA,20-24,NA,22,412,44867
NA,20-24,NA,23,154,12128
NA,20-24,NA,24,725,79976
NA,20-24,NA,25,1072,96591
NA,20-24,NA,26,999,126710
NA,20-24,NA,27,515,69930
NA,20-24,NA,28,259,34324
NA,20-24,NA,29,749,81354
NA,20-24,NA,30,101,12722
NA,20-24,NA,31,183,24466
NA,20-24,NA,32,419,48286
NA,20-24,NA,33,143,15792
NA,20-24,NA,34,692,80483
NA,20-24,NA,35,150,17701
NA,20-24,NA,36,2122,196314
NA,20-24,NA,37,1341,136481
NA,20-24,NA,38,62,10189
NA,20-24,NA,39,1370,155852
NA,20-24,NA,40,1054,118120
NA,20-24,NA,41,628,62714
NA,20-24,NA,42,1223,151983
NA,20-24,NA,44,132,15878
NA,20-24,NA,45,598,70861
NA,20-24,NA,46,72,8848
NA,20-24,NA,47,801,89746
NA,20-24,NA,48,2482,262269
NA,20-24,NA,49,425,48451
NA,20-24,NA,50,71,7668
NA,20-24,NA,51,1317,139242
NA,20-24,NA,53,1546,161377
NA,20-24,NA,54,181,19844
NA,20-24,NA,55,440,65050
NA,20-24,NA,56,53,5021
NA,25-29,NA,1,396,39041
NA,25-29,NA,2,164,21767
NA,25-29,NA,4,791,94378
NA,25-29,NA,5,329,31905
NA,25-29,NA,6,4737,500702
NA,25-29,NA,8,795,80220
NA,25-29,NA,9,309,34403
NA,25-29,NA,10,101,14420
NA,25-29,NA,11,138,13609
NA,25-29,NA,12,1829,214559
NA,25-29,NA,13,1150,135321
NA,25-29,NA,15,812,83106
NA,25-29,NA,16,180,16694
NA,25-29,NA,17,1009,118278
NA,25-29,NA,18,601,67644
NA,25-29,NA,19,202,28108
NA,25-29,NA,20,321,40999
NA,25-29,NA,21,441,51391
NA,25-29,NA,22,339,38615
NA,25-29,NA,23,103,11060
NA,25-29,NA,24,632,69909
NA,25-29,NA,25,810,83255
NA,25-29,NA,26,950,120341
NA,25-29,NA,27,489,81643
NA,25-29,NA,28,208,23913
NA,25-29,NA,29,688,69887
NA,25-29,NA,30,121,13593
NA,25-29,NA,31,172,23817
NA,25-29,NA,32,454,51668
NA,25-29,NA,33,113,12425
NA,25-29,NA,34,686,77177
NA,25-29,NA,35,138,14862
NA,25-29,NA,36,1963,216923
NA,25-29,NA,37,1175,136931
NA,25-29,NA,38,75,11364
NA,25-29,NA,39,1247,147091
NA,25-29,NA,40,953,100954
NA,25-29,NA,41,694,72828
NA,25-29,NA,42,983,124617
NA,25-29,NA,44,114,14997
NA,25-29,NA,45,543,62962
NA,25-29,NA,46,74,9750
NA,25-29,NA,47,702,77038
NA,25-29,NA,48,2440,261696
NA,25-29,NA,49,377,39592
NA,25-29,NA,50,39,3778
NA,25-29,NA,51,1165,123687
NA,25-29,NA,53,1412,159923
NA,25-29,NA,54,150,15266
NA,25-29,NA,55,404,56072
NA,25-29,NA,56,50,3858
NA,30-34,NA,1,448,38726
NA,30-34,NA,2,191,24926
NA,30-34,NA,4,794,92066
NA,30-34,NA,5,360,30978
NA,30-34,NA,6,4870,524382
NA,30-34,NA,8,798,80874
NA,30-34,NA,9,344,41403
NA,30-34,NA,10,76,9362
NA,30-34,NA,11,147,15768
NA,30-34,NA,12,1877,204566
NA,30-34,NA,13,1083,120514
NA,30-34,NA,15,898,91908
NA,30-34,NA,16,209,21858
NA,30-34,NA,17,1012,112314
NA,30-34,NA,18,653,72193
NA,30-34,NA,19,224,27731
NA,30-34,NA,20,328,33688
NA,30-34,NA,21,422,50939
NA,30-34,NA,22,363,42180
NA,30-34,NA,23,139,12492
NA,30-34,NA,24,723,78010
NA,30-34,NA,25,733,77396
NA,30-34,NA,26,994,109666
NA,30-34,NA,27,464,58188
NA,30-34,NA,28,186,20096
NA,30-34,NA,29,687,66965
NA,30-34,NA,30,130,15575
NA,30-34,NA,31,143,19325
NA,30-34,NA,32,485,58286
NA,30-34,NA,33,121,13770
NA,30-34,NA,34,690,80815
NA,30-34,NA,35,154,16927
NA,30-34,NA,36,1900,205560
NA,30-34,NA,37,1049,111054
NA,30-34,NA,38,70,9454
NA,30-34,NA,39,1191,137590
NA,30-34,NA,40,1037,101270
NA,30-34,NA,41,755,72302
NA,30-34,NA,42,973,110861
NA,30-34,NA,44,88,11550
NA,30-34,NA,45,467,52453
NA,30-34,NA,46,77,10920
NA,30-34,NA,47,715,70351
NA,30-34,NA,48,2496,269138
NA,30-34,NA,49,329,34835
NA,30-34,NA,50,53,5577
NA,30-34,NA,51,1121,120644
NA,30-34,NA,53,1504,156835
NA,30-34,NA,54,129,12346
NA,30-34,NA,55,374,47074
NA,30-34,NA,56,65,6394
NA,35-39,NA,1,418,36326
NA,35-39,NA,2,175,22222
NA,35-39,NA,4,724,76929
NA,35-39,NA,5,346,29561
NA,35-39,NA,6,4441,453388
NA,35-39,NA,8,722,69437
NA,35-39,NA,9,306,31952
NA,35-39,NA,10,80,7773
NA,35-39,NA,11,107,11026
NA,35-39,NA,12,1730,184627
NA,35-39,NA,13,958,108748
NA,35-39,NA,15,866,88310
NA,35-39,NA,16,196,17013
NA,35-39,NA,17,884,92931
NA,35-39,NA,18,600,55460
NA,35-39,NA,19,214,21763
NA,35-39,NA,20,338,33297
NA,35-39,NA,21,373,38364
NA,35-39,NA,22,376,39770
NA,35-39,NA,23,102,7942
NA,35-39,NA,24,705,75913
NA,35-39,NA,25,694,75234
NA,35-39,NA,26,861,86826
NA,35-39,NA,27,441,57029
NA,35-39,NA,28,170,19958
NA,35-39,NA,29,630,56446
NA,35-39,NA,30,122,12782
NA,35-39,NA,31,151,16735
NA,35-39,NA,32,455,48220
NA,35-39,NA,33,106,12662
NA,35-39,NA,34,657,68601
NA,35-39,NA,35,148,19676
NA,35-39,NA,36,1786,176465
NA,35-39,NA,37,1028,105703
NA,35-39,NA,38,69,6434
NA,35-39,NA,39,1054,102530
NA,35-39,NA,40,939,85773
NA,35-39,NA,41,685,59440
NA,35-39,NA,42,916,101025
NA,35-39,NA,44,85,10576
NA,35-39,NA,45,416,39845
NA,35-39,NA,46,82,10239
NA,35-39,NA,47,664,65593
NA,35-39,NA,48,2456,231971
NA,35-39,NA,49,268,30205
NA,35-39,NA,50,43,5106
NA,35-39,NA,51,968,96683
NA,35-39,NA,53,1467,143706
NA,35-39,NA,54,139,12768
NA,35-39,NA,55,410,49005
NA,35-39,NA,56,57,5712
NA,40-44,NA,1,418,34870
NA,40-44,NA,2,142,15253
NA,40-44,NA,4,631,72296
NA,40-44,NA,5,353,25127
NA,40-44,NA,6,3859,388501
NA,40-44,NA,8,630,58555
NA,40-44,NA,9,277,28012
NA,40-44,NA,10,70,8879
NA,40-44,NA,11,84,8673
NA,40-44,NA,12,1760,184991
NA,40-44,NA,13,936,102219
NA,40-44,NA,15,866,84093
NA,40-44,NA,16,205,15818
NA,40-44,NA,17,871,90150
NA,40-44,NA,18,541,52765
NA,40-44,NA,19,191,18439
NA,40-44,NA,20,280,24608
NA,40-44,NA,21,421,40464
NA,40-44,NA,22,404,37680
NA,40-44,NA,23,100,9438
NA,40-44,NA,24,604,60048
NA,40-44,NA,25,611,69217
NA,40-44,NA,26,852,79887
NA,40-44,NA,27,365,45271
NA,40-44,NA,28,190,23137
NA,40-44,NA,29,637,51221
NA,40-44,NA,30,119,13623
NA,40-44,NA,31,148,17457
NA,40-44,NA,32,416,43815
NA,40-44,NA,33,103,8939
NA,40-44,NA,34,603,68642
NA,40-44,NA,35,140,19579
NA,40-44,NA,36,1515,152511
NA,40-44,NA,37,950,97789
NA,40-44,NA,38,61,5974
NA,40-44,NA,39,981,92876
NA,40-44,NA,40,886,78797
NA,40-44,NA,41,615,56542
NA,40-44,NA,42,812,91629
NA,40-44,NA,44,73,8339
NA,40-44,NA,45,405,41626
NA,40-44,NA,46,83,7062
NA,40-44,NA,47,656,59610
NA,40-44,NA,48,2274,204779
NA,40-44,NA,49,247,28009
NA,40-44,NA,50,57,5451
NA,40-44,NA,51,915,90889
NA,40-44,NA,53,1205,114951
NA,40-44,NA,54,161,14235
NA,40-44,NA,55,376,36653
NA,40-44,NA,56,68,5568
NA,45-49,NA,1,388,30895
NA,45-49,NA,2,121,15594
NA,45-49,NA,4,520,50243
NA,45-49,NA,5,278,18947
NA,45-49,NA,6,3182,303474
NA,45-49,NA,8,566,50476
NA,45-49,NA,9,235,23142
NA,45-49,NA,10,63,5753
NA,45-49,NA,11,38,3601
NA,45-49,NA,12,1525,143209
NA,45-49,NA,13,934,89604
NA,45-49,NA,15,749,70855
NA,45-49,NA,16,158,15546
NA,45-49,NA,17,764,65161
NA,45-49,NA,18,457,41833
NA,45-49,NA,19,170,17907
NA,45-49,NA,20,245,25132
NA,45-49,NA,21,370,35083
NA,45-49,NA,22,320,29161
NA,45-49,NA,23,74,6488
NA,45-49,NA,24,486,47501
NA,45-49,NA,25,525,54376
NA,45-49,NA,26,751,69061
NA,45-49,NA,27,346,39566
NA,45-49,NA,28,180,16393
NA,45-49,NA,29,546,44246
NA,45-49,NA,30,105,11692
NA,45-49,NA,31,128,12633
NA,45-49,NA,32,342,34939
NA,45-49,NA,33,70,7051
NA,45-49,NA,34,566,59932
NA,45-49,NA,35,119,13964
NA,45-49,NA,36,1417,139299
NA,45-49,NA,37,824,75950
NA,45-49,NA,38,49,5560
NA,45-49,NA,39,913,91309
NA,45-49,NA,40,767,64231
NA,45-49,NA,41,541,47034
NA,45-49,NA,42,761,72593
NA,45-49,NA,44,69,8604
NA,45-49,NA,45,395,37631
NA,45-49,NA,46,53,5128
NA,45-49,NA,47,623,51341
NA,45-49,NA,48,2002,171840
NA,45-49,NA,49,192,20450
NA,45-49,NA,50,52,5544
NA,45-49,NA,51,809,77564
NA,45-49,NA,53,990,88121
NA,45-49,NA,54,108,9846
NA,45-49,NA,55,331,33697
NA,45-49,NA,56,49,3716
NA,50-54,NA,1,446,31897
NA,50-54,NA,2,101,12535
NA,50-54,NA,4,532,49424
NA,50-54,NA,5,340,23559
NA,50-54,NA,6,3175,282436
NA,50-54,NA,8,505,42936
NA,50-54,NA,9,246,25503
NA,50-54,NA,10,67,6993
NA,50-54,NA,11,58,5032
NA,50-54,NA,12,1591,130884
NA,50-54,NA,13,913,84712
NA,50-54,NA,15,743,61617
NA,50-54,NA,16,178,13909
NA,50-54,NA,17,785,64560
NA,50-54,NA,18,478,41574
NA,50-54,NA,19,145,13519
NA,50-54,NA,20,221,17986
NA,50-54,NA,21,391,36546
NA,50-54,NA,22,294,24263
NA,50-54,NA,23,132,9896
NA,50-54,NA,24,525,51880
NA,50-54,NA,25,523,48962
NA,50-54,NA,26,727,61237
NA,50-54,NA,27,332,33550
NA,50-54,NA,28,165,15291
NA,50-54,NA,29,628,44075
NA,50-54,NA,30,80,9383
NA,50-54,NA,31,106,9540
NA,50-54,NA,32,332,29779
NA,50-54,NA,33,102,9808
NA,50-54,NA,34,528,52531
NA,50-54,NA,35,121,10499
NA,50-54,NA,36,1385,123549
NA,50-54,NA,37,868,77136
NA,50-54,NA,38,39,3776
NA,50-54,NA,39,936,78838
NA,50-54,NA,40,763,53481
NA,50-54,NA,41,482,41005
NA,50-54,NA,42,740,68436
NA,50-54,NA,44,75,8193
NA,50-54,NA,45,394,30912
NA,50-54,NA,46,31,3181
NA,50-54,NA,47,653,47353
NA,50-54,NA,48,2032,166340
NA,50-54,NA,49,149,12972
NA,50-54,NA,50,54,4274
NA,50-54,NA,51,737,63251
NA,50-54,NA,53,903,72749
NA,50-54,NA,54,125,10394
NA,50-54,NA,55,341,31396
NA,50-54,NA,56,61,5379
NA,55-59,NA,1,487,34122
NA,55-59,NA,2,105,8280
NA,55-59,NA,4,542,43379
NA,55-59,NA,5,374,22735
NA,55-59,NA,6,3056,251281
NA,55-59,NA,8,438,32282
NA,55-59,NA,9,239,22715
NA,55-59,NA,10,76,7452
NA,55-59,NA,11,52,4912
NA,55-59,NA,12,1595,124918
NA,55-59,NA,13,822,66067
NA,55-59,NA,15,672,57516
NA,55-59,NA,16,141,10312
NA,55-59,NA,17,760,58048
NA,55-59,NA,18,474,34610
NA,55-59,NA,19,141,10879
NA,55-59,NA,20,252,18187
NA,55-59,NA,21,365,27639
NA,55-59,NA,22,319,23282
NA,55-59,NA,23,119,7796
NA,55-59,NA,24,469,41125
NA,55-59,NA,25,502,46941
NA,55-59,NA,26,717,50069
NA,55-59,NA,27,321,26367
NA,55-59,NA,28,193,16184
NA,55-59,NA,29,596,39194
NA,55-59,NA,30,99,8722
NA,55-59,NA,31,99,7923
NA,55-59,NA,32,283,22582
NA,55-59,NA,33,97,6789
NA,55-59,NA,34,519,44881
NA,55-59,NA,35,134,12899
NA,55-59,NA,36,1459,126745
NA,55-59,NA,37,805,59786
NA,55-59,NA,38,56,3358
NA,55-59,NA,39,837,61896
NA,55-59,NA,40,814,54571
NA,55-59,NA,41,472,33701
NA,55-59,NA,42,658,52909
NA,55-59,NA,44,73,8519
NA,55-59,NA,45,397,30279
NA,55-59,NA,46,34,3495
NA,55-59,NA,47,626,40864
NA,55-59,NA,48,1955,137237
NA,55-59,NA,49,134,12874
NA,55-59,NA,50,66,5015
NA,55-59,NA,51,694,57369
NA,55-59,NA,53,863,66280
NA,55-59,NA,54,132,11145
NA,55-59,NA,55,340,25283
NA,55-59,NA,56,58,4317
NA,60-64,NA,1,485,30120
NA,60-64,NA,2,130,9424
NA,60-64,NA,4,560,42679
NA,60-64,NA,5,386,21075
NA,60-64,NA,6,3078,241320
NA,60-64,NA,8,449,33169
NA,60-64,NA,9,220,19723
NA,60-64,NA,10,77,5613
NA,60-64,NA,11,43,3488
NA,60-64,NA,12,1615,124201
NA,60-64,NA,13,832,64590
NA,60-64,NA,15,694,54688
NA,60-64,NA,16,161,12187
NA,60-64,NA,17,757,55279
NA,60-64,NA,18,490,36076
NA,60-64,NA,19,187,15825
NA,60-64,NA,20,272,16143
NA,60-64,NA,21,387,30389
NA,60-64,NA,22,367,25395
NA,60-64,NA,23,102,8808
NA,60-64,NA,24,503,42914
NA,60-64,NA,25,466,42217
NA,60-64,NA,26,764,52414
NA,60-64,NA,27,324,28196
NA,60-64,NA,28,212,17198
NA,60-64,NA,29,613,39640
NA,60-64,NA,30,97,6897
NA,60-64,NA,31,116,8982
NA,60-64,NA,32,326,23339
NA,60-64,NA,33,112,8626
NA,60-64,NA,34,499,41093
NA,60-64,NA,35,137,13646
NA,60-64,NA,36,1382,116189
NA,60-64,NA,37,748,55998
NA,60-64,NA,38,58,5962
NA,60-64,NA,39,861,64916
NA,60-64,NA,40,848,56494
NA,60-64,NA,41,543,37702
NA,60-64,NA,42,681,52657
NA,60-64,NA,44,78,7106
NA,60-64,NA,45,424,31446
NA,60-64,NA,46,58,6202
NA,60-64,NA,47,657,40658
NA,60-64,NA,48,2008,124202
NA,60-64,NA,49,124,9773
NA,60-64,NA,50,69,5538
NA,60-64,NA,51,677,52777
NA,60-64,NA,53,883,67321
NA,60-64,NA,54,170,12792
NA,60-64,NA,55,340,24668
NA,60-64,NA,56,61,4844
NA,65-69,NA,1,390,22316
NA,65-69,NA,2,101,7070
NA,65-69,NA,4,476,37003
NA,65-69,NA,5,313,15516
NA,65-69,NA,6,2735,201298
NA,65-69,NA,8,385,26008
NA,65-69,NA,9,190,15744
NA,65-69,NA,10,71,5762
NA,65-69,NA,11,38,2821
NA,65-69,NA,12,1351,98430
NA,65-69,NA,13,651,49240
NA,65-69,NA,15,641,50135
NA,65-69,NA,16,141,10363
NA,65-69,NA,17,593,41563
NA,65-69,NA,18,425,31297
NA,65-69,NA,19,117,9557
NA,65-69,NA,20,234,12879
NA,65-69,NA,21,298,20128
NA,65-69,NA,22,351,22600
NA,65-69,NA,23,99,7385
NA,65-69,NA,24,377,29820
NA,65-69,NA,25,372,27606
NA,65-69,NA,26,689,45928
NA,65-69,NA,27,266,17686
NA,65-69,NA,28,192,13631
NA,65-69,NA,29,560,33965
NA,65-69,NA,30,96,6839
NA,65-69,NA,31,82,6072
NA,65-69,NA,32,234,18015
NA,65-69,NA,33,88,6682
NA,65-69,NA,34,392,32358
NA,65-69,NA,35,153,13232
NA,65-69,NA,36,1152,92086
NA,65-69,NA,37,660,47215
NA,65-69,NA,38,42,3996
NA,65-69,NA,39,757,53609
NA,65-69,NA,40,750,48397
NA,65-69,NA,41,457,31778
NA,65-69,NA,42,544,34989
NA,65-69,NA,44,68,5826
NA,65-69,NA,45,340,24064
NA,65-69,NA,46,50,3893
NA,65-69,NA,47,526,31344
NA,65-69,NA,48,1766,108708
NA,65-69,NA,49,121,9356
NA,65-69,NA,50,51,3110
NA,65-69,NA,51,480,34620
NA,65-69,NA,53,757,56274
NA,65-69,NA,54,136,10707
NA,65-69,NA,55,269,18394
NA,65-69,NA,56,63,3910
NA,70-74,NA,1,278,16959
NA,70-74,NA,2,59,5060
NA,70-74,NA,4,398,27853
NA,70-74,NA,5,252,12931
NA,70-74,NA,6,2014,146423
NA,70-74,NA,8,233,16109
NA,70-74,NA,9,123,9109
NA,70-74,NA,10,59,4041
NA,70-74,NA,11,24,1724
NA,70-74,NA,12,1081,78823
NA,70-74,NA,13,500,36272
NA,70-74,NA,15,503,36927
NA,70-74,NA,16,109,7206
NA,70-74,NA,17,410,28478
NA,70-74,NA,18,277,19172
NA,70-74,NA,19,108,8838
NA,70-74,NA,20,134,9392
NA,70-74,NA,21,212,15199
NA,70-74,NA,22,241,17025
NA,70-74,NA,23,65,4624
NA,70-74,NA,24,287,20965
NA,70-74,NA,25,229,15938
NA,70-74,NA,26,472,31004
NA,70-74,NA,27,203,14964
NA,70-74,NA,28,153,10367
NA,70-74,NA,29,418,23227
NA,70-74,NA,30,84,6725
NA,70-74,NA,31,64,4750
NA,70-74,NA,32,208,15397
NA,70-74,NA,33,59,4560
NA,70-74,NA,34,283,25294
NA,70-74,NA,35,125,8485
NA,70-74,NA,36,825,64412
NA,70-74,NA,37,492,34057
NA,70-74,NA,38,14,783
NA,70-74,NA,39,485,33947
NA,70-74,NA,40,572,35442
NA,70-74,NA,41,322,23024
NA,70-74,NA,42,413,27344
NA,70-74,NA,44,46,3971
NA,70-74,NA,45,263,17463
NA,70-74,NA,46,31,3041
NA,70-74,NA,47,342,22626
NA,70-74,NA,48,1329,79825
NA,70-74,NA,49,63,4598
NA,70-74,NA,50,41,2341
NA,70-74,NA,51,375,28711
NA,70-74,NA,53,500,36196
NA,70-74,NA,54,120,9015
NA,70-74,NA,55,181,13558
NA,70-74,NA,56,40,2386
NA,75-79,NA,1,179,11239
NA,75-79,NA,2,43,4549
NA,75-79,NA,4,222,14941
NA,75-79,NA,5,168,8213
NA,75-79,NA,6,1331,97587
NA,75-79,NA,8,153,9927
NA,75-79,NA,9,63,5226
NA,75-79,NA,10,23,1118
NA,75-79,NA,11,21,1195
NA,75-79,NA,12,694,48907
NA,75-79,NA,13,334,23348
NA,75-79,NA,15,342,31916
NA,75-79,NA,16,64,4429
NA,75-79,NA,17,305,22419
NA,75-79,NA,18,188,13810
NA,75-79,NA,19,58,4744
NA,75-79,NA,20,97,5239
NA,75-79,NA,21,148,10237
NA,75-79,NA,22,180,12290
NA,75-79,NA,23,42,3360
NA,75-79,NA,24,191,13404
NA,75-79,NA,25,158,9878
NA,75-79,NA,26,326,21821
NA,75-79,NA,27,121,7911
NA,75-79,NA,28,91,5418
NA,75-79,NA,29,231,13577
NA,75-79,NA,30,43,3221
NA,75-79,NA,31,42,3171
NA,75-79,NA,32,141,10555
NA,75-79,NA,33,29,2295
NA,75-79,NA,34,195,17199
NA,75-79,NA,35,70,4912
NA,75-79,NA,36,498,42124
NA,75-79,NA,37,308,21975
NA,75-79,NA,38,20,2243
NA,75-79,NA,39,291,20154
NA,75-79,NA,40,399,25554
NA,75-79,NA,41,220,14333
NA,75-79,NA,42,240,15641
NA,75-79,NA,44,30,2522
NA,75-79,NA,45,166,11021
NA,75-79,NA,46,23,2124
NA,75-79,NA,47,264,16259
NA,75-79,NA,48,902,49705
NA,75-79,NA,49,51,3566
NA,75-79,NA,50,26,1275
NA,75-79,NA,51,224,17224
NA,75-79,NA,53,301,21620
NA,75-79,NA,54,49,4380
NA,75-79,NA,55,99,6374
NA,75-79,NA,56,26,2021
NA,80+,NA,1,168,10052
NA,80+,NA,2,48,4562
NA,80+,NA,4,212,16366
NA,80+,NA,5,140,7378
NA,80+,NA,6,1288,94995
NA,80+,NA,8,139,8603
NA,80+,NA,9,89,6967
NA,80+,NA,10,33,2795
NA,80+,NA,11,24,2163
NA,80+,NA,12,721,54166
NA,80+,NA,13,283,18076
NA,80+,NA,15,322,26060
NA,80+,NA,16,77,5095
NA,80+,NA,17,340,23820
NA,80+,NA,18,208,16044
NA,80+,NA,19,49,3323
NA,80+,NA,20,122,11700
NA,80+,NA,21,139,9159
NA,80+,NA,22,174,11936
NA,80+,NA,23,42,2413
NA,80+,NA,24,196,15061
NA,80+,NA,25,165,12966
NA,80+,NA,26,302,20296
NA,80+,NA,27,102,9177
NA,80+,NA,28,74,5032
NA,80+,NA,29,212,12041
NA,80+,NA,30,49,3584
NA,80+,NA,31,36,1626
NA,80+,NA,32,116,7513
NA,80+,NA,33,32,2201
NA,80+,NA,34,221,19049
NA,80+,NA,35,72,6206
NA,80+,NA,36,570,40778
NA,80+,NA,37,338,22150
NA,80+,NA,38,19,2282
NA,80+,NA,39,327,24292
NA,80+,NA,40,374,22300
NA,80+,NA,41,210,14201
NA,80+,NA,42,268,21719
NA,80+,NA,44,39,3330
NA,80+,NA,45,184,12520
NA,80+,NA,46,15,1315
NA,80+,NA,47,240,15045
NA,80+,NA,48,816,51454
NA,80+,NA,49,37,2470
NA,80+,NA,50,28,1992
NA,80+,NA,51,239,16906
NA,80+,NA,53,315,21683
NA,80+,NA,54,67,3464
NA,80+,NA,55,97,8988
NA,80+,NA,56,18,1060
